{"type":"FeatureCollection","crs":{"type":"name","properties":{"name":"EPSG:4326"}},"features":[{"type":"Feature","id":1,"geometry":{"type":"Polygon","coordinates":[[[-75.5190439981517,10.4327405374681],[-75.519800606477,10.4331383410829],[-75.519968139826,10.4332212541427],[-75.5202074723142,10.4333041651004],[-75.5204168891725,10.4334048448003],[-75.5206083567468,10.4335173702631],[-75.5208596598011,10.4337187341001],[-75.5211620439642,10.4343344907117],[-75.521560375717,10.4344520503878],[-75.5215654511477,10.4341474055771],[-75.5215068137242,10.4336541726545],[-75.5218731593239,10.4336544374459],[-75.5223715305878,10.4336544204258],[-75.5224900619394,10.4336490830122],[-75.5224958523771,10.4338705882467],[-75.5227230666629,10.4338728751785],[-75.5233505068434,10.4340588622182],[-75.5233372686799,10.4341117819353],[-75.5233351836191,10.434321486566],[-75.5234600310006,10.4344710996835],[-75.5234230890786,10.4352295827618],[-75.523406459063,10.435660370146],[-75.5237330732025,10.4357868860162],[-75.5236766070873,10.436986044425],[-75.5235789072726,10.4388544152428],[-75.5235397393337,10.4400879937102],[-75.5221976544854,10.4400233446173],[-75.5221584803573,10.4412396700087],[-75.5214961510259,10.441226752415],[-75.5214438926632,10.442167032906],[-75.5214609961031,10.4423550800218],[-75.5212294679123,10.4423792785893],[-75.520153302574,10.442386708743],[-75.5188225063318,10.4424352988901],[-75.5188256687787,10.4419893733881],[-75.518944386134,10.4395808406449],[-75.5173789690672,10.4395213497279],[-75.5161144117613,10.4394732868377],[-75.5161536197018,10.4388373957403],[-75.5162419159728,10.4372591204643],[-75.5166242440934,10.4366198685945],[-75.5168109503686,10.4362698861853],[-75.5169340988969,10.4361519134869],[-75.5171040250776,10.4357430595937],[-75.5176729660318,10.4343744768626],[-75.517723673551,10.4342095610096],[-75.5180375663351,10.4343494839125],[-75.5181298090211,10.434213240904],[-75.5184511027002,10.433579805437],[-75.5188760854982,10.4331379419058],[-75.5188766233898,10.4329863303042],[-75.5190439981517,10.4327405374681]]]},"properties":{"FID":1,"CODIGO":"0150","NOMBRE":"DANIEL LEMAITRE","UCG":3,"LOC":"LH","ZONA":"UCG 3","Shape__Area":620834.9912109375,"Shape__Length":3705.5807179752696}},{"type":"Feature","id":2,"geometry":{"type":"Polygon","coordinates":[[[-75.516014305434,10.4414121585906],[-75.5160623090177,10.4410182473517],[-75.51608188738,10.4404676228646],[-75.5161132191335,10.4400023061542],[-75.5161123803265,10.4396453547429],[-75.5161144117613,10.4394732868377],[-75.5173789690672,10.4395213497279],[-75.518944386134,10.4395808406449],[-75.5188256687787,10.4419893733881],[-75.5188225063318,10.4424352988901],[-75.5187744519604,10.4424825508595],[-75.5186005858686,10.4424712960109],[-75.5186005852985,10.4424471697513],[-75.5180871111768,10.4423892782027],[-75.5180838576376,10.4422203944533],[-75.5175330096601,10.4420965577041],[-75.5172125437567,10.4419509643289],[-75.5171202830705,10.4421560770545],[-75.5169168964146,10.4420593076449],[-75.516940727358,10.4419992596366],[-75.5159726979885,10.4415642860476],[-75.516014305434,10.4414121585906]]]},"properties":{"FID":2,"CODIGO":"0200","NOMBRE":"SANTA MARIA","UCG":3,"LOC":"LH","ZONA":"UCG 3","Shape__Area":91068.9541015625,"Shape__Length":1261.3249566183954}},{"type":"Feature","id":3,"geometry":{"type":"Polygon","coordinates":[[[-75.5250573098024,10.4368030398459],[-75.5250664899195,10.4367568889984],[-75.5254850230049,10.4367789916929],[-75.5255235321222,10.4368383893082],[-75.5256102901971,10.4369312498161],[-75.5258009545933,10.4370969991367],[-75.5260581969284,10.4372447714981],[-75.5262871503098,10.4372953154399],[-75.5266517445685,10.4373286116102],[-75.5267583186331,10.4373452632338],[-75.52681721548,10.4373674694192],[-75.5268849693139,10.4374370019398],[-75.5266386914859,10.4378084215239],[-75.526550046376,10.4379947321138],[-75.5262637132628,10.4389925874499],[-75.5256150370005,10.4414881943776],[-75.5255920956846,10.4417488835891],[-75.5257074458728,10.4417618508986],[-75.5261843813947,10.441745408182],[-75.5262092786067,10.442028664202],[-75.5259186475547,10.4421131456879],[-75.5253530610751,10.4422775511335],[-75.5237454313376,10.4425645314825],[-75.5214459922501,10.4428459490023],[-75.5212645545278,10.442855069261],[-75.5212294679123,10.4423792785893],[-75.5214609961031,10.4423550800218],[-75.5214438926632,10.442167032906],[-75.5214961510259,10.441226752415],[-75.5221584803573,10.4412396700087],[-75.5221976544854,10.4400233446173],[-75.5235397393337,10.4400879937102],[-75.5235789072726,10.4388544152428],[-75.5236766070873,10.436986044425],[-75.5237330732025,10.4357868860162],[-75.5239099468645,10.4358394707705],[-75.5241103886026,10.4359257268813],[-75.5243329936952,10.4360600000816],[-75.5243918227367,10.4361728149807],[-75.5244120547986,10.436438480737],[-75.5244635327411,10.4365949671438],[-75.5247760497008,10.436880636585],[-75.5249194394654,10.436998906681],[-75.5250187084828,10.4370607699648],[-75.5250462768267,10.4369333943845],[-75.5250573098024,10.4368030398459]]]},"properties":{"FID":3,"CODIGO":"0250","NOMBRE":"CANAPOTE","UCG":3,"LOC":"LH","ZONA":"UCG 3","Shape__Area":245551.51171875,"Shape__Length":2706.6176081869726}},{"type":"Feature","id":4,"geometry":{"type":"Polygon","coordinates":[[[-75.5255920956846,10.4417488835891],[-75.5256150370005,10.4414881943776],[-75.5262637132628,10.4389925874499],[-75.526550046376,10.4379947321138],[-75.5266386914859,10.4378084215239],[-75.5268849693139,10.4374370019398],[-75.527507047706,10.436666068602],[-75.5284415647296,10.4355713310904],[-75.5304395629435,10.4346381551607],[-75.5308155869701,10.435239359474],[-75.5311660854595,10.435715973158],[-75.5312239914811,10.4357551863707],[-75.5313215207599,10.4358728307498],[-75.5315043895042,10.4361111368698],[-75.5318869724278,10.4367449167806],[-75.5317406201004,10.4367959080107],[-75.5316557562109,10.4367376653737],[-75.5315337441336,10.4367879210497],[-75.5313128536072,10.4368753980454],[-75.5310787169533,10.437085323939],[-75.5308489943485,10.4372383984259],[-75.5306722796261,10.4372777675987],[-75.5306281057539,10.4373652333045],[-75.5305530068717,10.4374614471794],[-75.5304734843578,10.4374658251355],[-75.5304160539192,10.4375095601019],[-75.5302033454307,10.4375831745696],[-75.5301165775603,10.437558317537],[-75.5300303830357,10.4375730139285],[-75.5299898546725,10.4375865772829],[-75.5299300891267,10.4376407834742],[-75.5298461525288,10.4377107587949],[-75.5298063929242,10.4377413731674],[-75.5297489594925,10.437737003355],[-75.5296252606208,10.4377938614701],[-75.5295206459653,10.4378318341129],[-75.5294467237857,10.4378388310534],[-75.5293469389453,10.4379381913688],[-75.5292018401578,10.437948319223],[-75.5291083635456,10.4379991518197],[-75.52909512466,10.4380825195411],[-75.5290288592767,10.4381481205051],[-75.5289184122082,10.4381743655512],[-75.5288168012529,10.4382049832229],[-75.5287505357852,10.4382705841288],[-75.528732871355,10.4384017796178],[-75.5285119849486,10.4385985834363],[-75.5282469189897,10.4387997626102],[-75.5279023264824,10.4389440947717],[-75.5277174472632,10.4389269886176],[-75.5275394183441,10.4389893705274],[-75.5270617967996,10.4392188703194],[-75.5269507100607,10.4392915232462],[-75.5268775633019,10.4393478439268],[-75.5267962895843,10.4394202555826],[-75.5267312732966,10.4395328929159],[-75.5266660696261,10.4397453349189],[-75.5267210671488,10.4397181118612],[-75.5266713045657,10.4404594422568],[-75.5266907014778,10.440884504829],[-75.5266500812758,10.4412626357476],[-75.5265037926021,10.4414959563916],[-75.5262274578438,10.4417051472185],[-75.5261843813947,10.441745408182],[-75.5257074458728,10.4417618508986],[-75.5255920956846,10.4417488835891]]]},"properties":{"FID":4,"CODIGO":"0300","NOMBRE":"SAN PEDRO Y LIBERTAD","UCG":2,"LOC":"LH","ZONA":"UCG 2","Shape__Area":178880.154296875,"Shape__Length":2365.8426296374078}},{"type":"Feature","id":5,"geometry":{"type":"Polygon","coordinates":[[[-75.5138399247923,10.4364226933976],[-75.5139204035768,10.4362994687842],[-75.514493691762,10.4365706030406],[-75.5150180497435,10.436791512944],[-75.5156977758917,10.4370652475796],[-75.5160716247752,10.4371949106645],[-75.5162419159728,10.4372591204643],[-75.5161536197018,10.4388373957403],[-75.5161144117613,10.4394732868377],[-75.5161123803265,10.4396453547429],[-75.5161132191335,10.4400023061542],[-75.51608188738,10.4404676228646],[-75.5160623090177,10.4410182473517],[-75.516014305434,10.4414121585906],[-75.5159726979885,10.4415642860476],[-75.5159202782196,10.4416968938592],[-75.5151771489259,10.4414052442709],[-75.5150709877755,10.4413687881112],[-75.5150388435004,10.4413869296104],[-75.5147525045943,10.4412701422028],[-75.5147958338259,10.4411264564269],[-75.5142563629121,10.4409506083902],[-75.5137297030654,10.4406223376842],[-75.5137076495272,10.4403560403361],[-75.5137385144487,10.4394872989671],[-75.5138015696305,10.437841121583],[-75.5138178792844,10.4370949858388],[-75.5138399247923,10.4364226933976]]]},"properties":{"FID":5,"CODIGO":"0350","NOMBRE":"SIETE DE AGOSTO","UCG":3,"LOC":"LH","ZONA":"UCG 3","Shape__Area":133423.4990234375,"Shape__Length":1567.5803753729829}},{"type":"Feature","id":6,"geometry":{"type":"Polygon","coordinates":[[[-75.532850412889,10.4268128390113],[-75.5329469589739,10.4268651908725],[-75.5330642427179,10.426804366957],[-75.5330363100806,10.4267048519019],[-75.533203857275,10.4266053234587],[-75.5331088933226,10.4263675950052],[-75.5330809599386,10.4262570225106],[-75.5328687142482,10.4261022327858],[-75.5329915678627,10.42582578842],[-75.532662032699,10.4256378341968],[-75.5327402152672,10.425505139649],[-75.5325593924459,10.4254005858552],[-75.5323771684099,10.4252950724992],[-75.5324218380974,10.4251292079182],[-75.5323436413202,10.4250518110043],[-75.5324497310558,10.4246482073552],[-75.5324810184804,10.4246092662902],[-75.5326451930124,10.4244049305937],[-75.5327457065481,10.4241395452325],[-75.5328350688089,10.4241505966453],[-75.5329691172014,10.424239047091],[-75.5329970403724,10.424205872864],[-75.5331422609613,10.4243219660804],[-75.5332986269188,10.4240842203156],[-75.5333823982235,10.4240123411454],[-75.5336337047876,10.4236971865212],[-75.5337142860094,10.4235442237762],[-75.5338335692319,10.4233723706231],[-75.5338512510468,10.4233470877487],[-75.5341157806032,10.4234806705604],[-75.5345321117795,10.4236339130138],[-75.5346584436643,10.4236134165824],[-75.534934165213,10.4235616592515],[-75.5353022075737,10.4235567606007],[-75.5355709993129,10.4236616339633],[-75.5357707116913,10.4237569730859],[-75.5362821089761,10.4241368578113],[-75.5372977085403,10.4248912773598],[-75.5380911071168,10.4254520630171],[-75.5384935611867,10.4249131392559],[-75.5386619332996,10.4247289200865],[-75.5388057728546,10.4246825740098],[-75.5389906280787,10.4245817461259],[-75.5396939024635,10.4251424512262],[-75.5389614707163,10.4263479336218],[-75.5384964126533,10.4271336309319],[-75.5381731034985,10.4277445712396],[-75.537533939084,10.4293442162469],[-75.5373908807109,10.4297045348947],[-75.5375122633484,10.4297986415919],[-75.5376986563181,10.4299880383791],[-75.538114565692,10.4298391108462],[-75.5382004058881,10.4298393790457],[-75.5388954123857,10.4295578362644],[-75.5396956963296,10.4291966956587],[-75.5398968881295,10.4291993706712],[-75.5400124089129,10.4293998912783],[-75.5401223647438,10.4295795529336],[-75.540194826808,10.4299297881487],[-75.5402880746272,10.4301993645953],[-75.5403778209989,10.4303398303856],[-75.5401645639574,10.4305949575007],[-75.5400161990874,10.4305603561121],[-75.5397949521975,10.4306813609265],[-75.5397029008689,10.4307397829515],[-75.5395867567293,10.430752766964],[-75.5395003497026,10.4308240574721],[-75.5393711685243,10.4309743146329],[-75.5393339011664,10.4310653341471],[-75.5392668107015,10.4311268374973],[-75.539204698639,10.4312818165277],[-75.5391152434155,10.4313507014978],[-75.5390730052041,10.4314343417192],[-75.53906555315,10.4314687809426],[-75.5390034306609,10.4315081447203],[-75.5389810679221,10.4315376654415],[-75.5389090035079,10.4315573508793],[-75.5388866414087,10.4315942512882],[-75.538909011122,10.4316434473127],[-75.5388891375359,10.4317197058754],[-75.5388518673445,10.431781206553],[-75.5387922287256,10.4318082705838],[-75.5387922343581,10.4318722279334],[-75.5387673860978,10.4318968290574],[-75.5386804132724,10.4319386548111],[-75.5386108368031,10.4319927785406],[-75.5385437427773,10.4320173832659],[-75.5384940451192,10.4320542859829],[-75.5384120459341,10.4321379295056],[-75.5383449552716,10.4322018925573],[-75.5383076806594,10.4322141952098],[-75.5382828299948,10.4322117374176],[-75.5382455568654,10.4322412593489],[-75.5382132529719,10.432260941264],[-75.5380932298144,10.4323155055953],[-75.5379713241377,10.432404014133],[-75.5378738003687,10.4324844752901],[-75.5377716329143,10.4325729821037],[-75.5376787465606,10.4325729898097],[-75.5376197273899,10.4325503596089],[-75.5375324539342,10.4326132283943],[-75.5374674375254,10.4326615055458],[-75.5373534586215,10.4326373771432],[-75.5372813944656,10.4326644419077],[-75.5372118180014,10.4327234851271],[-75.5371223635555,10.4328120487191],[-75.5370701793346,10.4328341920274],[-75.5370304207634,10.4328612541194],[-75.5369881797671,10.4329202950801],[-75.5369070858059,10.4330168933551],[-75.5368697989871,10.4330562537664],[-75.5367992293238,10.4331318267562],[-75.5366726003137,10.4331909091506],[-75.5366153461516,10.4332325907557],[-75.5364588911129,10.4332573433494],[-75.536334641398,10.4332942516101],[-75.5362725182029,10.4333336148542],[-75.5362128784754,10.4333532987089],[-75.536190515538,10.4333852791303],[-75.5360538457357,10.433488605495],[-75.5359817869144,10.4335870070034],[-75.5358476012379,10.4336804934951],[-75.5357655997622,10.4337493769461],[-75.5356537748665,10.4337838240888],[-75.5355991049383,10.4338010475506],[-75.5355123515174,10.4338128366372],[-75.5354673964919,10.4337961377794],[-75.535427636328,10.4338059803863],[-75.5353913351329,10.4337925043591],[-75.5352748929794,10.4338704891911],[-75.5352349360974,10.4338817931081],[-75.5348513684722,10.4342276292155],[-75.5348382402742,10.434238931097],[-75.5348136966692,10.4342649248236],[-75.534804564237,10.4342728360145],[-75.5347549056044,10.4343146532269],[-75.5345167953776,10.4347081753158],[-75.5343857731124,10.435006836135],[-75.5342699763462,10.4351425950972],[-75.534245601513,10.4352180138462],[-75.5341541805851,10.4352934374145],[-75.5341237103916,10.4353658399116],[-75.5338281167906,10.4356252954167],[-75.533709267014,10.435691670758],[-75.5335995574751,10.4357248619396],[-75.5335203232355,10.4357550342775],[-75.5334441369631,10.4357912397427],[-75.5333740434327,10.4357942612922],[-75.5333039501138,10.4358002995058],[-75.5332186234745,10.4358696890239],[-75.5331759587649,10.4358847753576],[-75.5331302469184,10.4359058952537],[-75.5331028227188,10.4359601973652],[-75.5330571106458,10.4359783005713],[-75.5330845403353,10.4360024321305],[-75.5331028271489,10.4360235476345],[-75.5331028290476,10.4360506977499],[-75.5331272126684,10.4360959462705],[-75.5331089302804,10.4361381810368],[-75.5330815043707,10.4361683497102],[-75.5330357924765,10.4361894695924],[-75.5330144595707,10.436189471049],[-75.5330083606738,10.4361351712346],[-75.5329931249857,10.4361653390685],[-75.5329535067351,10.4361653417672],[-75.5329108400903,10.4361532779501],[-75.5328559842618,10.4361562983508],[-75.532782844749,10.4361834534129],[-75.5327523691699,10.4361834554692],[-75.5327272814328,10.4362171476568],[-75.5326761845658,10.4362468108657],[-75.5326487579852,10.4362679294635],[-75.5326243801978,10.4363071479314],[-75.5326152385518,10.4363222319412],[-75.5326152435023,10.4363946322476],[-75.5323775430032,10.4365303986589],[-75.5322312669481,10.4366329754168],[-75.5321459382299,10.4366782312108],[-75.5318869724278,10.4367449167806],[-75.5315043895042,10.4361111368698],[-75.5313215207599,10.4358728307498],[-75.5312239914811,10.4357551863707],[-75.5311660854595,10.435715973158],[-75.5308155869701,10.435239359474],[-75.5304395629435,10.4346381551607],[-75.5284415647297,10.4355713310904],[-75.527507047706,10.436666068602],[-75.5268849693139,10.4374370019398],[-75.52681721548,10.4373674694192],[-75.5267583186331,10.4373452632338],[-75.5266517445685,10.4373286116102],[-75.5262871503098,10.4372953154399],[-75.5260581969284,10.4372447714981],[-75.5258009545933,10.4370969991367],[-75.5256102901971,10.4369312498161],[-75.5255235321222,10.4368383893082],[-75.5254850230049,10.4367789916929],[-75.5257362605461,10.4367498760912],[-75.5261566081368,10.4370792880129],[-75.526766693678,10.4365679457961],[-75.5267610649901,10.4361737352762],[-75.5267554523086,10.4361015561072],[-75.5267077721085,10.4360432596432],[-75.5267857259506,10.4353343530096],[-75.526704804751,10.4352597857009],[-75.5266711630154,10.4352483434546],[-75.5276797011139,10.4340162815773],[-75.5278564352528,10.4337823862597],[-75.5272842538947,10.4334932022348],[-75.5273706957585,10.4333748213477],[-75.5274438139289,10.4331144031414],[-75.5274869769019,10.4329426687018],[-75.527983749444,10.4324730255396],[-75.5281911892726,10.4322332355153],[-75.5285972433245,10.4317987372655],[-75.5293630425633,10.4309843230581],[-75.5291295164367,10.4306902837072],[-75.5289767913469,10.4303019688129],[-75.5289359895746,10.4301539079978],[-75.5286131148777,10.4293314241664],[-75.5282033924788,10.4288050087795],[-75.527900987562,10.4283220875065],[-75.5275622707722,10.4279326458962],[-75.5277591160156,10.4277504096006],[-75.5275685090879,10.4273543787951],[-75.5273547193537,10.4271493835601],[-75.5271208941729,10.4270634249796],[-75.5268483474369,10.4270821874381],[-75.526893276487,10.4261978697155],[-75.5272099311454,10.4257818935426],[-75.5280194111386,10.4267162047767],[-75.5283787066656,10.4271794647292],[-75.5287493797188,10.4268611302544],[-75.5290404300144,10.4266005067911],[-75.5291284216184,10.4266981920229],[-75.5291843086304,10.4267676312821],[-75.5293400629773,10.426685233206],[-75.5295202865935,10.4266935189496],[-75.5297763949862,10.4269817406813],[-75.529827479452,10.4269721776319],[-75.5299156763683,10.4269360439596],[-75.5299300807255,10.4269316892435],[-75.5299618943973,10.4270074548721],[-75.5301129925855,10.427086165448],[-75.5301299006454,10.4272426193985],[-75.5303938187109,10.4273989519908],[-75.5303831269098,10.4274571827804],[-75.5306200202708,10.427669533643],[-75.5308329030983,10.4278603611003],[-75.5310557679276,10.4276658909433],[-75.5313368153681,10.4273078229113],[-75.5314174556804,10.4273921991456],[-75.5315070136371,10.4273978565285],[-75.5316639568984,10.4272211402553],[-75.5317677887518,10.4265809985937],[-75.5318228741327,10.4264822233321],[-75.5318643448884,10.4265050264197],[-75.5319150369179,10.4266167713817],[-75.5321408379729,10.42697480716],[-75.5323620293738,10.4272963538554],[-75.5325923999224,10.4270796837913],[-75.5327006729769,10.4269633671438],[-75.5328158582875,10.4268584528735],[-75.532850412889,10.4268128390113]]]},"properties":{"FID":6,"CODIGO":"0400","NOMBRE":"TORICES","UCG":2,"LOC":"LH","ZONA":"UCG 2","Shape__Area":1290691.2890625,"Shape__Length":7436.4800130384974}},{"type":"Feature","id":7,"geometry":{"type":"Polygon","coordinates":[[[-75.5139204035768,10.4362994687842],[-75.514057406771,10.4335072162121],[-75.5141920193422,10.4302936596496],[-75.5140608492489,10.4300028060307],[-75.5140608471321,10.4298395198912],[-75.5140414263623,10.429719457293],[-75.5139637423229,10.4294120972513],[-75.5134248306805,10.4290182949506],[-75.5135019078775,10.4287905037027],[-75.513359202613,10.428569007069],[-75.5133186734534,10.4283723716891],[-75.513343788007,10.4281859066793],[-75.5134967649022,10.428018652305],[-75.5136851327087,10.4279338941524],[-75.5137970123802,10.4279632756053],[-75.5139922305752,10.4279621438746],[-75.5142421719886,10.4272514444415],[-75.5139770020713,10.4269650959846],[-75.5139046800619,10.4265355702979],[-75.5138805703266,10.4261060441838],[-75.5139528836319,10.4255572043722],[-75.5140493032867,10.4250799520373],[-75.5146148237193,10.4250190617769],[-75.5153397333481,10.4251325701823],[-75.5159049179259,10.4252501335064],[-75.516085615508,10.4252816965538],[-75.5168144824187,10.4254591822843],[-75.5168449092609,10.425451973761],[-75.5169572002379,10.425481354106],[-75.5169709565538,10.4254467595386],[-75.5174517280623,10.4254869563218],[-75.518774159102,10.4257312475896],[-75.5188030023627,10.4257646063163],[-75.5188168522597,10.4257892829771],[-75.5195253836812,10.4259271073376],[-75.5197237790171,10.4260491840591],[-75.5200791981235,10.4261053778992],[-75.520113435829,10.4261164011331],[-75.5201474359743,10.4261319193892],[-75.5200403242082,10.4265359981108],[-75.5196020461647,10.4274979070936],[-75.5192350895733,10.4273637768808],[-75.5191556731968,10.4274828416016],[-75.5190474360089,10.42757579599],[-75.5188401611431,10.4276375542166],[-75.5188004861312,10.4277990313119],[-75.5186770487946,10.4281459897267],[-75.5184765657472,10.4280583277554],[-75.5183516366059,10.4282797642458],[-75.5181150757424,10.428636440229],[-75.5180168098736,10.4286940860994],[-75.5178530349756,10.4288670208317],[-75.5177875262369,10.4289967206502],[-75.5176747081818,10.4293497909868],[-75.5177256635691,10.4294434610619],[-75.5187589985383,10.4289985966894],[-75.5188082656526,10.4290586522182],[-75.5189187262548,10.4294823172949],[-75.518949795559,10.4296907337255],[-75.5189428970492,10.429878651021],[-75.5189739653078,10.4300426506691],[-75.5189415405934,10.4302524733443],[-75.518939691585,10.4302726122029],[-75.5194433943044,10.4305858902373],[-75.5193442650737,10.4307402505112],[-75.5196510236065,10.4309153171089],[-75.5195809194725,10.4309504579096],[-75.5193453396228,10.4312167605445],[-75.5191595948236,10.431424569676],[-75.5188052018345,10.4320564084585],[-75.5185735169959,10.4325268534625],[-75.5190439981517,10.4327405374681],[-75.5188766233898,10.4329863303042],[-75.5188760854982,10.4331379419058],[-75.5184511027002,10.433579805437],[-75.5181298090211,10.434213240904],[-75.5180375663351,10.4343494839125],[-75.517723673551,10.4342095610096],[-75.5176729660318,10.4343744768626],[-75.5171040250776,10.4357430595937],[-75.5169340988969,10.4361519134869],[-75.5168109503686,10.4362698861853],[-75.5166242440934,10.4366198685945],[-75.5162419159728,10.4372591204643],[-75.5160716247752,10.4371949106645],[-75.5156977758917,10.4370652475796],[-75.5150180497435,10.436791512944],[-75.514493691762,10.4365706030406],[-75.5139204035768,10.4362994687842]]]},"properties":{"FID":7,"CODIGO":"0450","NOMBRE":"SAN FRANCISCO","UCG":3,"LOC":"LH","ZONA":"UCG 3","Shape__Area":664125.767578125,"Shape__Length":4227.0654065044237}},{"type":"Feature","id":8,"geometry":{"type":"Polygon","coordinates":[[[-75.5247760497008,10.436880636585],[-75.5244635327411,10.4365949671437],[-75.5244120547986,10.436438480737],[-75.5243918227367,10.4361728149808],[-75.5243329936952,10.4360600000816],[-75.5241103886026,10.4359257268813],[-75.5239099468645,10.4358394707705],[-75.5237330732025,10.4357868860162],[-75.523406459063,10.435660370146],[-75.5234230890786,10.4352295827618],[-75.5234600310006,10.4344710996835],[-75.5233351836191,10.434321486566],[-75.5233372686799,10.4341117819353],[-75.5236770496612,10.4341498712062],[-75.5238181473261,10.4341662022079],[-75.5238709710082,10.4340594350815],[-75.524132179478,10.4336571878358],[-75.5243791715058,10.43367379363],[-75.5247514508698,10.433655201712],[-75.5246099132784,10.4347024824997],[-75.5250274411474,10.4347275822922],[-75.5250334958916,10.434815417704],[-75.5249914208952,10.4367651327068],[-75.5250664899195,10.4367568889984],[-75.5250573098024,10.4368030398459],[-75.5250462768267,10.4369333943845],[-75.5250187084829,10.4370607699648],[-75.5249194394654,10.436998906681],[-75.5247760497008,10.436880636585]]]},"properties":{"FID":8,"CODIGO":"0500","NOMBRE":"PABLO VI - II","UCG":2,"LOC":"LH","ZONA":"UCG 2","Shape__Area":43831.9599609375,"Shape__Length":1068.5404869018498}},{"type":"Feature","id":9,"geometry":{"type":"Polygon","coordinates":[[[-75.5261566081368,10.4370792880129],[-75.5257362605461,10.4367498760912],[-75.5254850230049,10.4367789916929],[-75.5250664899195,10.4367568889984],[-75.5249914208952,10.4367651327068],[-75.5250334958916,10.434815417704],[-75.5250274411474,10.4347275822922],[-75.5251175355376,10.4347329982669],[-75.5255192464621,10.4348565502912],[-75.5266711630154,10.4352483434546],[-75.526704804751,10.4352597857009],[-75.5267857259506,10.4353343530096],[-75.5267077721085,10.4360432596432],[-75.5267554523086,10.4361015561072],[-75.5267610649901,10.4361737352762],[-75.526766693678,10.4365679457961],[-75.5261566081368,10.4370792880129]]]},"properties":{"FID":9,"CODIGO":"0550","NOMBRE":"PEDRO SALAZAR","UCG":2,"LOC":"LH","ZONA":"UCG 2","Shape__Area":40325.8955078125,"Shape__Length":813.88972229632623}},{"type":"Feature","id":10,"geometry":{"type":"Polygon","coordinates":[[[-75.5256825140285,10.4344665388344],[-75.5256972835089,10.4342030340522],[-75.5258304530349,10.4340109921215],[-75.5258672031788,10.4340237094344],[-75.5258897396768,10.4340348283947],[-75.5260224865301,10.4340838494648],[-75.5262499610646,10.4342526193146],[-75.5267339724901,10.4336055901356],[-75.5267711617708,10.4335538518266],[-75.5269930544158,10.4337408734671],[-75.5270495675792,10.4337858278849],[-75.5270714932624,10.4337584892218],[-75.5272842538947,10.4334932022348],[-75.5278564352528,10.4337823862597],[-75.5276797011139,10.4340162815773],[-75.5266711630154,10.4352483434546],[-75.5255192464621,10.4348565502912],[-75.5256825140285,10.4344665388344]]]},"properties":{"FID":10,"CODIGO":"0600","NOMBRE":"LOS COMUNEROS","UCG":2,"LOC":"LH","ZONA":"UCG 2","Shape__Area":26347.6630859375,"Shape__Length":758.78964013567713}},{"type":"Feature","id":11,"geometry":{"type":"Polygon","coordinates":[[[-75.526142274199,10.4315968997524],[-75.5264100825967,10.4314965613797],[-75.5264620729588,10.4316144121559],[-75.5265873018875,10.4318623059132],[-75.5268491480232,10.4324444820168],[-75.5272842538947,10.4334932022348],[-75.5270714932624,10.4337584892218],[-75.5270495675792,10.4337858278849],[-75.5269930544158,10.4337408734671],[-75.5267711617708,10.4335538518266],[-75.5267339724901,10.4336055901356],[-75.5262499610646,10.4342526193146],[-75.5260224865301,10.4340838494648],[-75.5258897396768,10.4340348283947],[-75.5258672031788,10.4340237094344],[-75.5258304530349,10.4340109921215],[-75.5256972835089,10.4342030340522],[-75.5256825140285,10.4344665388344],[-75.5255192464621,10.4348565502912],[-75.5251175355376,10.4347329982669],[-75.5250274411474,10.4347275822922],[-75.5246099132784,10.4347024824997],[-75.5247514508698,10.433655201712],[-75.5247571984923,10.4335502324397],[-75.5249315520781,10.433612983458],[-75.5251133142724,10.4332595305969],[-75.5253510117391,10.4328037172764],[-75.5255716225355,10.4324282213379],[-75.5256299202802,10.4322822344169],[-75.5256909100336,10.4320341325223],[-75.5256863199371,10.4317828572493],[-75.525678813398,10.4317251233129],[-75.5258632229727,10.4316877760632],[-75.526142274199,10.4315968997524]]]},"properties":{"FID":11,"CODIGO":"0700","NOMBRE":"PETARE","UCG":2,"LOC":"LH","ZONA":"UCG 2","Shape__Area":57736.337890625,"Shape__Length":1160.3970125374499}},{"type":"Feature","id":12,"geometry":{"type":"Polygon","coordinates":[[[-75.5227909098313,10.4316989791829],[-75.5227955987079,10.4321629648211],[-75.5230731480328,10.4321428832227],[-75.523111520253,10.4321259997692],[-75.5231299883094,10.4319220079233],[-75.523233138815,10.4313969478081],[-75.5236414018566,10.4302375786289],[-75.5236413744171,10.4295462209626],[-75.5235546292386,10.428847380956],[-75.5241141181105,10.4287591180796],[-75.5241678315352,10.4284932090914],[-75.5247180319611,10.4285033860717],[-75.5245628856984,10.4287443154041],[-75.5243693017808,10.4297624986216],[-75.5243693640539,10.4300294793111],[-75.5244131715024,10.4302135870713],[-75.5244169578784,10.430530161718],[-75.5243044099826,10.4309457581494],[-75.5240458155974,10.4309909416603],[-75.5238142936891,10.4315448241923],[-75.5238599634495,10.4315994282882],[-75.5236890124729,10.4319810279236],[-75.5235888453128,10.4322535007284],[-75.5235669883943,10.4324553592357],[-75.523526151443,10.4329279275388],[-75.5233912057667,10.4336643380322],[-75.5233505068434,10.4340588622182],[-75.5227230666629,10.4338728751785],[-75.5224958523771,10.4338705882467],[-75.5224900619394,10.4336490830122],[-75.5224954402211,10.4333850868886],[-75.5224873514245,10.4331877568774],[-75.5224657946111,10.4330304267235],[-75.5224434660498,10.4327943088285],[-75.5222485106618,10.4327769472796],[-75.5221958716565,10.4327422124082],[-75.5221666265542,10.4326881785681],[-75.5220905813423,10.4323176565157],[-75.5220496244682,10.4318429231862],[-75.522040999551,10.4317392741367],[-75.5220671666648,10.431736782712],[-75.5227909098313,10.4316989791829]]]},"properties":{"FID":12,"CODIGO":"0750","NOMBRE":"PALESTINA","UCG":2,"LOC":"LH","ZONA":"UCG 2","Shape__Area":63513.1513671875,"Shape__Length":1748.9098382001032}},{"type":"Feature","id":13,"geometry":{"type":"Polygon","coordinates":[[[-75.5236770229887,10.4341498712072],[-75.5238363524372,10.4331920705375],[-75.5239653745931,10.4327901673487],[-75.5241209286192,10.4323319221748],[-75.5243713404502,10.4318023079385],[-75.5244661932606,10.4316032329986],[-75.5245193145618,10.4315806944488],[-75.5246482887655,10.431340301402],[-75.5248403126053,10.4313610027328],[-75.5251957854367,10.4312103141766],[-75.5252167819122,10.4312685166241],[-75.5253225792585,10.4314909009521],[-75.5254460734984,10.431450587264],[-75.5258022074167,10.4313835456707],[-75.5259855891617,10.4313347078667],[-75.5260144152866,10.4313232606289],[-75.5262860441732,10.4312153930146],[-75.5264100825967,10.4314965613797],[-75.526142274199,10.4315968997524],[-75.5258632229727,10.4316877760632],[-75.525678813398,10.4317251233129],[-75.5256863199371,10.4317828572493],[-75.5256909100336,10.4320341325223],[-75.5256299202802,10.4322822344169],[-75.5255716225355,10.4324282213379],[-75.5253510117391,10.4328037172764],[-75.5251133142724,10.4332595305969],[-75.5249315520781,10.433612983458],[-75.5247571984923,10.4335502324397],[-75.5247514508698,10.433655201712],[-75.5243791715058,10.43367379363],[-75.524132179478,10.4336571878358],[-75.5238709710082,10.4340594350815],[-75.5238181473261,10.4341662022079],[-75.5236770229887,10.4341498712072]]]},"properties":{"FID":13,"CODIGO":"0800","NOMBRE":"REPUBLICA DEL CARIBE","UCG":2,"LOC":"LH","ZONA":"UCG 2","Shape__Area":42673.162109375,"Shape__Length":1090.6529303820826}},{"type":"Feature","id":14,"geometry":{"type":"Polygon","coordinates":[[[-75.5238142936891,10.4315448241923],[-75.5240457889251,10.4309909416614],[-75.5243043833104,10.4309457581505],[-75.5244169312061,10.4305301617191],[-75.5244131715024,10.4302135870713],[-75.5243693640539,10.4300294793111],[-75.5243693017808,10.4297624986216],[-75.5245628856984,10.4287443154041],[-75.5247180319611,10.4285033860717],[-75.5248184227854,10.4283979780817],[-75.5249279679861,10.4283136504135],[-75.5251834670351,10.4277294015022],[-75.5254050130798,10.4275604851753],[-75.5253973658409,10.4273137088603],[-75.5261917551117,10.4272055340421],[-75.5263856526321,10.4271780897122],[-75.5265691207135,10.4272921088772],[-75.526206103811,10.4280836944163],[-75.5259994323284,10.4289093956386],[-75.5259120529691,10.4293274302244],[-75.5257810255143,10.4299977265744],[-75.5257446666649,10.4304229661798],[-75.5260144152866,10.4313232606289],[-75.5259855891617,10.4313347078667],[-75.5258022074167,10.4313835456707],[-75.5254460733733,10.4314505868885],[-75.5253225792585,10.4314909009521],[-75.5252167819122,10.4312685166241],[-75.5251957854367,10.4312103141766],[-75.5248403126053,10.4313610027328],[-75.5246482887655,10.431340301402],[-75.5245193145618,10.4315806944488],[-75.5244661932606,10.4316032329986],[-75.5243713404502,10.4318023079385],[-75.5241209286192,10.4323319221748],[-75.5239653745931,10.4327901673487],[-75.5238363524372,10.4331920705375],[-75.5236770229887,10.4341498712072],[-75.5233372420073,10.4341117819363],[-75.5233505068434,10.4340588622182],[-75.5233911790942,10.4336643380332],[-75.523526151443,10.4329279275388],[-75.5235669617219,10.4324553592367],[-75.5235888186404,10.4322535007294],[-75.5236889858006,10.4319810279246],[-75.5238599634495,10.4315994282882],[-75.5238142936891,10.4315448241923]]]},"properties":{"FID":14,"CODIGO":"0850","NOMBRE":"PARAISO II","UCG":2,"LOC":"LH","ZONA":"UCG 2","Shape__Area":89888.0947265625,"Shape__Length":2013.3060379376502}},{"type":"Feature","id":15,"geometry":{"type":"Polygon","coordinates":[[[-75.5208596598011,10.4337187341001],[-75.5206083567468,10.4335173702631],[-75.5204168891725,10.4334048448003],[-75.5202074723142,10.4333041651004],[-75.519968139826,10.4332212541427],[-75.519800606477,10.4331383410829],[-75.5190439981517,10.4327405374681],[-75.5185735169959,10.4325268534625],[-75.5188052018345,10.4320564084585],[-75.5191595948236,10.431424569676],[-75.5193453396228,10.4312167605445],[-75.5195809194725,10.4309504579096],[-75.5196510236065,10.4309153171089],[-75.5197306742799,10.430927655898],[-75.5198500008535,10.4311350983432],[-75.5205732767432,10.4315202780554],[-75.5206933110574,10.4310565263038],[-75.5208431093962,10.43086361853],[-75.521341479996,10.4303006059411],[-75.5214053975682,10.4300175799925],[-75.5214747713967,10.4295092807338],[-75.5210969963298,10.4293583134258],[-75.521128021889,10.4290089435179],[-75.5211903247423,10.4284609864494],[-75.5212263627362,10.4278881985319],[-75.5212324542097,10.4277654067473],[-75.5216241791791,10.4277600499597],[-75.5234452679418,10.4279394547372],[-75.5235546292386,10.428847380956],[-75.5236413744171,10.4295462209626],[-75.5236414018566,10.4302375786289],[-75.523233138815,10.4313969478081],[-75.5231299883094,10.4319220079233],[-75.523111520253,10.4321259997692],[-75.5230731480328,10.4321428832227],[-75.5227955987079,10.4321629648211],[-75.5227909098313,10.4316989791829],[-75.5220671666648,10.431736782712],[-75.522040999551,10.4317392741367],[-75.5220496244682,10.4318429231862],[-75.5220905813423,10.4323176565157],[-75.5221666265542,10.4326881785681],[-75.5221958716565,10.4327422124082],[-75.5222485106618,10.4327769472796],[-75.5224434660498,10.4327943088285],[-75.5224657946111,10.4330304267235],[-75.5224873514245,10.4331877568774],[-75.5224954402211,10.4333850868886],[-75.5224900619394,10.4336490830122],[-75.5223715305878,10.4336544204258],[-75.5218731593239,10.4336544374459],[-75.5215068137242,10.4336541726545],[-75.5215654511477,10.4341474055771],[-75.521560375717,10.4344520503878],[-75.5211620439642,10.4343344907117],[-75.5208596598011,10.4337187341001]]]},"properties":{"FID":15,"CODIGO":"0900","NOMBRE":"LA PAZ","UCG":2,"LOC":"LH","ZONA":"UCG 2","Shape__Area":205128.181640625,"Shape__Length":2589.2739753881679}},{"type":"Feature","id":16,"geometry":{"type":"Polygon","coordinates":[[[-75.5273174239659,10.4309541770014],[-75.527230711472,10.431000021295],[-75.5271320014963,10.4309788996515],[-75.5269479029745,10.4305854262906],[-75.5266276195055,10.4306766785186],[-75.5261965359326,10.4309094632513],[-75.5262112185287,10.4309514205127],[-75.5262566977587,10.4311488709375],[-75.5262860441732,10.4312153930146],[-75.5260144152866,10.4313232606289],[-75.5257446666649,10.4304229661798],[-75.5257810255143,10.4299977265744],[-75.5259120529691,10.4293274302244],[-75.5259994323284,10.4289093956386],[-75.526206103811,10.4280836944163],[-75.5265691207135,10.4272921088772],[-75.5266473587229,10.4271867907132],[-75.5268483474369,10.4270821874381],[-75.5271208941729,10.4270634249796],[-75.5273547193537,10.4271493835601],[-75.5275685090879,10.4273543787951],[-75.5277591160156,10.4277504096006],[-75.5275622707722,10.4279326458962],[-75.5279009875777,10.4283220874867],[-75.5282033924788,10.4288050087795],[-75.5286131148777,10.4293314241664],[-75.5289359895746,10.4301539079978],[-75.5289767913469,10.4303019688129],[-75.5291295164367,10.4306902837072],[-75.5290335983774,10.4306473476762],[-75.5289132361364,10.4307353684443],[-75.5287249856577,10.4308596298412],[-75.5286172673773,10.4306865559563],[-75.5284161439113,10.4303522777559],[-75.5282036577656,10.430389849695],[-75.5281808940209,10.4304424357054],[-75.5281808989052,10.430532581078],[-75.5281510478092,10.4306052556046],[-75.5280015158189,10.4307624631496],[-75.527823162154,10.4309013374916],[-75.5276387802353,10.4307366927804],[-75.5273436291964,10.4309780559719],[-75.5273174239659,10.4309541770014]]]},"properties":{"FID":16,"CODIGO":"0950","NOMBRE":"LOMA FRESCA","UCG":2,"LOC":"LH","ZONA":"UCG 2","Shape__Area":103733.9599609375,"Shape__Length":1573.5280110691451}},{"type":"Feature","id":17,"geometry":{"type":"Polygon","coordinates":[[[-75.5262566977587,10.4311488709375],[-75.5262112185287,10.4309514205127],[-75.5261965359326,10.4309094632513],[-75.5266276195055,10.4306766785186],[-75.5269479029745,10.4305854262906],[-75.5271320014963,10.4309788996515],[-75.527230711472,10.431000021295],[-75.5273174239659,10.4309541770014],[-75.5273436291964,10.4309780559719],[-75.5276387802353,10.4307366927804],[-75.527823162154,10.4309013374916],[-75.5280015158189,10.4307624631496],[-75.5281510478092,10.4306052556046],[-75.5281808989052,10.430532581078],[-75.5281808940209,10.4304424357054],[-75.5282036577656,10.430389849695],[-75.5284161439113,10.4303522777559],[-75.5286172673773,10.4306865559563],[-75.5287249856577,10.4308596298412],[-75.5289132361364,10.4307353684443],[-75.5290335983774,10.4306473476762],[-75.5291295164367,10.4306902837072],[-75.5293630425633,10.4309843230581],[-75.5285972433245,10.4317987372655],[-75.5281911892726,10.4322332355153],[-75.527983749444,10.4324730255396],[-75.5274869769019,10.4329426687018],[-75.5274438139289,10.4331144031414],[-75.5273706957585,10.4333748213477],[-75.5272842538947,10.4334932022348],[-75.5268491480232,10.4324444820168],[-75.5265873018875,10.4318623059132],[-75.5264620729588,10.4316144121559],[-75.5264100825967,10.4314965613797],[-75.5262860441732,10.4312153930146],[-75.5262566977587,10.4311488709375]]]},"properties":{"FID":17,"CODIGO":"1000","NOMBRE":"PABLO VI - I","UCG":2,"LOC":"LH","ZONA":"UCG 2","Shape__Area":56252.341796875,"Shape__Length":1188.4014905487973}},{"type":"Feature","id":18,"geometry":{"type":"Polygon","coordinates":[[[-75.5447713705131,10.4289416802907],[-75.5448865556132,10.4286422801883],[-75.5449009194335,10.428285864393],[-75.5448144791303,10.4280292552011],[-75.5447136338141,10.4277441343471],[-75.5445695839237,10.427473274538],[-75.544367921436,10.4271596509204],[-75.5442709624297,10.4268738302879],[-75.5444230979042,10.4267115622785],[-75.5446640431135,10.4265232230878],[-75.545244220627,10.4261433951451],[-75.5458656108872,10.4257321760015],[-75.5469397937309,10.4248764811344],[-75.5472288370906,10.424636665101],[-75.5473843448865,10.4248902745288],[-75.5470028882466,10.4250760479849],[-75.5471643385712,10.425689904162],[-75.5487259085146,10.4252080223255],[-75.5484655103556,10.4262092215056],[-75.5484340820982,10.4268073431528],[-75.5483079304814,10.4283523727261],[-75.548307979273,10.4287644406366],[-75.5483032822346,10.4289335764725],[-75.549374524469,10.4282570418455],[-75.5494131784921,10.428317201456],[-75.5497388321888,10.428753651044],[-75.5497148609236,10.4287773851724],[-75.5496880357169,10.4288022511831],[-75.5496594990525,10.4288282456152],[-75.5496321034817,10.4288553711462],[-75.5496058483942,10.4288836274744],[-75.5495841609414,10.4289130123764],[-75.5495653280064,10.4289435263606],[-75.5495493485645,10.4289717811491],[-75.5495316576651,10.429001164964],[-75.5495122528664,10.4290316805237],[-75.5494608888257,10.4291085317536],[-75.5494386316763,10.4291458284358],[-75.5494186573882,10.4291808635749],[-75.5494003950539,10.4292113771787],[-75.5493827026608,10.4292362411661],[-75.5493650104326,10.4292599763304],[-75.5493461764623,10.4292848386396],[-75.5493067962779,10.4293368283521],[-75.5492862503682,10.4293639539427],[-75.5492645620286,10.4293865574325],[-75.5492388778945,10.4294080328762],[-75.5492080573082,10.4294283773878],[-75.5491709565613,10.4294475932158],[-75.5491013205958,10.4294848945898],[-75.5490693568225,10.429499589374],[-75.5490333964031,10.4295086353829],[-75.5489785991055,10.4295188118313],[-75.5489449217229,10.4295244671675],[-75.5489061089082,10.4295323822601],[-75.5488752841831,10.4295414264373],[-75.5488404659022,10.4295527314441],[-75.5487828185062,10.4295809904911],[-75.5487525651179,10.4295934252842],[-75.5483512997465,10.4297505545145],[-75.5483164811181,10.4297618585581],[-75.5482485575872,10.4297844691541],[-75.5482194465132,10.4297957734321],[-75.5481623675913,10.4298195109721],[-75.548066474486,10.4298556857282],[-75.5480345104931,10.4298692494725],[-75.5480025465905,10.4298862045127],[-75.5479722957683,10.4299054206214],[-75.5479426168894,10.42992802494],[-75.547885539653,10.4299743651497],[-75.5472808439286,10.4305671525982],[-75.5467891376465,10.431112702074],[-75.5464959795579,10.4314648394935],[-75.5460358573362,10.4317462270391],[-75.5457787258071,10.4318668279857],[-75.5453523656796,10.4314917576976],[-75.544858276571,10.4305540197624],[-75.5443980456239,10.4298105340714],[-75.5443235945503,10.4296698732304],[-75.5442329560127,10.4296471112923],[-75.5443249608109,10.4294834765246],[-75.5445265580476,10.4291698110276],[-75.5447713705131,10.4289416802907]]]},"properties":{"FID":18,"CODIGO":"1050","NOMBRE":"SAN DIEGO","UCG":1,"LOC":"LH","ZONA":"UCG 1","Shape__Area":268424.4716796875,"Shape__Length":2630.1995340220915}},{"type":"Feature","id":19,"geometry":{"type":"Polygon","coordinates":[[[-75.5247180319611,10.4285033860717],[-75.5241678315352,10.4284932090914],[-75.5241141181105,10.4287591180796],[-75.5235546292386,10.428847380956],[-75.5234452679418,10.4279394547372],[-75.5216241791791,10.4277600499597],[-75.5212324542097,10.4277654067473],[-75.5212548722308,10.4273135039615],[-75.5214873569666,10.4265946944698],[-75.5220614715259,10.4255213304641],[-75.5225776524822,10.424296603044],[-75.5231605096308,10.4227641369091],[-75.5230649197559,10.4219600798191],[-75.5222431111357,10.4219790282952],[-75.5223386005115,10.4200114411136],[-75.522491781314,10.4196756414427],[-75.5229378631284,10.4195171053349],[-75.5233270530336,10.4192245044236],[-75.5237711708858,10.4193668868465],[-75.5240458702703,10.4189900082017],[-75.5242875199021,10.4184640268219],[-75.5248489511851,10.4184571373242],[-75.5250037808156,10.418135234867],[-75.5250347164306,10.4173841432593],[-75.5242604892844,10.4171235934203],[-75.5242759659343,10.416939652305],[-75.5248643714925,10.4169856128624],[-75.5252514825826,10.4170622379802],[-75.5255835379703,10.4173990339148],[-75.5257470025317,10.4175373954283],[-75.5261805638703,10.4175373754402],[-75.5263044407517,10.4175833547404],[-75.5259173467345,10.4178899402219],[-75.5262115626008,10.4181658372714],[-75.5268928424439,10.4175220129547],[-75.5270322068515,10.4176293047056],[-75.5272025337876,10.4176139678663],[-75.5277135403079,10.4180584647293],[-75.5275277383672,10.4182577430982],[-75.5277754996066,10.4184723275787],[-75.527744542971,10.4187022547589],[-75.5282865325459,10.4193613462683],[-75.5282875716155,10.4198567312914],[-75.5283430370269,10.419911631698],[-75.5282829587167,10.4200214416524],[-75.5280842311093,10.4202593668025],[-75.5280102958424,10.420533887544],[-75.5279810697423,10.4208385711077],[-75.5276982042582,10.4208788858027],[-75.5276827310354,10.4210934837749],[-75.527992446652,10.4215686471263],[-75.5286273397324,10.4220591209917],[-75.5292777282141,10.4227028763839],[-75.5292467934365,10.4233006844664],[-75.5291384239076,10.4236992281045],[-75.5288587823535,10.4238125428788],[-75.5286274376823,10.4238218832735],[-75.528178388825,10.4239292059793],[-75.5279461485572,10.4244810394118],[-75.5279616586327,10.4249562179477],[-75.5276984284148,10.4251401720165],[-75.5272099311454,10.4257818935426],[-75.526893276487,10.4261978697155],[-75.5268483474369,10.4270821874381],[-75.5266473587229,10.4271867907132],[-75.5265691207135,10.4272921088772],[-75.5263856526321,10.4271780897122],[-75.5261917551117,10.4272055340421],[-75.5253973658409,10.4273137088603],[-75.5254050130798,10.4275604851753],[-75.5251834670351,10.4277294015022],[-75.5249279679861,10.4283136504135],[-75.5248184227854,10.4283979780817],[-75.5247180319611,10.4285033860717]]]},"properties":{"FID":19,"CODIGO":"1100","NOMBRE":"CERRO DE LA POPA","UCG":2,"LOC":"LH","ZONA":"UCG 2","Shape__Area":683427.7265625,"Shape__Length":4363.4893998565412}},{"type":"Feature","id":20,"geometry":{"type":"Polygon","coordinates":[[[-75.5200403242082,10.4265359981108],[-75.5201474359743,10.4261319193892],[-75.5206313135323,10.4263527689395],[-75.5212523034264,10.4265292952253],[-75.5214873569666,10.4265946944698],[-75.5212548722308,10.4273135039615],[-75.5212324542097,10.4277654067473],[-75.5212263627362,10.4278881985319],[-75.5211903247423,10.4284609864494],[-75.521128021889,10.4290089435179],[-75.5210969963298,10.4293583134258],[-75.5214747713967,10.4295092807338],[-75.5214053975682,10.4300175799925],[-75.521341479996,10.4303006059411],[-75.5208431093962,10.43086361853],[-75.5206933110574,10.4310565263038],[-75.5205732767432,10.4315202780554],[-75.5198500008535,10.4311350983432],[-75.5197306742799,10.430927655898],[-75.5196510236065,10.4309153171089],[-75.5193442650737,10.4307402505112],[-75.5194433943044,10.4305858902373],[-75.518939691585,10.4302726122029],[-75.5189415405934,10.4302524733443],[-75.5189739653078,10.4300426506691],[-75.5189428970492,10.429878651021],[-75.518949795559,10.4296907337255],[-75.5189187262548,10.4294823172949],[-75.5188082656526,10.4290586522182],[-75.5187589985383,10.4289985966894],[-75.5177256635691,10.4294434610619],[-75.5176747081818,10.4293497909868],[-75.5177875262369,10.4289967206502],[-75.5178530349756,10.4288670208317],[-75.5180168098736,10.4286940860994],[-75.5181150757424,10.428636440229],[-75.5183516366059,10.4282797642458],[-75.5184765657472,10.4280583277554],[-75.5186770487946,10.4281459897267],[-75.5188004861312,10.4277990313119],[-75.5188401611431,10.4276375542166],[-75.5190474360089,10.42757579599],[-75.5191556731968,10.4274828416016],[-75.5192350895733,10.4273637768808],[-75.5196020461647,10.4274979070936],[-75.5200403242082,10.4265359981108]]]},"properties":{"FID":20,"CODIGO":"1150","NOMBRE":"SAN BERNARDO","UCG":3,"LOC":"LH","ZONA":"UCG 3","Shape__Area":134636.4365234375,"Shape__Length":1844.4972854911223}},{"type":"Feature","id":21,"geometry":{"type":"Polygon","coordinates":[[[-75.5303938187109,10.4273989519908],[-75.5301299006454,10.4272426193985],[-75.5301129925855,10.427086165448],[-75.5299618943973,10.4270074548721],[-75.5299300807255,10.4269316892435],[-75.5299156763683,10.4269360439596],[-75.529827479452,10.4269721776319],[-75.5297763949862,10.4269817406813],[-75.5295202865935,10.4266935189496],[-75.5293400629773,10.426685233206],[-75.5291843086304,10.4267676312821],[-75.5291284216184,10.4266981920229],[-75.5290404300144,10.4266005067911],[-75.5287493797188,10.4268611302544],[-75.5283787066656,10.4271794647292],[-75.5280194111386,10.4267162047767],[-75.5272099311454,10.4257818935426],[-75.5276984284148,10.4251401720165],[-75.5279616586327,10.4249562179477],[-75.5279461485572,10.4244810394118],[-75.528178388825,10.4239292059793],[-75.5286274376823,10.4238218832735],[-75.5288587823535,10.4238125428788],[-75.5291384239076,10.4236992281045],[-75.5292467934365,10.4233006844664],[-75.5292777282141,10.4227028763839],[-75.5286273397324,10.4220591209917],[-75.527992446652,10.4215686471263],[-75.5276827310354,10.4210934837749],[-75.5276982042582,10.4208788858027],[-75.5279810697423,10.4208385711077],[-75.5280435349672,10.4210656271464],[-75.5281922763173,10.4212741955884],[-75.528399885042,10.4213876745466],[-75.5286756619518,10.4215011496548],[-75.529097069249,10.4215870107285],[-75.5291497515841,10.4217096997172],[-75.5292055390255,10.4219458785632],[-75.5292706128466,10.4220194900575],[-75.5294994392116,10.4223203511557],[-75.5295946411,10.4224206874335],[-75.5295978905773,10.4224249758441],[-75.5296217686595,10.4224566112896],[-75.5296937362478,10.4225208291244],[-75.529792964556,10.4226131087485],[-75.5298810654371,10.4226543857641],[-75.5303334822861,10.4231021845766],[-75.5307270219201,10.4234579673899],[-75.5312600016223,10.4238689523636],[-75.5320428083451,10.4244000975582],[-75.5321442488589,10.4244389184318],[-75.5324578079835,10.4245872493814],[-75.5324810184804,10.4246092662902],[-75.5324497310558,10.4246482073552],[-75.5323436413202,10.4250518110043],[-75.5324218380974,10.4251292079182],[-75.5323771684099,10.4252950724992],[-75.5325593924459,10.4254005858552],[-75.5327402152672,10.425505139649],[-75.532662032699,10.4256378341968],[-75.5329915678627,10.42582578842],[-75.5328687142482,10.4261022327858],[-75.5330809599386,10.4262570225106],[-75.5331088933226,10.4263675950052],[-75.533203857275,10.4266053234587],[-75.5330363100806,10.4267048519019],[-75.5330642427179,10.426804366957],[-75.5329469589739,10.4268651908725],[-75.532850412889,10.4268128390113],[-75.5328158582875,10.4268584528735],[-75.5327006729769,10.4269633671438],[-75.5325923999224,10.4270796837913],[-75.5323620293738,10.4272963538554],[-75.5321408379729,10.42697480716],[-75.5319150369179,10.4266167713817],[-75.5318643448884,10.4265050264197],[-75.5318228741327,10.4264822233321],[-75.5317677887518,10.4265809985937],[-75.5316639568984,10.4272211402553],[-75.5315070136371,10.4273978565285],[-75.5314174556804,10.4273921991456],[-75.5313368153681,10.4273078229113],[-75.5310557679276,10.4276658909433],[-75.5308329030983,10.4278603611003],[-75.5306200202708,10.427669533643],[-75.5303831269098,10.4274571827804],[-75.5303938187109,10.4273989519908]]]},"properties":{"FID":21,"CODIGO":"1250","NOMBRE":"NARIÑO","UCG":2,"LOC":"LH","ZONA":"UCG 2","Shape__Area":228755.517578125,"Shape__Length":2818.9889259072374}},{"type":"Feature","id":22,"geometry":{"type":"Polygon","coordinates":[[[-75.5355709993129,10.4236616339633],[-75.5353022075737,10.4235567606007],[-75.534934165213,10.4235616592515],[-75.5346584436643,10.4236134165824],[-75.5345321117795,10.4236339130138],[-75.5341157806032,10.4234806705604],[-75.5338512510468,10.4233470877487],[-75.5336204395223,10.423149829322],[-75.5338139754608,10.4228987283342],[-75.5342703526538,10.4227146868401],[-75.5347737051344,10.4225496177733],[-75.5349242761515,10.422403059122],[-75.5357198584349,10.4225849759148],[-75.5361827755359,10.4226775137919],[-75.5369496442381,10.4230199756142],[-75.5381828334171,10.4239739271245],[-75.5381997793838,10.423657512368],[-75.5378212123178,10.4228091057171],[-75.537127225979,10.4217979887021],[-75.5378893562563,10.4214183739504],[-75.5386888897234,10.4210202394312],[-75.5391705012835,10.4210294550745],[-75.5394463808199,10.4210896037425],[-75.5403394916563,10.4213765020985],[-75.5405405596025,10.4214505426754],[-75.5410455823391,10.4217883899166],[-75.5412279624043,10.4220198070559],[-75.5413074566945,10.4220707151106],[-75.5415038552788,10.4222049284071],[-75.5418949978832,10.4223802123677],[-75.5419888961631,10.4225607768114],[-75.541881482019,10.4227863830565],[-75.5418366043359,10.4230866108904],[-75.5419236180953,10.4232776805156],[-75.5418092864134,10.4233720140719],[-75.5416568403991,10.4234600630438],[-75.5415299415314,10.4235018779233],[-75.5416015771399,10.4236178918825],[-75.5415820538336,10.4237274688957],[-75.5417151014628,10.4238923768254],[-75.5417967433499,10.4240641428479],[-75.5419277121518,10.4246226290885],[-75.5412933073549,10.4245781616063],[-75.541083152576,10.4249852605529],[-75.5409603632095,10.4251971235042],[-75.5403352361688,10.4247846628263],[-75.5399672260716,10.4253625260236],[-75.5396939024635,10.4251424512262],[-75.5389906280787,10.4245817461259],[-75.5388057728546,10.4246825740098],[-75.5386619332996,10.4247289200865],[-75.5384935611867,10.4249131392559],[-75.5380911071168,10.4254520630171],[-75.5372977085403,10.4248912773598],[-75.5362821089761,10.4241368578113],[-75.5357707116913,10.4237569730859],[-75.5355709993129,10.4236616339633]]]},"properties":{"FID":22,"CODIGO":"1400","NOMBRE":"ESPINAL","UCG":2,"LOC":"LH","ZONA":"UCG 2","Shape__Area":242883.166015625,"Shape__Length":2934.1029570471997}},{"type":"Feature","id":23,"geometry":{"type":"Polygon","coordinates":[[[-75.5320428083451,10.4244000975582],[-75.5312600016223,10.4238689523636],[-75.5307270219201,10.4234579673899],[-75.5303334822861,10.4231021845766],[-75.5298810654371,10.4226543857641],[-75.529792964556,10.4226131087485],[-75.5296937362478,10.4225208291244],[-75.5296217686595,10.4224566112896],[-75.5295978905773,10.4224249758441],[-75.5295946411,10.4224206874335],[-75.5294994392116,10.4223203511557],[-75.5292706128466,10.4220194900575],[-75.5292055390255,10.4219458785632],[-75.5291497515841,10.4217096997172],[-75.529097069249,10.4215870107285],[-75.5286756619518,10.4215011496548],[-75.528399885042,10.4213876745466],[-75.5281922763173,10.4212741955884],[-75.5280435349672,10.4210656271464],[-75.5279810697423,10.4208385711077],[-75.5280844246157,10.4208209805047],[-75.5282620656821,10.4207889980525],[-75.5283234310961,10.4207506271356],[-75.5284332455699,10.4207314374227],[-75.5284929981328,10.4207314342005],[-75.5285075343922,10.4207650051002],[-75.5285430709013,10.4209088818272],[-75.5285818281908,10.4208880972535],[-75.5290210882225,10.4208481068095],[-75.5291599703208,10.4208081327561],[-75.529303696633,10.4207585664584],[-75.5292293986312,10.4205667324497],[-75.5292121030461,10.4204380487743],[-75.5297994200044,10.4201497244154],[-75.5304903680103,10.4198190176473],[-75.5305385496869,10.4198102036173],[-75.5306109398496,10.4198763436586],[-75.5308790279161,10.4202046607961],[-75.531350106295,10.4206695800397],[-75.5318892651784,10.4211320793675],[-75.5328127204161,10.4216912550132],[-75.5334060746846,10.4219716542922],[-75.5339955396647,10.422185089935],[-75.5345131133325,10.4222917911927],[-75.5349242761515,10.422403059122],[-75.5347737051344,10.4225496177733],[-75.5342703526538,10.4227146868401],[-75.5338139754608,10.4228987283342],[-75.5336204395223,10.423149829322],[-75.5338512510468,10.4233470877487],[-75.5338335692319,10.4233723706231],[-75.5337142860094,10.4235442237762],[-75.5336337047876,10.4236971865212],[-75.5333823982235,10.4240123411454],[-75.5332986269188,10.4240842203156],[-75.5331422609613,10.4243219660804],[-75.5329970403724,10.424205872864],[-75.5329691172014,10.424239047091],[-75.5328350688089,10.4241505966453],[-75.5327457065481,10.4241395452325],[-75.5326451930124,10.4244049305937],[-75.5324810184804,10.4246092662902],[-75.5324578079835,10.4245872493814],[-75.5321442488589,10.4244389184318],[-75.5320428083451,10.4244000975582]]]},"properties":{"FID":23,"CODIGO":"1500","NOMBRE":"LO AMADOR","UCG":2,"LOC":"LH","ZONA":"UCG 2","Shape__Area":174567.1298828125,"Shape__Length":2093.853457812816}},{"type":"Feature","id":24,"geometry":{"type":"Polygon","coordinates":[[[-75.4577809168474,10.4036028363575],[-75.4580885168976,10.4039981958143],[-75.4585379485283,10.4044043790845],[-75.460213564745,10.4055797742476],[-75.4604797631581,10.4056511016014],[-75.4604083565647,10.406493824458],[-75.4607126078737,10.4065848964762],[-75.4611262671479,10.4066500315328],[-75.4616079660593,10.4064189171756],[-75.4619964487066,10.4064372435044],[-75.4621966555672,10.4064737632522],[-75.4624447628538,10.406613477968],[-75.4627366102849,10.4070614514896],[-75.4628460694771,10.4078744817963],[-75.4642809997635,10.4090483651729],[-75.4646784175963,10.4092408219757],[-75.4648648171104,10.4094640374268],[-75.4652124281834,10.4104799255472],[-75.4653232009143,10.4108278619601],[-75.4655308555116,10.4109447611884],[-75.4657736570028,10.4111749308334],[-75.4660424746876,10.4114297625581],[-75.4663817894991,10.4118490241421],[-75.4676076873297,10.411847812357],[-75.4684486173305,10.4123328534097],[-75.4685414767913,10.4128781998355],[-75.4685992950976,10.4136982702611],[-75.4679504607482,10.4138472855752],[-75.4681645509508,10.4156709502441],[-75.4662933901514,10.4157853872716],[-75.4680584964012,10.4186246580714],[-75.4657921250916,10.419929866216],[-75.4647386428036,10.4205301645101],[-75.4620083727185,10.4221497503582],[-75.4609673971844,10.422887504575],[-75.4616605789097,10.4237692345527],[-75.4599388446855,10.4245849674918],[-75.4588754950934,10.4226413428521],[-75.4577558744908,10.4206040919399],[-75.4548935727974,10.4153842077234],[-75.4540368040947,10.413660629499],[-75.4537154969962,10.4131302868972],[-75.4533675417627,10.4118707971248],[-75.4531668344091,10.4109560189572],[-75.4530329785527,10.4106245664516],[-75.4527845524421,10.4102465603113],[-75.4525202584354,10.4099708702578],[-75.4520421866205,10.4095903288881],[-75.451627110279,10.4092455665822],[-75.4513057839194,10.4088610498899],[-75.4506093696713,10.4074116418411],[-75.4513064012682,10.4069551077206],[-75.4525414497499,10.4063832684979],[-75.4530832500167,10.4061400300619],[-75.45378146755,10.4057759429796],[-75.4549109810978,10.4050809974246],[-75.4565909254404,10.404222376537],[-75.4577809168474,10.4036028363575]]]},"properties":{"FID":24,"CODIGO":"1600","NOMBRE":"EL POZON","UCG":6,"LOC":"LV","ZONA":"UCG 6","Shape__Area":2474124.71484375,"Shape__Length":7156.7679107660906}},{"type":"Feature","id":25,"geometry":{"type":"Polygon","coordinates":[[[-75.5308790279161,10.4202046607961],[-75.5306109398496,10.4198763436586],[-75.5305385496869,10.4198102036173],[-75.5302211402138,10.4194078440573],[-75.5299260041354,10.419005482869],[-75.5295417753872,10.4185480061567],[-75.52933017058,10.4182779284579],[-75.5290950807136,10.4179680717856],[-75.5287176326629,10.4175007654899],[-75.5285394391717,10.4172527335636],[-75.5280327085801,10.4166519486476],[-75.5273589306248,10.4159243945335],[-75.5271306296877,10.4157425087604],[-75.5264599995207,10.4153170594523],[-75.5258947562974,10.4149618239196],[-75.5253153812236,10.4145850661443],[-75.5244745803189,10.4140449224385],[-75.5248977605924,10.414226801855],[-75.5255381051478,10.4146126164383],[-75.5260002658933,10.4148496130127],[-75.5263789003397,10.4149653480714],[-75.5266016254376,10.4150094337353],[-75.5269245767747,10.4150700504502],[-75.5273452777085,10.4151822210548],[-75.5274447140086,10.4152087334535],[-75.5280492548825,10.4137085200859],[-75.528492533408,10.4127155300322],[-75.5285585650661,10.4126107215849],[-75.5286033902919,10.4125458490194],[-75.5286421061406,10.4125254055042],[-75.5286859859558,10.412535623817],[-75.5287350266114,10.4125202900794],[-75.5287892302418,10.4125177319318],[-75.5288485987209,10.412561166662],[-75.5288718310699,10.4125994930241],[-75.52888473587,10.4125841612549],[-75.5289363590993,10.4125943791057],[-75.5289544283286,10.4126173746905],[-75.5290034671001,10.4125688236215],[-75.5290499280656,10.4125790417409],[-75.5291918912346,10.4125943648565],[-75.5294654944201,10.4126480080733],[-75.5295042139495,10.4126914438581],[-75.5294990537677,10.4127272166191],[-75.5295326067161,10.4126965525868],[-75.5295764853876,10.4126863293682],[-75.5296152029885,10.4126965478495],[-75.5295997175352,10.4127195453247],[-75.529576488678,10.4127425432434],[-75.529558422235,10.4127680960408],[-75.5295635849515,10.4127757612733],[-75.5295949662168,10.4127706267824],[-75.5296384345407,10.4127195430986],[-75.5296823145658,10.4127323164508],[-75.5297520078965,10.412778305593],[-75.5297907256657,10.4127910792291],[-75.529834605252,10.412796187032],[-75.5298655803831,10.41282173699],[-75.5299042993803,10.4128549520214],[-75.5299585048908,10.4128830557893],[-75.5300256168534,10.4129239346702],[-75.5300772412511,10.4129520385695],[-75.5301185421925,10.4129980293029],[-75.5302011411731,10.4130414624079],[-75.5302579284994,10.4130797866759],[-75.5302889033823,10.4131002262403],[-75.5303095532545,10.4131130008895],[-75.5303379468511,10.413130885427],[-75.530366340451,10.4131487699619],[-75.5304153833094,10.4131692084324],[-75.5304902392769,10.4132177522787],[-75.5305754206088,10.4132790713632],[-75.5306244655565,10.4133327270898],[-75.5306709276386,10.4133582760295],[-75.5307535269495,10.4134042641667],[-75.5307999895312,10.4134374786154],[-75.5308541965022,10.4134860236384],[-75.5309006587859,10.4135141277203],[-75.5309367965161,10.4135422324318],[-75.5309548651424,10.413552452022],[-75.5309548659465,10.4135652279019],[-75.5310916733627,10.413675092003],[-75.5312594583394,10.4138437231533],[-75.5313291537863,10.4139152637075],[-75.5314272436612,10.4140149093895],[-75.5315434036017,10.4141452160044],[-75.5316673074114,10.4142806324328],[-75.5317137718895,10.4143393985054],[-75.5317447491656,10.4143930552129],[-75.5317550764326,10.414433937364],[-75.5317447530123,10.4144518242573],[-75.5317576605928,10.4144799303634],[-75.5317731488215,10.4145003707757],[-75.531755082122,10.4145208133423],[-75.5317318542928,10.4145591424697],[-75.5317550853013,10.414569361683],[-75.5317731516687,10.4145438087647],[-75.5318118685632,10.4145386959238],[-75.5318402627104,10.4145616906777],[-75.5318867250732,10.4145872394384],[-75.5318944695311,10.414602569993],[-75.5318944713843,10.4146306769269],[-75.5319151202421,10.4146255652404],[-75.5319486741701,10.4146102320136],[-75.5319977163439,10.4146153391844],[-75.5320286923393,10.4146485544571],[-75.5320803212794,10.4147379822485],[-75.5320906462206,10.4147430919268],[-75.5321190390443,10.4147456452494],[-75.5321371093124,10.4147788613539],[-75.5321345314,10.4148274098624],[-75.5321497101461,10.4148201819254],[-75.5321623578845,10.4148151727817],[-75.5321889191721,10.4148201793583],[-75.5322268646489,10.4148389580547],[-75.5323616826802,10.4149755951288],[-75.5324468650277,10.4150394688828],[-75.5324804217458,10.4150650184123],[-75.5325578605074,10.415126337475],[-75.5326482061168,10.4152029867089],[-75.532653367901,10.4151953208361],[-75.5326843413994,10.4151902084083],[-75.5327230602861,10.41521320239],[-75.5327772646992,10.4152157539183],[-75.5328263090937,10.4152515230702],[-75.532870192072,10.4153000684422],[-75.5328676137396,10.4153409514277],[-75.5328598722138,10.4153690588839],[-75.5328366416386,10.4153665052785],[-75.5328211559383,10.4153843925542],[-75.5328443881006,10.4154099427417],[-75.5328624560147,10.4154073863444],[-75.5328882672192,10.4154022742461],[-75.5329476299053,10.4153460563554],[-75.5329915113188,10.4153716051294],[-75.5330534624304,10.4154201492459],[-75.5330896011075,10.4154559192372],[-75.5331386457538,10.4154942435162],[-75.5331618784865,10.4155274592073],[-75.5331825295302,10.415553009547],[-75.5331980195166,10.4155964464693],[-75.5331954412247,10.4156373294567],[-75.5331618870694,10.4156501076377],[-75.533123171131,10.4156705516955],[-75.5331386591503,10.4156858816886],[-75.5331696323313,10.4156756588628],[-75.5331902819531,10.4156807677967],[-75.5332315811987,10.4156909856607],[-75.5332728806266,10.4157037586949],[-75.5332857891149,10.4157420854393],[-75.5332986958071,10.415754860427],[-75.5333064405428,10.4157727461218],[-75.5333012807446,10.4158085189364],[-75.5332961189662,10.4158161848195],[-75.5332799073174,10.4158335730731],[-75.5333219366814,10.4159030590075],[-75.5333890439463,10.4158621715552],[-75.5334183331981,10.4158347013867],[-75.5334528186325,10.4157948677356],[-75.53356203306,10.415817620846],[-75.5336367600575,10.4158517566962],[-75.5336367629052,10.4158915879525],[-75.5337229909186,10.4159940051298],[-75.5338322132319,10.4161248715559],[-75.5339931689204,10.416267114624],[-75.5340219133138,10.41632401437],[-75.5341541243386,10.4164036674303],[-75.534223108913,10.4165117758839],[-75.534263354084,10.4166312667515],[-75.5342691063249,10.416688168129],[-75.5342748594048,10.4167564498645],[-75.5343323446188,10.4168190376874],[-75.5344013247182,10.4168645541297],[-75.5344588133515,10.4169726633617],[-75.534464563103,10.4169954236603],[-75.5345162961051,10.4170011100765],[-75.5345852766952,10.4170523166574],[-75.5347117413822,10.4171490404396],[-75.5348209585134,10.4172002440121],[-75.5349704160431,10.4173026561727],[-75.5350106598735,10.4173993862242],[-75.5350279071135,10.4174392161933],[-75.5351486175039,10.4174505875452],[-75.535292317573,10.4174278160493],[-75.5353900374333,10.4174619497546],[-75.5354647654609,10.4175017753521],[-75.5355337485222,10.4175814326204],[-75.5355797366597,10.4176269505525],[-75.5356717040986,10.4176041828213],[-75.5357809161951,10.4175871039191],[-75.535918869102,10.4175757129407],[-75.5360093672198,10.4175998601823],[-75.5356301175584,10.418392664391],[-75.5355701791301,10.4186980997982],[-75.535242774597,10.4206733655041],[-75.5336763594944,10.420492960627],[-75.5335220767132,10.4207660638156],[-75.5328127204161,10.4216912550132],[-75.5318892651784,10.4211320793675],[-75.531350106295,10.4206695800397],[-75.5308790279161,10.4202046607961]]]},"properties":{"FID":25,"CODIGO":"1650","NOMBRE":"PIE DE LA POPA","UCG":1,"LOC":"LH","ZONA":"UCG 1","Shape__Area":527737.9150390625,"Shape__Length":3865.8443131686245}},{"type":"Feature","id":26,"geometry":{"type":"Polygon","coordinates":[[[-75.5147394964004,10.4180456175886],[-75.5143583903039,10.4177712476108],[-75.5140898829971,10.417454005248],[-75.5138906692362,10.4173339683702],[-75.5137264452453,10.4172759091517],[-75.5142000932839,10.4152927888081],[-75.5145386337758,10.4142792628634],[-75.5148129311782,10.4135797632601],[-75.5151975902734,10.413582931944],[-75.5158611266315,10.4135480172728],[-75.5179071776467,10.4133735063975],[-75.5178717975321,10.4129288180869],[-75.517875321053,10.4122915470714],[-75.5174544051177,10.4119694185898],[-75.5180124527014,10.4119033343817],[-75.5182298845223,10.4118961548235],[-75.518418326063,10.4119176752272],[-75.5192953135944,10.4123768455564],[-75.520232637901,10.4128200613177],[-75.5203027634746,10.4128431846532],[-75.5216216432483,10.4130703113048],[-75.5216418119177,10.413098766641],[-75.5216780649226,10.4132141815487],[-75.5216661329522,10.4132850677065],[-75.5215430901922,10.413486223542],[-75.5212340793028,10.4137321558279],[-75.5218571154714,10.4142617097351],[-75.5220480721043,10.4144546701252],[-75.5220122754734,10.4146437000338],[-75.5220838852107,10.4147421500553],[-75.5222271089697,10.4150571929816],[-75.5222211656063,10.4151611799879],[-75.5220728140046,10.415398432069],[-75.5218070319184,10.4157711934392],[-75.5214637311239,10.4163138883357],[-75.5212588588946,10.4166811656202],[-75.521055584649,10.4171677683904],[-75.5202517916367,10.4170781193427],[-75.5197186024927,10.4170243275241],[-75.5197123763254,10.4171507483197],[-75.5193261405522,10.4171230074795],[-75.5188995606873,10.4171028787602],[-75.5186782626723,10.4171322735468],[-75.5186595773234,10.417277195192],[-75.5184477702765,10.4172494491835],[-75.5181144849305,10.4171692873692],[-75.5180553073169,10.41733271043],[-75.5179836704326,10.4174961337422],[-75.5178497374611,10.4176626417655],[-75.5176744974344,10.4178880919574],[-75.5174935413777,10.4181070858705],[-75.5169688607194,10.4181125919906],[-75.5164923476077,10.41806704092],[-75.5162498523257,10.418024664209],[-75.5160638544331,10.4180246670854],[-75.5159555885008,10.4181236011171],[-75.5155225195892,10.4181923103095],[-75.5152810007721,10.4182665127795],[-75.5150513102205,10.41820852353],[-75.5147394964004,10.4180456175886]]]},"properties":{"FID":26,"CODIGO":"1800","NOMBRE":"LA ESPERANZA","UCG":4,"LOC":"LV","ZONA":"UCG 4","Shape__Area":433414.0634765625,"Shape__Length":2972.14272446921}},{"type":"Feature","id":27,"geometry":{"type":"Polygon","coordinates":[[[-75.5240458702703,10.4189900082017],[-75.5238571236503,10.4187594472816],[-75.5239321860728,10.4185736604313],[-75.5239368698366,10.4183739425773],[-75.52398377999,10.4181649338439],[-75.5238007971223,10.418160296499],[-75.5237068818949,10.4181219810372],[-75.523607774701,10.4180676125278],[-75.5237128418045,10.4178643030757],[-75.5238024380831,10.4176361961922],[-75.523136739146,10.4172946095464],[-75.5228584592814,10.417179841849],[-75.5226689508435,10.4171057548549],[-75.5225576348631,10.4170632746103],[-75.5223893857395,10.4174126448682],[-75.5220463408555,10.417297172998],[-75.521727213929,10.4172478225139],[-75.5213008811492,10.4172034112231],[-75.521055584649,10.4171677683904],[-75.5212588588946,10.4166811656202],[-75.5214637311239,10.4163138883357],[-75.5218070319184,10.4157711934392],[-75.5220728140046,10.415398432069],[-75.5222211656063,10.4151611799879],[-75.5222271089697,10.4150571929816],[-75.5220838852107,10.4147421500553],[-75.5220122754734,10.4146437000338],[-75.5220480721043,10.4144546701252],[-75.5218571154714,10.4142617097351],[-75.5212340793028,10.4137321558279],[-75.5215430901922,10.413486223542],[-75.5216661329522,10.4132850677065],[-75.5216780649226,10.4132141815487],[-75.5216418119177,10.413098766641],[-75.5216216432483,10.4130703113048],[-75.5218757522213,10.4130487411742],[-75.5223948785404,10.4130233428283],[-75.5225956089349,10.4130392326284],[-75.5230825322533,10.4131520270139],[-75.5235836677056,10.4134496580685],[-75.5244745803188,10.4140449224385],[-75.5253153812236,10.4145850661443],[-75.5258947562974,10.4149618239197],[-75.5264599995207,10.4153170594523],[-75.5271306296877,10.4157425087604],[-75.5273589306248,10.4159243945335],[-75.5280327085801,10.4166519486476],[-75.5285394391717,10.4172527335636],[-75.5287176326629,10.4175007654899],[-75.5290950807135,10.4179680717856],[-75.52933017058,10.4182779284579],[-75.5295417753872,10.4185480061567],[-75.5299260041354,10.419005482869],[-75.5302211402138,10.4194078440573],[-75.5305385496868,10.4198102036173],[-75.5304903680103,10.4198190176473],[-75.5297994200044,10.4201497244153],[-75.5292121030461,10.4204380487743],[-75.5292293986312,10.4205667324498],[-75.5293036966329,10.4207585664584],[-75.5291599703208,10.4208081327561],[-75.5290210882225,10.4208481068096],[-75.5285818281908,10.4208880972536],[-75.5285430709013,10.4209088818273],[-75.5285075343922,10.4207650051002],[-75.5284929981327,10.4207314342005],[-75.5284332455699,10.4207314374227],[-75.5283234310961,10.4207506271357],[-75.5282620656821,10.4207889980525],[-75.5280844246157,10.4208209805047],[-75.5279810697423,10.4208385711077],[-75.5280102958424,10.420533887544],[-75.5280842311093,10.4202593668025],[-75.5282829587166,10.4200214416525],[-75.5283430370269,10.419911631698],[-75.5282875716155,10.4198567312914],[-75.5282865325459,10.4193613462683],[-75.527744542971,10.4187022547589],[-75.5277754996066,10.4184723275787],[-75.5275277383672,10.4182577430982],[-75.5277135403079,10.4180584647293],[-75.5272025337876,10.4176139678663],[-75.5270322068515,10.4176293047056],[-75.5268928424439,10.4175220129547],[-75.5262115626008,10.4181658372714],[-75.5259173467345,10.4178899402219],[-75.5263044407516,10.4175833547404],[-75.5261805638703,10.4175373754402],[-75.5257470025317,10.4175373954283],[-75.5255835379703,10.4173990339149],[-75.5252514825826,10.4170622379802],[-75.5248643714925,10.4169856128624],[-75.5242759659343,10.416939652305],[-75.5242604892844,10.4171235934204],[-75.5250347164306,10.4173841432593],[-75.5250037808156,10.418135234867],[-75.5248489511851,10.4184571373242],[-75.5242875199021,10.4184640268219],[-75.5240458702703,10.4189900082017]]]},"properties":{"FID":27,"CODIGO":"1850","NOMBRE":"LA QUINTA","UCG":4,"LOC":"LV","ZONA":"UCG 4","Shape__Area":335369.2138671875,"Shape__Length":4090.9019539895762}},{"type":"Feature","id":28,"geometry":{"type":"Polygon","coordinates":[[[-75.5144393033188,10.4102388218728],[-75.5155558424435,10.4107290766036],[-75.5159312845279,10.4109453316485],[-75.5165991360678,10.4113939459544],[-75.5174544051177,10.4119694185898],[-75.517875321053,10.4122915470714],[-75.5178717975321,10.4129288180869],[-75.5179071776467,10.4133735063975],[-75.5158611266315,10.4135480172728],[-75.5151975902734,10.413582931944],[-75.5148129311782,10.4135797632601],[-75.5145386337758,10.4142792628634],[-75.5142000932839,10.4152927888081],[-75.5137264452453,10.4172759091517],[-75.5135268886494,10.4172053584158],[-75.5132237388566,10.4171710637232],[-75.5129736386797,10.4170943483049],[-75.5128220895107,10.4170121806992],[-75.5124701947497,10.4169309903584],[-75.5120631081159,10.4167766563448],[-75.5116473604463,10.4165965992635],[-75.5113615342064,10.4164851350995],[-75.5110757081623,10.4163908190534],[-75.5106512998782,10.4163822444111],[-75.5102701984817,10.4164079660837],[-75.50994972696,10.4163908166115],[-75.5096205945569,10.4162793507187],[-75.5093261081442,10.4161335879436],[-75.509135557862,10.4160992900189],[-75.5087803148717,10.4161341827675],[-75.5090983923957,10.4148895056041],[-75.5101114387678,10.4119503204008],[-75.5103446357511,10.4111273756546],[-75.5104287256635,10.4107760060473],[-75.5104657270966,10.4101557908557],[-75.5114134096504,10.410143098903],[-75.5121592582185,10.4100483744697],[-75.5127505893414,10.4099948890636],[-75.5132851114005,10.4099916509064],[-75.513853821329,10.4100696001479],[-75.5144393033188,10.4102388218728]]]},"properties":{"FID":28,"CODIGO":"1900","NOMBRE":"LA CANDELARIA","UCG":4,"LOC":"LV","ZONA":"UCG 4","Shape__Area":492410.9111328125,"Shape__Length":3080.0022925789253}},{"type":"Feature","id":29,"geometry":{"type":"Polygon","coordinates":[[[-75.5070402623245,10.4101190044606],[-75.507678579002,10.4102518691354],[-75.5077966647512,10.4097088281182],[-75.506737217927,10.4094840235756],[-75.5067578723866,10.408964055286],[-75.5067509654786,10.4081078600109],[-75.5067391412593,10.4070963290013],[-75.5094903680765,10.4076038549789],[-75.5099217360967,10.4076789052909],[-75.5098641173183,10.4079152105585],[-75.51010693488,10.4080170673039],[-75.5105514148225,10.4082370770899],[-75.5109137424214,10.4083843079946],[-75.5106031036894,10.4093341172715],[-75.5104612600754,10.4099073323998],[-75.5104657270967,10.4101557908557],[-75.5104287256636,10.4107760060473],[-75.5103446357511,10.4111273756546],[-75.5101114387678,10.4119503204008],[-75.5090983923957,10.4148895056041],[-75.5087803148717,10.4161341827675],[-75.5086245356052,10.4161593056143],[-75.5083906779898,10.4161764520165],[-75.5082001244145,10.4164936952025],[-75.5079662646666,10.4166908992183],[-75.5076804382998,10.416699470384],[-75.5074292589733,10.4165880030895],[-75.5072387092736,10.4165022589154],[-75.507013513183,10.4164851076708],[-75.5066843799945,10.416493677377],[-75.5064158752571,10.4165879895266],[-75.5063379223975,10.4166051367242],[-75.5060607574649,10.4166137065753],[-75.5057662710551,10.4165451082109],[-75.5056308475682,10.4165048876941],[-75.5058727262166,10.4153428730068],[-75.5059971635608,10.4148180371365],[-75.5061324220218,10.4141887693316],[-75.506162179469,10.4140093609102],[-75.5064733439775,10.4125517468454],[-75.5067574107809,10.4113340557731],[-75.5068492812939,10.410962097276],[-75.5069196139631,10.4106380910554],[-75.5070402623245,10.4101190044606]]]},"properties":{"FID":29,"CODIGO":"2000","NOMBRE":"BOSTON","UCG":4,"LOC":"LV","ZONA":"UCG 4","Shape__Area":387343.4013671875,"Shape__Length":3082.8684597817005}},{"type":"Feature","id":30,"geometry":{"type":"Polygon","coordinates":[[[-75.5230825322533,10.4131520270139],[-75.5227069232453,10.4119492018957],[-75.5248905413728,10.4111473217855],[-75.5249958252347,10.4112373268999],[-75.5251202503393,10.4113131191015],[-75.5251681071859,10.4113652278567],[-75.5252733909881,10.4114504955297],[-75.5253547460714,10.4115026027835],[-75.5254600278191,10.4115404969061],[-75.5255318107451,10.4115641804475],[-75.5255557391114,10.4115878661205],[-75.5257423782988,10.411725240819],[-75.5258093784737,10.4118057727],[-75.525809379135,10.4118199847462],[-75.525876376026,10.4118294563819],[-75.5259768738224,10.4118957746449],[-75.5260821566749,10.4119526179565],[-75.5261778695425,10.4120284110754],[-75.5261587312986,10.4121042095481],[-75.526225725767,10.4120615702754],[-75.526292722722,10.4120710418237],[-75.5263357957838,10.4121515747188],[-75.5263133865519,10.4122129803608],[-75.5263405851329,10.412232109419],[-75.5264267230768,10.4122226306396],[-75.5264937223798,10.4122794756317],[-75.5264745830446,10.4123315873791],[-75.5265559350801,10.412312634096],[-75.5266947164597,10.4123694755971],[-75.5268526388242,10.412407366709],[-75.5269579210556,10.4124452603363],[-75.5269818395955,10.4122699772624],[-75.5270392599468,10.4121657527596],[-75.5271422723758,10.4121630500266],[-75.5272354633198,10.4121515309538],[-75.5273168103989,10.412037830505],[-75.5273997793634,10.41201923313],[-75.5274508028969,10.4120283490393],[-75.5275841778559,10.411977900386],[-75.5276948595556,10.4119904377781],[-75.5277193486779,10.4120857755125],[-75.5277235825562,10.4121846675915],[-75.5277522963518,10.4122036155037],[-75.5277762261849,10.4122509877522],[-75.5277714442183,10.4123173108795],[-75.5278240851201,10.412331520198],[-75.5278145164397,10.4123741568312],[-75.5277762341885,10.4124025829054],[-75.5277714492192,10.41241205785],[-75.5278240911403,10.4124452165624],[-75.527843232016,10.4124262661745],[-75.5278863019994,10.4124404759797],[-75.5278815155226,10.4124215268349],[-75.5279245834882,10.4123978378469],[-75.5279724379285,10.4123930979967],[-75.5280729343108,10.4124215168107],[-75.5280825047407,10.4124120416095],[-75.5280968588548,10.4123694047161],[-75.5281782113138,10.4123599257181],[-75.528259566342,10.4123978201845],[-75.528249997976,10.412445194179],[-75.5281925741301,10.4124783586694],[-75.5282499987478,10.4124594062244],[-75.528312209345,10.4124499282105],[-75.5283457060836,10.4124215023286],[-75.5284318447981,10.4124262350555],[-75.5285131988291,10.4124451800633],[-75.52857499515,10.4124973022128],[-75.5286111321301,10.4125177416605],[-75.5286033902919,10.4125458490194],[-75.5285585650661,10.4126107215849],[-75.528492533408,10.4127155300322],[-75.5280492548825,10.4137085200859],[-75.5274447140086,10.4152087334535],[-75.5273452777085,10.4151822210548],[-75.5269245767747,10.4150700504502],[-75.5266016254376,10.4150094337353],[-75.5263789003397,10.4149653480714],[-75.5260002658933,10.4148496130127],[-75.5255381051478,10.4146126164383],[-75.5248977605924,10.414226801855],[-75.5244745803189,10.4140449224385],[-75.5235836677056,10.4134496580685],[-75.5230825322533,10.4131520270139]]]},"properties":{"FID":30,"CODIGO":"2050","NOMBRE":"BARRIO CHINO","UCG":9,"LOC":"LH","ZONA":"UCG 9","Shape__Area":169640.908203125,"Shape__Length":1885.951988265447}},{"type":"Feature","id":31,"geometry":{"type":"Polygon","coordinates":[[[-75.5044930624198,10.4157562588308],[-75.5042938513321,10.4157305320293],[-75.5039473947222,10.4157991178585],[-75.503626923342,10.4158162588055],[-75.5032111763277,10.4158505454406],[-75.5030119661816,10.4157905210928],[-75.5028387411534,10.4156962005521],[-75.5026741778345,10.4155933059607],[-75.5025009534926,10.4154818368616],[-75.5023450515206,10.4153875165227],[-75.5019552913123,10.4153446345597],[-75.501721433424,10.4153789244661],[-75.5014182866909,10.4153446185912],[-75.5015637304317,10.4146358476734],[-75.501761233355,10.4132889480021],[-75.5019697829358,10.4123544854325],[-75.5021247234725,10.4114097157758],[-75.5026532469243,10.4087131506522],[-75.5038281233131,10.4089110059287],[-75.5052028332071,10.4091804873784],[-75.5061993127902,10.409377614609],[-75.506737217927,10.4094840235756],[-75.5077966647512,10.4097088281182],[-75.507678579002,10.4102518691354],[-75.5070402623245,10.4101190044606],[-75.5069196139631,10.4106380910554],[-75.5068492812939,10.410962097276],[-75.5067574107809,10.4113340557731],[-75.5064733439775,10.4125517468454],[-75.506162179469,10.4140093609102],[-75.5061324220218,10.4141887693316],[-75.5059971635608,10.4148180371365],[-75.5058727262166,10.4153428730068],[-75.5056308475682,10.4165048876941],[-75.5054198170299,10.4164422118926],[-75.5051426540398,10.4163564648928],[-75.5049521069867,10.4161764032994],[-75.5047615613855,10.4159363222807],[-75.5046056590487,10.4158162804831],[-75.5044930624198,10.4157562588308]]]},"properties":{"FID":31,"CODIGO":"2100","NOMBRE":"REPUBLICA DEL LIBANO","UCG":5,"LOC":"LV","ZONA":"UCG 5","Shape__Area":387749.423828125,"Shape__Length":2737.32179617498}},{"type":"Feature","id":32,"geometry":{"type":"Polygon","coordinates":[[[-75.5225956089349,10.4130392326284],[-75.5223948785404,10.4130233428283],[-75.5218757522213,10.4130487411742],[-75.5216216432483,10.4130703113048],[-75.5203027634746,10.4128431846532],[-75.520232637901,10.4128200613177],[-75.5192953135944,10.4123768455564],[-75.518418326063,10.4119176752272],[-75.5182298845223,10.4118961548235],[-75.5180124527014,10.4119033343817],[-75.5174544051177,10.4119694185898],[-75.5165991360678,10.4113939459544],[-75.5159312845279,10.4109453316484],[-75.5155558424435,10.4107290766036],[-75.5144393033188,10.4102388218728],[-75.513853821329,10.4100696001479],[-75.5132851114005,10.4099916509064],[-75.5127505893414,10.4099948890635],[-75.5121592582185,10.4100483744697],[-75.5114134096504,10.410143098903],[-75.5104657270967,10.4101557908557],[-75.5104612600754,10.4099073323998],[-75.5106031036894,10.4093341172715],[-75.5109137424214,10.4083843079946],[-75.5105514148225,10.4082370770899],[-75.51010693488,10.4080170673039],[-75.5098641173183,10.4079152105585],[-75.5099217360967,10.4076789052909],[-75.5111983494549,10.4079368180746],[-75.5125583715146,10.4081979283563],[-75.5142865643183,10.4085188679566],[-75.5153168882862,10.4087609300187],[-75.5157482517962,10.40891324018],[-75.5160000604133,10.4090204195893],[-75.5163219940735,10.409170545508],[-75.5170074242577,10.4095667990193],[-75.5178303372611,10.4100764126904],[-75.517961551367,10.4101714270102],[-75.5184102608509,10.4104365671018],[-75.5196034893991,10.4111446694396],[-75.5208019034632,10.4118241769822],[-75.5216193212719,10.4123046728681],[-75.5230825322533,10.4131520270139],[-75.5225956089349,10.4130392326284]]]},"properties":{"FID":32,"CODIGO":"2150","NOMBRE":"ALCIBIA","UCG":4,"LOC":"LV","ZONA":"UCG 4","Shape__Area":245477.52734375,"Shape__Length":3467.866066101557}},{"type":"Feature","id":33,"geometry":{"type":"Polygon","coordinates":[[[-75.5210398666443,10.4069425039897],[-75.5213653129724,10.4077230730824],[-75.5218581058295,10.4093268263239],[-75.5227069232453,10.4119492018957],[-75.5230825322533,10.4131520270139],[-75.5216193212719,10.4123046728681],[-75.5208019034632,10.4118241769822],[-75.5196034893991,10.4111446694396],[-75.5184102608509,10.4104365671018],[-75.517961551367,10.4101714270102],[-75.5178303372611,10.4100764126904],[-75.5170074242577,10.4095667990193],[-75.5163219940735,10.409170545508],[-75.5160000604133,10.4090204195893],[-75.5160564171902,10.4087776641606],[-75.516167662072,10.4085335191259],[-75.5163186564744,10.408176416815],[-75.516503843681,10.4075277427117],[-75.5166545552272,10.407510496113],[-75.5182969855714,10.4073386832296],[-75.5196629751127,10.4071267253677],[-75.5210398666443,10.4069425039897]]]},"properties":{"FID":33,"CODIGO":"2200","NOMBRE":"EL PRADO","UCG":9,"LOC":"LH","ZONA":"UCG 9","Shape__Area":265897.1884765625,"Shape__Length":2343.873276963327}},{"type":"Feature","id":34,"geometry":{"type":"Polygon","coordinates":[[[-75.5213653129724,10.4077230730824],[-75.5213258959382,10.4071423668952],[-75.5213875342619,10.4055100784113],[-75.5220044396645,10.4053990183123],[-75.5230488336,10.405119318811],[-75.523876028712,10.4052832055418],[-75.5242836297342,10.4054538712565],[-75.5251272480091,10.4058267659218],[-75.5250764529903,10.4059126550788],[-75.5250156936088,10.4059614979925],[-75.5250044177755,10.4059754525884],[-75.5249142062,10.4059754564602],[-75.5248719197668,10.4059810399104],[-75.5248042610839,10.4059810427886],[-75.5247422397825,10.4059615096601],[-75.5246943139261,10.4059391851045],[-75.5246463893904,10.4059475595843],[-75.5246069205196,10.4059168621945],[-75.5245589951543,10.4059057009069],[-75.5245392609026,10.4058945384403],[-75.5245308041616,10.4059084929024],[-75.5244969734106,10.4058750044425],[-75.5244377709071,10.4058470986716],[-75.5243503784788,10.4058471022682],[-75.5242376166028,10.4059085049593],[-75.5241925120939,10.4059392058331],[-75.5241502259978,10.4059531616543],[-75.524096662993,10.4059559546355],[-75.5240628345681,10.405978282571],[-75.5240177283244,10.4059671210893],[-75.5238767735289,10.4059866624481],[-75.5237893818443,10.4060062016461],[-75.5236935338109,10.4060508585483],[-75.5236286946667,10.4060620243566],[-75.5236258765475,10.4060871418643],[-75.5236005049732,10.4060983061348],[-75.5235272103384,10.4061569162242],[-75.5234680112457,10.4062155257576],[-75.5234088196135,10.4064667019975],[-75.5234370108838,10.4064694917447],[-75.5234454685587,10.4064778638877],[-75.5234482883277,10.4064946087118],[-75.523425735505,10.4064974003947],[-75.5234257361565,10.4065141453265],[-75.5233919071907,10.4065253099026],[-75.5233919089234,10.4065699630541],[-75.5233947291237,10.4065978711665],[-75.5233721785636,10.4066592701065],[-75.5233496290739,10.4067485772639],[-75.5233298979367,10.4068183485593],[-75.5233242616366,10.406868583567],[-75.52331862555,10.4069244002183],[-75.5233186279182,10.4069857983],[-75.5233186285641,10.4070025432313],[-75.523296077423,10.4070499880551],[-75.5233158131024,10.4070974312817],[-75.5233101765799,10.4071420846446],[-75.5233073628352,10.4072816258436],[-75.5233214625444,10.4073876765404],[-75.5233045509161,10.4074686110121],[-75.5232763651356,10.4076109439868],[-75.5233101968045,10.4076667591461],[-75.5233130172227,10.4077002489009],[-75.5233102026139,10.407817463521],[-75.5233130299205,10.4080295658657],[-75.5233102140178,10.4081132906232],[-75.5232961194377,10.4081411993724],[-75.5232876633327,10.4081746895517],[-75.5233073988666,10.4082165511321],[-75.5233271337594,10.4082416677812],[-75.5233271345135,10.4082612035328],[-75.523344050494,10.4082919019308],[-75.5233637878799,10.4083812074755],[-75.5233919839793,10.4085040025564],[-75.5234342780612,10.4086854043497],[-75.5234342804525,10.4087468024246],[-75.5233904986439,10.4087492530566],[-75.5234032708169,10.4087691301794],[-75.5234399205744,10.4087942461762],[-75.5234850280772,10.4088277343094],[-75.5234822110132,10.4088807600271],[-75.5235047656464,10.4089198306639],[-75.523518864183,10.4089923914826],[-75.5235216846356,10.4090258812327],[-75.5235019514267,10.4090454177414],[-75.5234755552817,10.4090216018137],[-75.5234561510451,10.409079237212],[-75.5234793999486,10.4090872809291],[-75.5235075913455,10.4090872798478],[-75.5235301449013,10.4090984422671],[-75.523569614397,10.4091375122476],[-75.5235893505796,10.4091933279155],[-75.5236006297864,10.4092603071954],[-75.5236062708247,10.4093300775143],[-75.5235837189,10.4093607774227],[-75.5236034537767,10.4093831032314],[-75.5236344654473,10.4094110102445],[-75.5236570212445,10.4094779890837],[-75.5236852145624,10.4095254319514],[-75.5236936735474,10.409564503122],[-75.5236936752126,10.4096063654435],[-75.5236993147229,10.4096370642593],[-75.5237275073936,10.4096677621943],[-75.5237782530078,10.4096928775995],[-75.5237669769856,10.4097068321489],[-75.5237472443066,10.409740322779],[-75.5237416071299,10.4097682312138],[-75.5237528860554,10.4098268380216],[-75.5237838987896,10.4098798624118],[-75.5237810803135,10.4098966074507],[-75.5237528899593,10.40992451677],[-75.5237164594074,10.4099098442258],[-75.5236852308701,10.4099356826983],[-75.5236824124991,10.4099552185578],[-75.523716242825,10.4099691713452],[-75.5237387970087,10.4099942878559],[-75.5238684882781,10.4102538291405],[-75.5239107773377,10.410298480607],[-75.5239389681642,10.4102817345598],[-75.5239727968341,10.4102538250002],[-75.5239925311126,10.4102594058557],[-75.5240489177706,10.4103487098818],[-75.5241024838182,10.4104017333343],[-75.5241391352022,10.4104603391036],[-75.5241814225978,10.4104631282147],[-75.5241927009378,10.4105049900768],[-75.5242067992427,10.4105663875728],[-75.5242378115474,10.4106054578103],[-75.5242716424327,10.4106305738233],[-75.5243082932925,10.4106752254662],[-75.5243618576853,10.4106863865556],[-75.5244013276016,10.4107282472506],[-75.5244436150356,10.4107310363271],[-75.5244718081133,10.4107673158366],[-75.5245056396259,10.4108063859308],[-75.5245704810254,10.4108259189804],[-75.52463532303,10.4108594061229],[-75.5246691534956,10.4108733588088],[-75.5247170802239,10.4108984741816],[-75.5247452729871,10.4109263812031],[-75.5247452747927,10.4109682435208],[-75.5247734667203,10.4109766147915],[-75.5248101173291,10.4110128939123],[-75.5248270337242,10.4110463830475],[-75.5248905413728,10.4111473217855],[-75.5227069232453,10.4119492018957],[-75.5218581058295,10.4093268263239],[-75.5213653129724,10.4077230730824]]]},"properties":{"FID":34,"CODIGO":"2250","NOMBRE":"MARTINEZ MARTELO","UCG":9,"LOC":"LH","ZONA":"UCG 9","Shape__Area":165117.2646484375,"Shape__Length":2357.507594830774}},{"type":"Feature","id":35,"geometry":{"type":"Polygon","coordinates":[[[-75.4991768634655,10.4080854528355],[-75.4993751966905,10.40709860613],[-75.4993090893333,10.4070856071539],[-75.4996847044078,10.4052259761577],[-75.5004822934488,10.4057555037162],[-75.5010164001541,10.4059932337361],[-75.501659924635,10.4062246592616],[-75.502026679595,10.4062829539186],[-75.5051371980798,10.4068445124331],[-75.5053767286625,10.4068764377992],[-75.5067391412593,10.4070963290013],[-75.5067509654786,10.4081078600109],[-75.5067578723866,10.408964055286],[-75.506737217927,10.4094840235756],[-75.5061993127902,10.4093776146089],[-75.5052028332071,10.4091804873784],[-75.5038281233131,10.4089110059287],[-75.5026532469243,10.4087131506522],[-75.5016353845985,10.4085293690068],[-75.4991768634655,10.4080854528355]]]},"properties":{"FID":35,"CODIGO":"2400","NOMBRE":"TESCA","UCG":5,"LOC":"LV","ZONA":"UCG 5","Shape__Area":222748.328125,"Shape__Length":2285.3227220657277}},{"type":"Feature","id":36,"geometry":{"type":"Polygon","coordinates":[[[-75.4642809997635,10.4090483651729],[-75.4641695119766,10.4083864997022],[-75.4640610290438,10.4080195855685],[-75.4640056840832,10.4077275094637],[-75.4637683543666,10.4064551249772],[-75.4633177706995,10.4043648119849],[-75.4632094417619,10.4039699238213],[-75.4631314469074,10.4036737581567],[-75.463040475801,10.4031801545292],[-75.4629538306356,10.4027509328162],[-75.4624355582486,10.4018070746481],[-75.4631813246961,10.4016707443372],[-75.4635824682373,10.4015886678549],[-75.4646381782783,10.4013955054465],[-75.4657183155604,10.400819644167],[-75.4661958682177,10.4005429920918],[-75.4661596665272,10.4008065394765],[-75.4659218120724,10.4022245002579],[-75.4658435676294,10.4032172558804],[-75.4658777826938,10.404253325578],[-75.4658401773359,10.4050605229792],[-75.4654715364662,10.4050635633097],[-75.4647373851889,10.4050263449235],[-75.4643499980826,10.4050417521674],[-75.4643902226166,10.405323177961],[-75.4646439153241,10.4070980947853],[-75.4648337756574,10.4084405776594],[-75.4652117369938,10.408996250135],[-75.4653080859818,10.4091635515721],[-75.4654067798422,10.4094126103522],[-75.4655367235605,10.4102753380126],[-75.4655843464976,10.4107517662273],[-75.4655308555116,10.4109447611884],[-75.4653232009143,10.4108278619601],[-75.4652124281834,10.4104799255471],[-75.4648648171104,10.4094640374268],[-75.4646784175963,10.4092408219757],[-75.4642809997635,10.4090483651729]]]},"properties":{"FID":36,"CODIGO":"2450","NOMBRE":"VILLA ESTRELLA","UCG":6,"LOC":"LV","ZONA":"UCG 6","Shape__Area":186144.5634765625,"Shape__Length":2940.8868667457155}},{"type":"Feature","id":37,"geometry":{"type":"Polygon","coordinates":[[[-75.5125576356069,10.4081979283594],[-75.5131398045411,10.4071701559156],[-75.5129470094621,10.4070443461997],[-75.5130245934986,10.4066951296345],[-75.5130593138891,10.4063650414709],[-75.5130240145376,10.4060412613774],[-75.5131734510557,10.4057372494541],[-75.5142983513773,10.4036614848195],[-75.5147255858193,10.402908093252],[-75.5152458755746,10.4035768891232],[-75.5160689698122,10.4045109533513],[-75.5174379996822,10.4060986641411],[-75.5172090448616,10.406531793278],[-75.516653819321,10.4075104961255],[-75.5165031077747,10.4075277427238],[-75.5163179205666,10.4081764168268],[-75.5161669261634,10.4085335191373],[-75.516055681281,10.4087776641718],[-75.5159993245036,10.4090204196003],[-75.5157475158867,10.4089132401904],[-75.5153161523771,10.4087609300282],[-75.5142858284098,10.4085188679637],[-75.5125576356069,10.4081979283594]]]},"properties":{"FID":37,"CODIGO":"2500","NOMBRE":"AMBERES","UCG":9,"LOC":"LH","ZONA":"UCG 9","Shape__Area":208928.208984375,"Shape__Length":1919.4476301867003}},{"type":"Feature","id":38,"geometry":{"type":"Polygon","coordinates":[[[-75.5109835178705,10.4029311891356],[-75.5110036326206,10.40288942459],[-75.5114712883988,10.401918420639],[-75.5113703043407,10.4016786837486],[-75.5113617397961,10.4016554029262],[-75.5119894864301,10.401556845462],[-75.5126661773598,10.4014489998535],[-75.512706288448,10.4020869450374],[-75.5120244503232,10.4020869475015],[-75.5120217772034,10.4023781258841],[-75.5121661665953,10.4023807725606],[-75.5121660605663,10.4023207160826],[-75.5125284248687,10.4023212363347],[-75.5125284250592,10.4023665269055],[-75.5128344089404,10.4023662081559],[-75.5128344086622,10.4023125064791],[-75.5133479316722,10.4023116084325],[-75.5133479323371,10.4024091664786],[-75.5134868936669,10.4024090300057],[-75.5134685321775,10.4025145549433],[-75.5131968326978,10.4030622289862],[-75.5142990872745,10.4036614848124],[-75.5131741869577,10.4057372494496],[-75.5130247504404,10.4060412613733],[-75.5130600497927,10.4063650414666],[-75.5130253294029,10.4066951296303],[-75.5129477453672,10.4070443461957],[-75.5131405404465,10.4071701559111],[-75.5125583715146,10.4081979283563],[-75.5111983494549,10.4079368180746],[-75.5099217360967,10.4076789052909],[-75.5094903680765,10.4076038549789],[-75.5098952592231,10.4053928657245],[-75.5097044122987,10.405293911612],[-75.5102893695034,10.4041984193264],[-75.5109835178705,10.4029311891356]]]},"properties":{"FID":38,"CODIGO":"2550","NOMBRE":"ESPAÑA","UCG":9,"LOC":"LH","ZONA":"UCG 9","Shape__Area":241859.736328125,"Shape__Length":2408.3037257733463}},{"type":"Feature","id":39,"geometry":{"type":"Polygon","coordinates":[[[-75.5061940549155,10.4039124652821],[-75.5062290926636,10.4038485832215],[-75.5067083998222,10.4040193354807],[-75.5071556524007,10.4043450338562],[-75.5074889528719,10.4046272476334],[-75.5076588127114,10.4047069202694],[-75.5082712205716,10.4048797434847],[-75.5084637359176,10.4048944055187],[-75.5090906446856,10.4049872590165],[-75.5097044122987,10.405293911612],[-75.5098952592232,10.4053928657244],[-75.5094903680765,10.4076038549789],[-75.5067391412593,10.4070963290013],[-75.5053767286625,10.4068764377992],[-75.5051371980798,10.4068445124331],[-75.502026679595,10.4062829539186],[-75.5021056908199,10.4060418044993],[-75.5022266203998,10.405875427684],[-75.5023525802865,10.4057152732825],[-75.5026438270803,10.4055442440458],[-75.5041099124208,10.4054172236982],[-75.5054547921158,10.4053405211455],[-75.5060467560431,10.4052851829343],[-75.5070656222362,10.4051446629547],[-75.5062177363128,10.4039903248308],[-75.5061940549155,10.4039124652821]]]},"properties":{"FID":39,"CODIGO":"2600","NOMBRE":"ARMENIA","UCG":9,"LOC":"LH","ZONA":"UCG 9","Shape__Area":173418.3505859375,"Shape__Length":2336.3795808847221}},{"type":"Feature","id":40,"geometry":{"type":"Polygon","coordinates":[[[-75.5152466114716,10.4035768891139],[-75.5147263217147,10.402908093244],[-75.5146191365171,10.4027684677094],[-75.514471796307,10.4023951212448],[-75.5152287317978,10.402194420816],[-75.5160511195993,10.4019974860876],[-75.5166239325398,10.4018061851524],[-75.5178758216149,10.401349524844],[-75.5184602669824,10.4011250360587],[-75.5191656959566,10.4008858536919],[-75.5194868447634,10.4018880027068],[-75.5203582799285,10.404685362453],[-75.5210398666443,10.4069425039897],[-75.5196629751127,10.4071267253677],[-75.5182969855714,10.4073386832296],[-75.5166545552272,10.407510496113],[-75.5172097807655,10.4065317932642],[-75.5174387355851,10.4060986641268],[-75.5160697057113,10.4045109533401],[-75.5152466114716,10.4035768891139]]]},"properties":{"FID":40,"CODIGO":"2650","NOMBRE":"BRUSELAS","UCG":9,"LOC":"LH","ZONA":"UCG 9","Shape__Area":304250.978515625,"Shape__Length":2477.480120501727}},{"type":"Feature","id":41,"geometry":{"type":"Polygon","coordinates":[[[-75.4900925682866,10.4057849621138],[-75.4901716002879,10.4056248001436],[-75.4910011104698,10.4035342546273],[-75.4915610842303,10.4020384046197],[-75.4918101281027,10.4015594887306],[-75.4918506322809,10.4008312388425],[-75.4922263391966,10.4004904384055],[-75.4922141330347,10.4003798959338],[-75.4920815425881,10.4002797095909],[-75.4923220510627,10.3996750706864],[-75.4925941188579,10.3993494737837],[-75.4927772392959,10.3989158499664],[-75.4929069573816,10.3986794442348],[-75.4931648362441,10.39802465759],[-75.4933793014319,10.39831804861],[-75.4936277520578,10.3996714230954],[-75.4937184734595,10.4001015065061],[-75.4936255176385,10.400408403445],[-75.4933967415717,10.4015807360159],[-75.4933128311143,10.4023045710025],[-75.4933726865063,10.4024620307346],[-75.4931724119772,10.4039630322362],[-75.4928747586275,10.4058644706942],[-75.4920070704089,10.4057006199955],[-75.4918094282329,10.406767906877],[-75.4914506225185,10.4066929267307],[-75.4899576330489,10.4064035724744],[-75.4897617885263,10.4063656155583],[-75.4898458325812,10.4061666254299],[-75.4900925682866,10.4057849621138]]]},"properties":{"FID":41,"CODIGO":"2700","NOMBRE":"CHIQUINQUIRA","UCG":5,"LOC":"LV","ZONA":"UCG 5","Shape__Area":190151.5576171875,"Shape__Length":2407.6079953322269}},{"type":"Feature","id":42,"geometry":{"type":"Polygon","coordinates":[[[-75.4885082860858,10.4060453437092],[-75.4879548930378,10.4050972151674],[-75.4879240546789,10.4048834001937],[-75.4889344963333,10.4053492783277],[-75.4890733646079,10.4050056603417],[-75.4885757707414,10.4043386634322],[-75.4886005977696,10.4026551560732],[-75.4897057918963,10.4030525640856],[-75.4910011104698,10.4035342546273],[-75.4901716002879,10.4056248001436],[-75.4900925682866,10.4057849621138],[-75.4898458325812,10.4061666254299],[-75.4897617885263,10.4063656155583],[-75.4885082860858,10.4060453437092]]]},"properties":{"FID":42,"CODIGO":"2750","NOMBRE":"REPUBLICA DE VENEZUELA","UCG":7,"LOC":"LV","ZONA":"UCG 7","Shape__Area":78058.0400390625,"Shape__Length":1377.485259784173}},{"type":"Feature","id":43,"geometry":{"type":"Polygon","coordinates":[[[-75.5002628156474,10.3977503772781],[-75.5007080845751,10.3971082049741],[-75.5009027942721,10.3967880443915],[-75.5011580637356,10.3964434936807],[-75.5011875430905,10.3964093214041],[-75.5014149370445,10.396150819247],[-75.5014574679957,10.3961641171444],[-75.5020372447737,10.3959203632119],[-75.5025266237559,10.3957499166862],[-75.5035571960946,10.3952710856581],[-75.5038429497947,10.3950901400525],[-75.5043893433696,10.3948603909312],[-75.504175080407,10.3936502503243],[-75.5048407130732,10.3936873654433],[-75.5053732941022,10.3933783672416],[-75.5056155860956,10.3937439945646],[-75.5058856233914,10.3936006100152],[-75.5059984485335,10.3937780362468],[-75.5061863403144,10.3936679768287],[-75.5062538520544,10.3936346404544],[-75.5063959484626,10.3938709844925],[-75.5060772717185,10.3940735886076],[-75.505899838638,10.3942011215155],[-75.5060693784861,10.3947452410938],[-75.5064339733015,10.3958707024837],[-75.5061846294217,10.3959321372048],[-75.5062245355192,10.3961445649191],[-75.5062342509333,10.3962888723769],[-75.5061845977908,10.396893311253],[-75.5061939937344,10.3970596303344],[-75.5062756413902,10.3972311843455],[-75.5062965822833,10.3973830745902],[-75.5061119841688,10.397393345807],[-75.5058276857378,10.3973564759826],[-75.5057995949745,10.3976037819466],[-75.5058325928151,10.3977630501745],[-75.505956335714,10.3983184471756],[-75.506245519517,10.3997915115688],[-75.5063530287709,10.4004934146116],[-75.506372931968,10.4007115523417],[-75.5064727144489,10.4016809463904],[-75.5068019188075,10.4024757538619],[-75.5068761702146,10.4025492630087],[-75.5062290926636,10.4038485832215],[-75.5061940549155,10.4039124652821],[-75.5062177363128,10.4039903248308],[-75.5070656222362,10.4051446629547],[-75.5060467560431,10.4052851829343],[-75.5054547921158,10.4053405211455],[-75.5041099124208,10.4054172236982],[-75.5026438270803,10.4055442440458],[-75.5023525802865,10.4057152732825],[-75.5022266203998,10.405875427684],[-75.5021056908199,10.4060418044993],[-75.502026679595,10.4062829539186],[-75.501659924635,10.4062246592616],[-75.5010164001541,10.4059932337361],[-75.5004822934488,10.4057555037162],[-75.5005005331092,10.4053692313786],[-75.5005274195872,10.4048562427532],[-75.5006080577172,10.4039328642482],[-75.5006771714948,10.4032678800453],[-75.5007424451863,10.4026446948272],[-75.5001703556044,10.4025904871999],[-75.5003040911878,10.4018771821215],[-75.500505984412,10.4011331193512],[-75.4998788681937,10.4008967008107],[-75.4994873630599,10.4006420918692],[-75.4997982912153,10.400098714024],[-75.5000764662929,10.3995669258687],[-75.4993146962721,10.3990537174373],[-75.4998098673762,10.3984153482073],[-75.4998981534921,10.3983013536137],[-75.5002628156474,10.3977503772781]]]},"properties":{"FID":43,"CODIGO":"2800","NOMBRE":"ZARAGOCILLA","UCG":8,"LOC":"LH","ZONA":"UCG 8","Shape__Area":801158.3134765625,"Shape__Length":4425.5322335719939}},{"type":"Feature","id":44,"geometry":{"type":"Polygon","coordinates":[[[-75.4939027107483,10.4005106246887],[-75.4943567378972,10.3997026114303],[-75.4946869123257,10.3991373700296],[-75.4947089053103,10.3989824642447],[-75.4950215130771,10.3983622329139],[-75.4951896417988,10.3980231930968],[-75.49547822531,10.3974789172404],[-75.4952350047853,10.3973296807906],[-75.4956194489471,10.3968954089877],[-75.4956122410078,10.3967573183513],[-75.4955400955063,10.3967096974947],[-75.4955893460357,10.3965334017947],[-75.495715686286,10.3960811571196],[-75.4962712164886,10.3962335589661],[-75.4963746255743,10.3962907045753],[-75.4965769557042,10.3963498634743],[-75.4968776887051,10.3964379375733],[-75.4968411690632,10.3965550020575],[-75.4971340416178,10.3967312118192],[-75.4976107288098,10.3969502595329],[-75.4975914858578,10.3970312081943],[-75.4977742540213,10.3971859722555],[-75.4977646333749,10.3972073996551],[-75.4978439935199,10.3972693055127],[-75.4979017072781,10.3973788277921],[-75.4981573600925,10.3975290407812],[-75.4989267838275,10.3979686287268],[-75.4993607752894,10.3972684080239],[-75.499296675413,10.3971998677688],[-75.4995710681461,10.3962758856405],[-75.4996608227945,10.3959636607382],[-75.4997531418125,10.3956387436946],[-75.5000865096738,10.3946005333131],[-75.5001168711257,10.3944958816439],[-75.5001287197908,10.3942785627143],[-75.5001738144665,10.393840599566],[-75.5001788329448,10.3938037540806],[-75.5005069949455,10.3937788589753],[-75.5004461583014,10.3941720268473],[-75.5003220270056,10.3949327356961],[-75.5002420614017,10.3955559181586],[-75.5002601667461,10.395772593893],[-75.5002843105324,10.3959668551624],[-75.500516758572,10.3959967492168],[-75.5007250542066,10.3960834261364],[-75.5011875430905,10.3964093214041],[-75.5011580637356,10.3964434936807],[-75.5009027942721,10.3967880443915],[-75.5007080845751,10.3971082049741],[-75.5002628156474,10.3977503772781],[-75.4998981534921,10.3983013536138],[-75.4998098673762,10.3984153482073],[-75.4993146962721,10.3990537174374],[-75.5000764662929,10.3995669258687],[-75.4997982912153,10.400098714024],[-75.4994873630599,10.4006420918692],[-75.4998788681937,10.4008967008106],[-75.500505984412,10.4011331193512],[-75.5003040911878,10.4018771821215],[-75.5001703556044,10.4025904871999],[-75.5007424451863,10.4026446948272],[-75.5006771714948,10.4032678800453],[-75.5006080577172,10.4039328642482],[-75.5005274195872,10.4048562427532],[-75.5005005331092,10.4053692313786],[-75.5004822934488,10.4057555037162],[-75.4996847044078,10.4052259761577],[-75.497391238377,10.4036776246049],[-75.4961413186212,10.402840618436],[-75.4952921122141,10.4022763592608],[-75.494830700201,10.4019228555794],[-75.4944956364622,10.4015040999096],[-75.4940562156064,10.4008514973918],[-75.4939027107483,10.4005106246887]]]},"properties":{"FID":44,"CODIGO":"2900","NOMBRE":"ESCALLON VILLA","UCG":8,"LOC":"LH","ZONA":"UCG 8","Shape__Area":501778.4130859375,"Shape__Length":4203.24998145571}},{"type":"Feature","id":45,"geometry":{"type":"Polygon","coordinates":[[[-75.4879240546789,10.4048834001938],[-75.4867540789828,10.4026044445878],[-75.486658743933,10.4025594930738],[-75.4861939533801,10.4012349345263],[-75.4861271884763,10.4001794834444],[-75.4857081446821,10.3990273065275],[-75.4852421885317,10.3978326492209],[-75.4851665274676,10.3975838763833],[-75.4855677037761,10.3976446517821],[-75.4878133885188,10.3976668544046],[-75.488756911396,10.3975624543165],[-75.4892490125482,10.3975585066679],[-75.4892842308416,10.3966616392944],[-75.4893492303694,10.396374630489],[-75.4904507652354,10.3966448890821],[-75.4898022467745,10.3971956474959],[-75.4897819391013,10.3972387793571],[-75.4898061147222,10.397280113119],[-75.4900116237769,10.3975264313017],[-75.4907011901017,10.3976475333466],[-75.4919596691469,10.3965957303511],[-75.4926760411121,10.3973914016747],[-75.4931648362441,10.3980246575901],[-75.4929069573816,10.3986794442348],[-75.4927772392959,10.3989158499664],[-75.4925941188579,10.3993494737838],[-75.4923220510627,10.3996750706864],[-75.4920815425881,10.4002797095909],[-75.4922141330347,10.4003798959337],[-75.4922263391966,10.4004904384055],[-75.4918506322809,10.4008312388425],[-75.4918101281026,10.4015594887307],[-75.4915610842303,10.4020384046197],[-75.4910011104698,10.4035342546273],[-75.4897057918963,10.4030525640856],[-75.4886005977696,10.4026551560732],[-75.4885757707414,10.4043386634322],[-75.4890733646079,10.4050056603418],[-75.4889344963333,10.4053492783277],[-75.4879240546789,10.4048834001938]]]},"properties":{"FID":45,"CODIGO":"2950","NOMBRE":"LAS GAVIOTAS","UCG":7,"LOC":"LV","ZONA":"UCG 7","Shape__Area":477314.1591796875,"Shape__Length":3654.4596470260067}},{"type":"Feature","id":46,"geometry":{"type":"Polygon","coordinates":[[[-75.507215663067,10.3990373068633],[-75.5078257071915,10.399269434938],[-75.5079146891837,10.3989087456222],[-75.5079274931659,10.3988046322986],[-75.5082809179702,10.3988905171055],[-75.5085488572212,10.3989135039695],[-75.5085888193993,10.3989142841794],[-75.5086186107106,10.3987682196024],[-75.5086622145632,10.3986340726679],[-75.5087338555269,10.3986549331994],[-75.5090190151548,10.3986799672372],[-75.5091875827356,10.398649373719],[-75.5093027706729,10.3986104358112],[-75.5094137440889,10.3986257337631],[-75.5094576927046,10.3986053349311],[-75.5094954159982,10.3985846448765],[-75.5097050612441,10.3987591059474],[-75.5099078616128,10.3989170902733],[-75.5100441703091,10.398986208551],[-75.5100009494912,10.399219892226],[-75.5099807138039,10.3993031351116],[-75.509953051779,10.3994652209893],[-75.5099532090515,10.3998565723306],[-75.5099244108271,10.3999808880577],[-75.5099196422822,10.399999470855],[-75.5098664927887,10.400261479238],[-75.5104185752883,10.4005619422807],[-75.5107162957855,10.4006105889747],[-75.5109793305033,10.40061631234],[-75.5110615680252,10.400839449932],[-75.5113617397961,10.4016554029262],[-75.5113703043407,10.4016786837486],[-75.5114712883988,10.401918420639],[-75.5110036326206,10.40288942459],[-75.5109835178705,10.4029311891356],[-75.5102893695034,10.4041984193264],[-75.5097044122987,10.405293911612],[-75.5090906446855,10.4049872590165],[-75.5084637359176,10.4048944055187],[-75.5082712205716,10.4048797434847],[-75.5076588127114,10.4047069202694],[-75.507488952872,10.4046272476334],[-75.5071556524007,10.4043450338562],[-75.5067083998222,10.4040193354807],[-75.5062290926636,10.4038485832215],[-75.5068761702146,10.4025492630087],[-75.5068019188075,10.402475753862],[-75.5064727144489,10.4016809463904],[-75.506372931968,10.4007115523417],[-75.5063530287709,10.4004934146116],[-75.506245519517,10.3997915115688],[-75.5068690994812,10.3997719518688],[-75.5069388549379,10.3997757110131],[-75.5069707467296,10.3996151625418],[-75.5069930558053,10.3989946974211],[-75.507215663067,10.3990373068633]]]},"properties":{"FID":46,"CODIGO":"3050","NOMBRE":"PIEDRA DE BOLIVAR","UCG":9,"LOC":"LH","ZONA":"UCG 9","Shape__Area":301407.7255859375,"Shape__Length":2380.3331082054206}},{"type":"Feature","id":47,"geometry":{"type":"Polygon","coordinates":[[[-75.4762800559772,10.4035348087882],[-75.4765626468662,10.4028243017277],[-75.4766059308266,10.4026756477958],[-75.4766033940023,10.402600058399],[-75.4765182278637,10.4021957814993],[-75.4769901302847,10.4020773596543],[-75.4770869452297,10.4020552777622],[-75.4771583650843,10.4020341909752],[-75.4771537029959,10.4020018586477],[-75.4774752046276,10.4019190983018],[-75.4775524613575,10.4018976875463],[-75.4772115659092,10.4010395967284],[-75.4774939601865,10.4008928728893],[-75.4775507570352,10.4008597304572],[-75.4780477157412,10.4015362102798],[-75.4782219691005,10.401753381963],[-75.4790648785618,10.4028308820879],[-75.4793404372134,10.4031874715539],[-75.479580101442,10.4029622835328],[-75.4799740030066,10.4034077787348],[-75.4800300578967,10.4034831912329],[-75.4787721045129,10.4045320166301],[-75.4783558240566,10.4042839897865],[-75.4778766962858,10.404079133488],[-75.4772101939388,10.403868684677],[-75.4765956430587,10.4036482267018],[-75.4762800559772,10.4035348087882]]]},"properties":{"FID":47,"CODIGO":"3100","NOMBRE":"SAN JOSE OBRERO","UCG":7,"LOC":"LV","ZONA":"UCG 7","Shape__Area":80540.150390625,"Shape__Length":1358.2037632576089}},{"type":"Feature","id":48,"geometry":{"type":"Polygon","coordinates":[[[-75.5134868936669,10.4024090300057],[-75.5133479323371,10.4024091664786],[-75.5133479316722,10.4023116084325],[-75.5128344086622,10.4023125064791],[-75.5128344089404,10.4023662081559],[-75.5125284250592,10.4023665269055],[-75.5125284248687,10.4023212363347],[-75.5121660605663,10.4023207160826],[-75.5121661665953,10.4023807725606],[-75.5120217772034,10.4023781258841],[-75.5120244503232,10.4020869475015],[-75.512706288448,10.4020869450374],[-75.5126661773598,10.4014489998535],[-75.5131208442481,10.4013548733276],[-75.5134415983109,10.4012769354274],[-75.5133694007201,10.4008189917162],[-75.5130485373257,10.4008719352474],[-75.5129743288179,10.4004926571484],[-75.5130976619765,10.4004581004372],[-75.5129999235484,10.4000088728934],[-75.511117876955,10.4004731772288],[-75.5114109407181,10.40005157174],[-75.511421357135,10.3998762642447],[-75.5113588577691,10.399499868784],[-75.5112692391867,10.3993069004425],[-75.5111505274863,10.3990512878694],[-75.510997403314,10.3988670135331],[-75.5108424195396,10.3985099976911],[-75.5106230377073,10.3979981326048],[-75.510569689819,10.3978849846301],[-75.5104635615864,10.3977469836852],[-75.5104426594509,10.3976287366609],[-75.5105023811939,10.397380418147],[-75.5104098140804,10.3971232307522],[-75.5100381465573,10.3965475231743],[-75.5097842901023,10.396187589466],[-75.5097359821885,10.3961071769533],[-75.5097760423297,10.3960555891254],[-75.510476454917,10.3954171514255],[-75.5105859948591,10.3953199646054],[-75.510812933667,10.3953465705378],[-75.510926403092,10.3953524830068],[-75.5111100272534,10.3953655787315],[-75.5113306594294,10.3953868165376],[-75.5114071708282,10.3952576022328],[-75.5120237633732,10.3953630519783],[-75.5121877447418,10.3953516553853],[-75.5122554815238,10.3953370980497],[-75.5122238075603,10.3955461506058],[-75.5120874316244,10.3959302916916],[-75.5118647192279,10.3960901438524],[-75.5118736280807,10.3962499954592],[-75.5119053569205,10.396536686826],[-75.5119836545522,10.3969759282052],[-75.512667286875,10.3968937941779],[-75.5128449172267,10.3968725740088],[-75.512887063835,10.396868894783],[-75.5129104388404,10.3968807123884],[-75.5131059098722,10.3973380722417],[-75.5131351225311,10.3973991845924],[-75.5132124755789,10.3975593946984],[-75.5132708051863,10.39781000424],[-75.5133769640909,10.3980894855558],[-75.5135157869695,10.3983747410198],[-75.5136487776964,10.3987131211414],[-75.514359899987,10.3987092988437],[-75.5153216732804,10.3986857190583],[-75.5155505225808,10.398683980369],[-75.5155496466556,10.3984078812205],[-75.515548859201,10.398392257735],[-75.5165845607509,10.3983778211845],[-75.5171835482095,10.3982929143099],[-75.5176904022061,10.398169427025],[-75.5177317945386,10.398236839325],[-75.5178999026446,10.3989510494265],[-75.5184548597511,10.3995609626291],[-75.5183944429505,10.3995756598839],[-75.5180633423681,10.3997173223242],[-75.5171350721104,10.3997835107285],[-75.5159379012897,10.3997957175829],[-75.5162025838487,10.4005726318511],[-75.5166239325398,10.4018061851524],[-75.5160511195993,10.4019974860876],[-75.5152287317978,10.402194420816],[-75.514471796307,10.4023951212448],[-75.5146191365171,10.4027684677094],[-75.5147263217147,10.402908093244],[-75.5142990872745,10.4036614848124],[-75.5131968326978,10.4030622289862],[-75.5134685321775,10.4025145549433],[-75.5134868936669,10.4024090300057]]]},"properties":{"FID":48,"CODIGO":"3150","NOMBRE":"PARAGUAY","UCG":9,"LOC":"LH","ZONA":"UCG 9","Shape__Area":334069.2373046875,"Shape__Length":4113.8975786021574}},{"type":"Feature","id":49,"geometry":{"type":"Polygon","coordinates":[[[-75.477151873371,10.4003040278058],[-75.4772155150682,10.4002787903547],[-75.4775507570352,10.4008597304572],[-75.4774939601865,10.4008928728893],[-75.4772115659092,10.4010395967284],[-75.4775524613575,10.4018976875463],[-75.4774752046276,10.4019190983018],[-75.4771537029959,10.4020018586477],[-75.4771583650843,10.4020341909752],[-75.4770869452297,10.4020552777622],[-75.4769901302847,10.4020773596543],[-75.4765182278637,10.4021957814993],[-75.4766033940023,10.402600058399],[-75.4766059308266,10.4026756477958],[-75.4765626468662,10.4028243017277],[-75.4762800559772,10.4035348087882],[-75.4759759030508,10.4034254361325],[-75.475858830696,10.4026686095053],[-75.4753631576669,10.4021377278658],[-75.4752148259437,10.4016936864719],[-75.4750812716039,10.401049126069],[-75.4768663496593,10.4004371188765],[-75.477151873371,10.4003040278058]]]},"properties":{"FID":49,"CODIGO":"3200","NOMBRE":"NUEVO PORVENIR","UCG":7,"LOC":"LV","ZONA":"UCG 7","Shape__Area":52705.21875,"Shape__Length":1089.9914165316686}},{"type":"Feature","id":50,"geometry":{"type":"Polygon","coordinates":[[[-75.4682182211371,10.4000039590257],[-75.4680021375192,10.3999596695512],[-75.467625840365,10.3999817488346],[-75.4670021283574,10.4000589071554],[-75.4677937515224,10.3996877684453],[-75.4696426762931,10.3988997591398],[-75.4700481399047,10.3987297624452],[-75.4707034568273,10.3984508536295],[-75.4715489308221,10.3980983382575],[-75.4724968712367,10.3976985868187],[-75.4737422041776,10.397188814314],[-75.4738466589148,10.3971443468511],[-75.4738545610479,10.397379669512],[-75.4741067668867,10.3984390836536],[-75.4745446400344,10.3993382759186],[-75.4747710941294,10.3999051081271],[-75.4749637418788,10.4003561586779],[-75.4750016604869,10.4005289320154],[-75.4750812716039,10.401049126069],[-75.4752148259437,10.4016936864719],[-75.4753631576669,10.4021377278658],[-75.475858830696,10.4026686095053],[-75.4759759030508,10.4034254361325],[-75.4759251021677,10.4034012050615],[-75.4750846583435,10.4029482673339],[-75.4748614236211,10.4027817306008],[-75.4743581215062,10.4024821524609],[-75.4736118457386,10.4021160485898],[-75.4720932481244,10.4014815321926],[-75.4694742914229,10.4003926709998],[-75.4693597872742,10.4003443274105],[-75.4689104468406,10.4002042205167],[-75.4685497940442,10.4000999009074],[-75.4682182211371,10.4000039590257]]]},"properties":{"FID":50,"CODIGO":"3250","NOMBRE":"LAS PALMERAS","UCG":7,"LOC":"LV","ZONA":"UCG 7","Shape__Area":260605.669921875,"Shape__Length":2678.24895624288}},{"type":"Feature","id":51,"geometry":{"type":"Polygon","coordinates":[[[-75.5186900201805,10.3995037563546],[-75.5187655488209,10.3994728817311],[-75.5191656959566,10.4008858536919],[-75.5184602669824,10.4011250360587],[-75.5178758216149,10.401349524844],[-75.5166239325398,10.4018061851524],[-75.5162025838487,10.4005726318511],[-75.5159379012897,10.3997957175829],[-75.5171350721104,10.3997835107285],[-75.5180633423681,10.3997173223242],[-75.5183944429505,10.3995756598838],[-75.5184548597511,10.3995609626291],[-75.5186900201805,10.3995037563546]]]},"properties":{"FID":51,"CODIGO":"3300","NOMBRE":"JUAN XXIII","UCG":9,"LOC":"LH","ZONA":"UCG 9","Shape__Area":58725.56640625,"Shape__Length":1027.6420445939257}},{"type":"Feature","id":52,"geometry":{"type":"Polygon","coordinates":[[[-75.5113617397961,10.4016554029262],[-75.5110615680252,10.400839449932],[-75.5109793305033,10.4006163123399],[-75.511117876955,10.4004731772288],[-75.5129999235484,10.4000088728934],[-75.5130976619765,10.4004581004372],[-75.5129743288179,10.4004926571484],[-75.5130485373257,10.4008719352473],[-75.5133694007202,10.4008189917162],[-75.5134415983109,10.4012769354273],[-75.5131208442481,10.4013548733276],[-75.5126661773598,10.4014489998535],[-75.5119894864301,10.401556845462],[-75.5113617397961,10.4016554029262]]]},"properties":{"FID":52,"CODIGO":"3350","NOMBRE":"JUNIN","UCG":9,"LOC":"LH","ZONA":"UCG 9","Shape__Area":33112.765625,"Shape__Length":797.66556225576858}},{"type":"Feature","id":53,"geometry":{"type":"Polygon","coordinates":[[[-75.4842089877759,10.3938472906409],[-75.4844166607534,10.3939855040873],[-75.4846924242086,10.3941608000184],[-75.4849171223804,10.3942821613712],[-75.4851350144525,10.3943664450287],[-75.4853627369521,10.3944209947853],[-75.4851156147001,10.3955142478419],[-75.4849528856641,10.3961673717185],[-75.4849136925215,10.3965341989533],[-75.4851665274676,10.3975838763833],[-75.4852421885317,10.3978326492209],[-75.4857081446821,10.3990273065275],[-75.4861271884763,10.4001794834444],[-75.4861939533801,10.4012349345263],[-75.4856825091398,10.4014227653936],[-75.4853383509477,10.4005532070736],[-75.4849938601726,10.3997121682472],[-75.4824077070869,10.4010765334818],[-75.4817902428771,10.4014048516967],[-75.4812687679976,10.4004091455464],[-75.4808092399172,10.3997710126864],[-75.4803727276151,10.3993533593473],[-75.479786134413,10.398843356553],[-75.4797181131866,10.3985059720997],[-75.4795324854109,10.3978918491676],[-75.4793224395442,10.3973937385357],[-75.4791897695961,10.3971747847344],[-75.4789741616781,10.3970105576971],[-75.4785484543072,10.3968846237899],[-75.4782443735594,10.3968353310474],[-75.4781566575725,10.3968206260423],[-75.477885005738,10.3967750852476],[-75.4775477668639,10.3965889505304],[-75.4772381849429,10.3962878745776],[-75.4770447034588,10.3960360723438],[-75.4769483552271,10.3958244177769],[-75.4803829696383,10.3944415561998],[-75.4825171668227,10.3935133772402],[-75.4832423870567,10.3932379750316],[-75.4835052850551,10.3933811535292],[-75.4842089877759,10.3938472906409]]]},"properties":{"FID":53,"CODIGO":"3400","NOMBRE":"LOS ALPES","UCG":7,"LOC":"LV","ZONA":"UCG 7","Shape__Area":516809.611328125,"Shape__Length":3385.1435192003719}},{"type":"Feature","id":54,"geometry":{"type":"Polygon","coordinates":[[[-75.510719429176,10.3985500574944],[-75.510997403314,10.3988670135331],[-75.5111505274863,10.3990512878695],[-75.5112692391867,10.3993069004425],[-75.5113588577691,10.399499868784],[-75.511421357135,10.3998762642447],[-75.5114109407181,10.40005157174],[-75.511117876955,10.4004731772288],[-75.5109793305033,10.40061631234],[-75.5107162957855,10.4006105889747],[-75.5104185752883,10.4005619422807],[-75.5098664927887,10.400261479238],[-75.5099196422822,10.399999470855],[-75.5099244108271,10.3999808880577],[-75.5099532090515,10.3998565723306],[-75.509953051779,10.3994652209893],[-75.5099807138039,10.3993031351116],[-75.5100009494912,10.399219892226],[-75.5100441703091,10.398986208551],[-75.5099078616128,10.3989170902733],[-75.5097050612441,10.3987591059474],[-75.5094954159982,10.3985846448765],[-75.5093464215922,10.3984460124096],[-75.509575785163,10.3980772786703],[-75.5096094253147,10.3980084748009],[-75.5097692181598,10.398049369142],[-75.5100170601812,10.3981193197102],[-75.5101246753417,10.3982915036048],[-75.5102018962439,10.398471892988],[-75.5102541751046,10.3986176269834],[-75.5102597909857,10.3986437804627],[-75.5103807567615,10.398615039678],[-75.5106964773658,10.3985192366052],[-75.510719429176,10.3985500574944]]]},"properties":{"FID":54,"CODIGO":"3500","NOMBRE":"JOSE ANTONIO GALAN","UCG":9,"LOC":"LH","ZONA":"UCG 9","Shape__Area":36535.9794921875,"Shape__Length":877.179742981652}},{"type":"Feature","id":55,"geometry":{"type":"Polygon","coordinates":[[[-75.506245519517,10.3997915115688],[-75.505956335714,10.3983184471756],[-75.5058325928151,10.3977630501745],[-75.5057995949745,10.3976037819466],[-75.5058276857378,10.3973564759827],[-75.5061119841688,10.397393345807],[-75.5062965822833,10.3973830745902],[-75.5065627364579,10.3973710180736],[-75.507053456083,10.397528472421],[-75.5073039758751,10.3975673626411],[-75.507647081762,10.3976053062758],[-75.507738340805,10.39753460671],[-75.5080938861958,10.3976039925745],[-75.5083092647743,10.3976412240746],[-75.5085178055997,10.3977224538506],[-75.5087348935073,10.3977799920687],[-75.5090656007123,10.3978838284929],[-75.508999278471,10.3981874884847],[-75.5090293296498,10.3982090321673],[-75.5093464215922,10.3984460124096],[-75.5094954159982,10.3985846448765],[-75.5094576927046,10.3986053349311],[-75.5094137440889,10.3986257337631],[-75.5093027706729,10.3986104358112],[-75.5091875827356,10.398649373719],[-75.5090190151548,10.3986799672372],[-75.5087338555269,10.3986549331995],[-75.5086622145632,10.3986340726679],[-75.5086186107106,10.3987682196024],[-75.5085888193993,10.3989142841794],[-75.5085488572212,10.3989135039695],[-75.5082809179702,10.3988905171055],[-75.5079274931659,10.3988046322986],[-75.5079146891837,10.3989087456222],[-75.5078257071915,10.399269434938],[-75.507215663067,10.3990373068633],[-75.5069930558053,10.3989946974211],[-75.5069707467296,10.3996151625418],[-75.5069388549379,10.3997757110131],[-75.5068690994812,10.3997719518688],[-75.506245519517,10.3997915115688]]]},"properties":{"FID":55,"CODIGO":"3550","NOMBRE":"NUEVE DE ABRIL","UCG":9,"LOC":"LH","ZONA":"UCG 9","Shape__Area":64122.63671875,"Shape__Length":1280.9045818966717}},{"type":"Feature","id":56,"geometry":{"type":"Polygon","coordinates":[[[-75.493301129594,10.3963095946426],[-75.4936137992525,10.3957858211866],[-75.4945853633266,10.3962453803606],[-75.4948972784089,10.3963973233121],[-75.494950817657,10.3964242939925],[-75.4955400955063,10.3967096974947],[-75.4956122410078,10.3967573183513],[-75.4956194489471,10.3968954089877],[-75.4952350047853,10.3973296807906],[-75.49547822531,10.3974789172404],[-75.4951896417988,10.3980231930968],[-75.4950215130771,10.3983622329139],[-75.4947089053103,10.3989824642447],[-75.4946869123257,10.3991373700296],[-75.4943567378972,10.3997026114303],[-75.4939027107483,10.4005106246887],[-75.4937184734595,10.4001015065061],[-75.4936277520578,10.3996714230954],[-75.4933793014319,10.3983180486101],[-75.4931648362441,10.3980246575901],[-75.4926760411121,10.3973914016747],[-75.4930389681965,10.3967333742273],[-75.493301129594,10.3963095946426]]]},"properties":{"FID":56,"CODIGO":"3650","NOMBRE":"LOS EJECUTIVOS","UCG":8,"LOC":"LH","ZONA":"UCG 8","Shape__Area":87934.033203125,"Shape__Length":1343.9627562911478}},{"type":"Feature","id":57,"geometry":{"type":"Polygon","coordinates":[[[-75.5170151027741,10.3970890152646],[-75.5168719380433,10.3964085407778],[-75.5167790148593,10.3960681883337],[-75.5164073337238,10.395286300058],[-75.516142516457,10.3950103414621],[-75.5157708451669,10.3947113872819],[-75.5153945277754,10.3943388426475],[-75.5151748159039,10.3940488298916],[-75.5151157735834,10.3939708957687],[-75.5150128149089,10.393756982697],[-75.5149020587664,10.3933729788889],[-75.5147119671416,10.3926184077833],[-75.514635610799,10.3924241709899],[-75.5144185312947,10.3919987555165],[-75.5141832086532,10.3916718185316],[-75.5139159764248,10.3913005480764],[-75.5136519122164,10.391013709345],[-75.5136119114012,10.3909702585482],[-75.5130326245211,10.3905210100023],[-75.5128390835511,10.3903640313295],[-75.5109711507611,10.3893907997438],[-75.5108373459413,10.3893355311335],[-75.5106599788946,10.3883948258222],[-75.510651532829,10.3883739212502],[-75.5105670719204,10.3883195692433],[-75.5096352822066,10.387970243366],[-75.5086878185206,10.3878262124295],[-75.5080342040928,10.3879071350038],[-75.5078239480186,10.387944979758],[-75.5076578022239,10.3879173206127],[-75.5077911029503,10.3875343243461],[-75.5101321016753,10.3871698173749],[-75.5110649283744,10.3874619216101],[-75.5112020076407,10.3870832418691],[-75.5102878124078,10.3866727389862],[-75.5107512216187,10.3856102878856],[-75.511010392932,10.3854485793497],[-75.5115900709764,10.3858846937096],[-75.5118909260714,10.3854308167689],[-75.5131855773101,10.3855359034046],[-75.5132676784261,10.3839991924669],[-75.5132676750499,10.3834835621682],[-75.5132715021896,10.3831157964057],[-75.5132561836038,10.3830551341133],[-75.513378296246,10.3831506281056],[-75.5133931353962,10.3831675794019],[-75.5134250966458,10.3832037421629],[-75.5134507797683,10.3832286040333],[-75.5134696140514,10.383245555298],[-75.513487877588,10.3832602463794],[-75.5135067118585,10.3832749374557],[-75.5135261168548,10.3832884984337],[-75.5135455218526,10.3833020594104],[-75.5135660683253,10.3833167504707],[-75.513586044059,10.3833303114407],[-75.513623712576,10.383354043115],[-75.5136608103838,10.3833800349753],[-75.5137024740128,10.3834003763303],[-75.5137247326696,10.3834116770877],[-75.513746991328,10.3834229778435],[-75.5137869428077,10.3834478395735],[-75.5138326015065,10.3834591401345],[-75.5138794016451,10.3834670504001],[-75.5139262017567,10.3834715703797],[-75.5139501725752,10.3834772206413],[-75.5139718604938,10.3834862612002],[-75.5140140949199,10.383509992789],[-75.5140352121505,10.383523553721],[-75.5140740222105,10.3835495455182],[-75.5141121546279,10.3835611220135],[-75.5141541823945,10.3835724695229],[-75.5141962100685,10.3835737300114],[-75.5142204079461,10.3835875994314],[-75.5142407849953,10.3835875992396],[-75.5142700771753,10.3836052512384],[-75.5143082841819,10.3836090335024],[-75.5143566797275,10.3836140765391],[-75.5143859718528,10.3836254241428],[-75.514413990453,10.3836405543873],[-75.5144483768461,10.3836519019343],[-75.5144993195322,10.3836569449237],[-75.5145477153559,10.38368720547],[-75.5145946467717,10.3837133121625],[-75.5146393610189,10.3836807787858],[-75.5146557186436,10.383460578233],[-75.5153294911184,10.3836763828783],[-75.5153319240896,10.3840772852928],[-75.5153724464813,10.3840998866309],[-75.5154072616466,10.3841303986901],[-75.5154409353966,10.3841643010396],[-75.5154580576412,10.3841812522093],[-75.5154763213249,10.3841959431767],[-75.5155145608838,10.3842241949924],[-75.5155539418708,10.3842490565088],[-75.5155847619946,10.3842840889747],[-75.5156127284863,10.3843213816628],[-75.5156412657506,10.3843609345266],[-75.5156475439705,10.3843711052772],[-75.5156640956953,10.38440161756],[-75.5156972253281,10.3844331017313],[-75.5157356698603,10.3844740897644],[-75.5157844644845,10.3845004388693],[-75.5159252544573,10.3845400498337],[-75.5160320002004,10.3845620553051],[-75.5158868664541,10.3864658023256],[-75.5157750893337,10.3885287494603],[-75.5158119680429,10.3896990850381],[-75.5164968019939,10.3923093918792],[-75.516864073401,10.3933346174162],[-75.517137257053,10.3940971955569],[-75.5176562496108,10.3958270246574],[-75.51842079819,10.3983752681174],[-75.5187655488209,10.3994728817311],[-75.5186900201805,10.3995037563546],[-75.5184548597511,10.3995609626291],[-75.5178999026446,10.3989510494265],[-75.5177317945386,10.398236839325],[-75.5176128812817,10.3980431749548],[-75.5171485650553,10.3974880365713],[-75.5170151027741,10.3970890152646]]]},"properties":{"FID":57,"CODIGO":"3700","NOMBRE":"SAN ISIDRO","UCG":10,"LOC":"LH","ZONA":"UCG 10","Shape__Area":556201.693359375,"Shape__Length":5463.5815096332117}},{"type":"Feature","id":58,"geometry":{"type":"Polygon","coordinates":[[[-75.4675811763873,10.3966802413856],[-75.4683715882643,10.3959628942583],[-75.4689785380525,10.3954120466236],[-75.4690171779661,10.3954670619323],[-75.4710662551879,10.3973287794235],[-75.4715489308221,10.3980983382575],[-75.4707034568273,10.3984508536295],[-75.4700481399047,10.3987297624452],[-75.4676878411199,10.3967889650451],[-75.4675811763873,10.3966802413856]]]},"properties":{"FID":58,"CODIGO":"3800","NOMBRE":"VILLA ROSITA","UCG":13,"LOC":"LI","ZONA":"UCG 13","Shape__Area":77688.28125,"Shape__Length":1173.3674271185175}},{"type":"Feature","id":59,"geometry":{"type":"Polygon","coordinates":[[[-75.5128449172267,10.3968725740087],[-75.512667286875,10.3968937941778],[-75.5119836545522,10.3969759282052],[-75.5119053569205,10.396536686826],[-75.5118736280807,10.3962499954592],[-75.5118647192279,10.3960901438524],[-75.5120874316244,10.3959302916916],[-75.5122238075603,10.3955461506058],[-75.5122554815238,10.3953370980496],[-75.5121877447418,10.3953516553853],[-75.5121756997517,10.3951774965173],[-75.5126230391149,10.394445057461],[-75.5126110596639,10.3943717546147],[-75.512994672933,10.3937705318367],[-75.5131637303416,10.3934188968462],[-75.5141832086532,10.3916718185316],[-75.5144185312947,10.3919987555165],[-75.514635610799,10.3924241709899],[-75.5147119671416,10.3926184077833],[-75.5149020587664,10.3933729788889],[-75.5150128149089,10.393756982697],[-75.5151157735834,10.3939708957687],[-75.5151748159039,10.3940488298916],[-75.5153945277754,10.3943388426475],[-75.5157708451669,10.3947113872819],[-75.516142516457,10.3950103414621],[-75.5164073337238,10.395286300058],[-75.5167790148593,10.3960681883337],[-75.5168719380433,10.3964085407778],[-75.5170151027741,10.3970890152646],[-75.5171485650553,10.3974880365713],[-75.5176128812817,10.3980431749548],[-75.5176904022061,10.398169427025],[-75.5171835482095,10.3982929143099],[-75.5165845607509,10.3983778211845],[-75.515548859201,10.398392257735],[-75.5155496466556,10.3984078812206],[-75.5155505225808,10.398683980369],[-75.5153216732804,10.3986857190583],[-75.514359899987,10.3987092988437],[-75.5136487776964,10.3987131211414],[-75.5135157869695,10.3983747410198],[-75.5133769640909,10.3980894855558],[-75.5132708051863,10.39781000424],[-75.5132124755789,10.3975593946984],[-75.5131351225311,10.3973991845924],[-75.5131059098722,10.3973380722417],[-75.5129104388404,10.3968807123884],[-75.512887063835,10.396868894783],[-75.5128449172267,10.3968725740087]]]},"properties":{"FID":59,"CODIGO":"3850","NOMBRE":"REPUBLICA DE CHILE","UCG":10,"LOC":"LH","ZONA":"UCG 10","Shape__Area":267666.9560546875,"Shape__Length":2352.4643048657395}},{"type":"Feature","id":60,"geometry":{"type":"Polygon","coordinates":[[[-75.4741067668867,10.3984390836536],[-75.4738545610479,10.397379669512],[-75.4738466589148,10.3971443468511],[-75.476779567632,10.3958957581484],[-75.4769483552271,10.3958244177768],[-75.4770447034588,10.3960360723439],[-75.4772381849429,10.3962878745776],[-75.4775477668639,10.3965889505304],[-75.477885005738,10.3967750852476],[-75.4781566575725,10.3968206260423],[-75.4781108075313,10.3968749114134],[-75.4778653285787,10.3970998338706],[-75.4777178695121,10.3971523705794],[-75.4775733607165,10.397193229291],[-75.4772784407739,10.3973129001687],[-75.4759257668216,10.3977505108043],[-75.4756413063268,10.3978486001725],[-75.4755354740258,10.3978907838073],[-75.4754844015084,10.3977634388934],[-75.4754027981698,10.3976046521926],[-75.4752258430338,10.3976980582899],[-75.4752612192434,10.397809005517],[-75.4741067668867,10.3984390836536]]]},"properties":{"FID":60,"CODIGO":"3950","NOMBRE":"EL GALLO","UCG":7,"LOC":"LV","ZONA":"UCG 7","Shape__Area":63798.6982421875,"Shape__Length":1248.1059289639807}},{"type":"Feature","id":61,"geometry":{"type":"Polygon","coordinates":[[[-75.494950817657,10.3964242939925],[-75.4952619512158,10.395338601274],[-75.4948654248277,10.3951083636515],[-75.494722258278,10.3950387756127],[-75.4947014342932,10.3950241711823],[-75.4946960547895,10.3950097160187],[-75.4945590159435,10.3942287844561],[-75.4945806713375,10.3940168883817],[-75.4944934221388,10.3935864491321],[-75.4952385137977,10.3934572643491],[-75.4956619463661,10.3935965319908],[-75.4957101820401,10.3934361494722],[-75.4966842958319,10.3925217088173],[-75.4978127322968,10.3930322144395],[-75.4980765373573,10.3931132035501],[-75.4981199091679,10.39294250216],[-75.4983311841986,10.3922592665725],[-75.4987752566739,10.3924127955767],[-75.4988613066175,10.3924290861958],[-75.4988939363318,10.3918531385407],[-75.4989474981449,10.39184690637],[-75.4997291253206,10.3917641293012],[-75.5002284980969,10.391709008331],[-75.5005524760653,10.3916710992015],[-75.5017346545145,10.3915433543037],[-75.5026792085024,10.3914189721333],[-75.5037369089295,10.3912818760912],[-75.5038403073818,10.3917710156326],[-75.5035584167379,10.3919809290746],[-75.5032871389456,10.3922785533326],[-75.5032022734507,10.3923791689325],[-75.5024009074479,10.3924674798848],[-75.5023618972512,10.3921301896003],[-75.5018115233382,10.3921952715094],[-75.5015995154684,10.3920797866313],[-75.5012343930359,10.3919778610051],[-75.5012434677524,10.3922507682638],[-75.5003015124012,10.3923429628834],[-75.4999712175019,10.3923604965594],[-75.4999973872121,10.3926374195518],[-75.4999744833836,10.3931184907376],[-75.500029313863,10.3937708543129],[-75.5000666927563,10.3938037502058],[-75.5001788329448,10.3938037540806],[-75.5001738144665,10.393840599566],[-75.5001287197908,10.3942785627143],[-75.5001168711257,10.3944958816439],[-75.5000865096738,10.3946005333131],[-75.4997531418125,10.3956387436946],[-75.4996608227945,10.3959636607382],[-75.4995710681461,10.3962758856405],[-75.499296675413,10.3971998677687],[-75.4993607752894,10.3972684080239],[-75.4989267838468,10.397968628739],[-75.4981573600925,10.3975290407812],[-75.4979017072781,10.397378827792],[-75.4978439935199,10.3972693055127],[-75.4977646333749,10.397207399655],[-75.4977742540213,10.3971859722554],[-75.4975914858578,10.3970312081942],[-75.4976107288097,10.3969502595328],[-75.4971340416178,10.3967312118192],[-75.4968411690632,10.3965550020575],[-75.4968776887051,10.3964379375732],[-75.4965769557042,10.3963498634743],[-75.4963746255743,10.3962907045753],[-75.4962712164886,10.396233558966],[-75.495715686286,10.3960811571196],[-75.4955893460357,10.3965334017946],[-75.4955400955063,10.3967096974947],[-75.494950817657,10.3964242939925]]]},"properties":{"FID":61,"CODIGO":"4000","NOMBRE":"CALAMARES","UCG":8,"LOC":"LH","ZONA":"UCG 8","Shape__Area":302211.1162109375,"Shape__Length":3465.1392809286613}},{"type":"Feature","id":62,"geometry":{"type":"Polygon","coordinates":[[[-75.4851156147001,10.3955142478419],[-75.4853627369521,10.3944209947853],[-75.4864296524609,10.3945228502004],[-75.4878522041063,10.3945483625485],[-75.4878133885188,10.3976668544046],[-75.4855677037761,10.3976446517821],[-75.4851665274676,10.3975838763833],[-75.4849136925215,10.3965341989533],[-75.4849528856641,10.3961673717185],[-75.4851156147001,10.3955142478419]]]},"properties":{"FID":62,"CODIGO":"4050","NOMBRE":"LA CASTELLANA","UCG":7,"LOC":"LV","ZONA":"UCG 7","Shape__Area":108584.8427734375,"Shape__Length":1292.5589295167977}},{"type":"Feature","id":63,"geometry":{"type":"Polygon","coordinates":[[[-75.4897819391013,10.3972387793571],[-75.4898022467745,10.3971956474959],[-75.4904507652354,10.3966448890821],[-75.4913334981553,10.3958902379551],[-75.4919596691469,10.3965957303511],[-75.4907011901112,10.397647533357],[-75.4900116237769,10.3975264313017],[-75.4898061147222,10.397280113119],[-75.4897819391013,10.3972387793571]]]},"properties":{"FID":63,"CODIGO":"4100","NOMBRE":"LA FLORESTA","UCG":7,"LOC":"LV","ZONA":"UCG 7","Shape__Area":22865.0419921875,"Shape__Length":640.22120899753054}},{"type":"Feature","id":64,"geometry":{"type":"Polygon","coordinates":[[[-75.4878522041063,10.3945483625485],[-75.4888507616244,10.3946022338333],[-75.4893738108867,10.3946997826057],[-75.4897915671604,10.3948376736134],[-75.4899715753174,10.3949082982573],[-75.4899360180584,10.3958370983836],[-75.4898900938204,10.39583698168],[-75.4897359059055,10.3957781861336],[-75.4895357947507,10.3957058876413],[-75.4895254324916,10.3957573728634],[-75.4894870884507,10.3961315628728],[-75.4894573367926,10.3961984914414],[-75.4893492303694,10.396374630489],[-75.4892842308416,10.3966616392944],[-75.4892490125482,10.3975585066679],[-75.488756911396,10.3975624543165],[-75.4878133885188,10.3976668544046],[-75.4878522041063,10.3945483625485]]]},"properties":{"FID":64,"CODIGO":"4150","NOMBRE":"CHIPRE","UCG":7,"LOC":"LV","ZONA":"UCG 7","Shape__Area":64573.5615234375,"Shape__Length":1122.0265022552044}},{"type":"Feature","id":65,"geometry":{"type":"Polygon","coordinates":[[[-75.4906246247119,10.3952046111765],[-75.4909596115697,10.394600507244],[-75.4903431293284,10.3942625105454],[-75.4903698049526,10.3942236515935],[-75.4903830205531,10.3942002721985],[-75.4904478491187,10.394085587402],[-75.4904589978884,10.3940658639444],[-75.4904835515423,10.3940098161523],[-75.491750660243,10.3946217540907],[-75.493103703026,10.3955015451982],[-75.4936137992525,10.3957858211866],[-75.493301129594,10.3963095946426],[-75.4930389681965,10.3967333742273],[-75.4926760411121,10.3973914016747],[-75.4919596691469,10.3965957303511],[-75.4913334981553,10.3958902379551],[-75.4909429322372,10.3954329123958],[-75.4906246247119,10.3952046111765]]]},"properties":{"FID":65,"CODIGO":"4200","NOMBRE":"LOS ANGELES","UCG":8,"LOC":"LH","ZONA":"UCG 8","Shape__Area":54159.373046875,"Shape__Length":1139.3958362971412}},{"type":"Feature","id":66,"geometry":{"type":"Polygon","coordinates":[[[-75.4739345646101,10.3959140613327],[-75.4741060925989,10.3956324959442],[-75.4742524996785,10.3955538346064],[-75.4744951051225,10.3955248757469],[-75.4749761297443,10.3954959437243],[-75.4753973779604,10.3951618152438],[-75.4754460648207,10.3951358416245],[-75.4763372464462,10.3946459368953],[-75.4763690958582,10.3946306373627],[-75.4764302208484,10.3947074769479],[-75.4766485240202,10.3950612960569],[-75.4767705703474,10.3952932343581],[-75.4769483552271,10.3958244177769],[-75.476779567632,10.3958957581484],[-75.4738466589148,10.3971443468511],[-75.4738874627592,10.3970051010118],[-75.4738892189533,10.3964793930482],[-75.4732944772134,10.3958447185494],[-75.4735948094698,10.3955417444284],[-75.4739345646101,10.3959140613327]]]},"properties":{"FID":66,"CODIGO":"4250","NOMBRE":"ANITA","UCG":13,"LOC":"LI","ZONA":"UCG 13","Shape__Area":50935.22265625,"Shape__Length":1125.6177673270493}},{"type":"Feature","id":67,"geometry":{"type":"Polygon","coordinates":[[[-75.5064339733015,10.3958707024837],[-75.5060693784861,10.3947452410938],[-75.505899838638,10.3942011215155],[-75.5060772717185,10.3940735886076],[-75.5063959484626,10.3938709844925],[-75.5066220723623,10.39424708768],[-75.5067472901073,10.3943022733516],[-75.5084975438784,10.3950162444566],[-75.5085683998453,10.3950796044866],[-75.5085754923229,10.39517466238],[-75.5085203978161,10.3953669843984],[-75.5087375350484,10.3958625474541],[-75.5089457451874,10.3957867345181],[-75.5090072483681,10.395753933241],[-75.5093576925957,10.396423484698],[-75.509274383265,10.3964375455204],[-75.5088204571491,10.3966192771268],[-75.5082078380071,10.396783865592],[-75.507968274562,10.3962706450438],[-75.5078944656248,10.3963029555314],[-75.5075671662733,10.3955239426108],[-75.5074446041408,10.3955695922895],[-75.50703867909,10.3956715257346],[-75.5068759874447,10.3957066272597],[-75.5067383255011,10.3957190149056],[-75.5066324182261,10.3957681607864],[-75.5065203860269,10.3958402196249],[-75.5064339733015,10.3958707024837]]]},"properties":{"FID":67,"CODIGO":"4300","NOMBRE":"NUEVA GRANADA","UCG":9,"LOC":"LH","ZONA":"UCG 9","Shape__Area":51241.4755859375,"Shape__Length":1199.6020454677644}},{"type":"Feature","id":68,"geometry":{"type":"Polygon","coordinates":[[[-75.4894870884507,10.3961315628728],[-75.4895254324916,10.3957573728634],[-75.4895357947507,10.3957058876413],[-75.4897359059055,10.3957781861336],[-75.4898900938204,10.39583698168],[-75.4899360180584,10.3958370983836],[-75.4899715753174,10.3949082982573],[-75.4903821305987,10.395053723802],[-75.4906246247119,10.3952046111765],[-75.4909429322372,10.3954329123958],[-75.4913334981553,10.3958902379551],[-75.4904507652354,10.3966448890821],[-75.4893492303694,10.396374630489],[-75.4894573367926,10.3961984914414],[-75.4894870884507,10.3961315628728]]]},"properties":{"FID":68,"CODIGO":"4350","NOMBRE":"SAN ANTONIO","UCG":7,"LOC":"LV","ZONA":"UCG 7","Shape__Area":23387.8515625,"Shape__Length":681.04787478375283}},{"type":"Feature","id":69,"geometry":{"type":"Polygon","coordinates":[[[-75.5091514197294,10.3953089759617],[-75.5088272219059,10.3949149604239],[-75.5090004140918,10.394595694771],[-75.5090392334667,10.3944537986376],[-75.5090899970373,10.3942941655273],[-75.5091676348681,10.3941227078792],[-75.5094893496125,10.3935770232982],[-75.5096455158351,10.3934007552104],[-75.5099648433882,10.3929150687212],[-75.5109664169554,10.3934701455441],[-75.5121252618413,10.3916819007121],[-75.5124611430677,10.3911700025785],[-75.5129818420908,10.3905867580915],[-75.5130326245211,10.3905210100023],[-75.5136119114012,10.3909702585482],[-75.5136519122164,10.391013709345],[-75.5134773517997,10.391309524853],[-75.5129410138597,10.3921408611775],[-75.5128942049501,10.3923378162438],[-75.5118249811508,10.3939479319835],[-75.5113502417035,10.3947070818522],[-75.5111228089241,10.3950366619148],[-75.510926403092,10.3953524830068],[-75.510812933667,10.3953465705378],[-75.5105859948591,10.3953199646054],[-75.510476454917,10.3954171514255],[-75.5097760423297,10.3960555891254],[-75.5097359821885,10.3961071769533],[-75.5091514197294,10.3953089759617]]]},"properties":{"FID":69,"CODIGO":"4400","NOMBRE":"ALTOS DE SAN ISIDRO","UCG":10,"LOC":"LH","ZONA":"UCG 10","Shape__Area":106814.2626953125,"Shape__Length":1799.3529461642074}},{"type":"Feature","id":70,"geometry":{"type":"Polygon","coordinates":[[[-75.5093576925957,10.396423484698],[-75.5090072483681,10.395753933241],[-75.5089457451874,10.3957867345181],[-75.5087375350484,10.3958625474541],[-75.5085203978161,10.3953669843984],[-75.5085754923229,10.39517466238],[-75.5085683998453,10.3950796044866],[-75.5084975438784,10.3950162444566],[-75.5067472901073,10.3943022733516],[-75.5066220723623,10.39424708768],[-75.5074272910871,10.3938091377476],[-75.5076064861954,10.3936661500158],[-75.5076322565024,10.393664370348],[-75.5076526329276,10.3936714903982],[-75.5078206213603,10.3938072027821],[-75.5078544195602,10.3938460994011],[-75.5089679618356,10.393186772058],[-75.5094234872694,10.3929170091741],[-75.509349437626,10.3927719081073],[-75.5094415828041,10.3926197587637],[-75.509531355726,10.3925515022945],[-75.5095619577937,10.392535267162],[-75.5094810112685,10.3923811940647],[-75.5092760944313,10.3920170039184],[-75.508448803949,10.3905466850658],[-75.5089184931641,10.3906582512536],[-75.5096975896839,10.3908790842252],[-75.5097735046374,10.3905494428183],[-75.5102537882043,10.3905628386262],[-75.510271303459,10.3905580528898],[-75.5102751578654,10.3905591752309],[-75.5103631130901,10.3905569933138],[-75.5105125637072,10.3905558021139],[-75.5109711507611,10.3893907997438],[-75.5128390835511,10.3903640313295],[-75.5130326245211,10.3905210100023],[-75.5129818420908,10.3905867580915],[-75.5124611430677,10.3911700025785],[-75.5121252618413,10.3916819007121],[-75.5109664169554,10.3934701455441],[-75.5099648433882,10.3929150687212],[-75.5096455158351,10.3934007552104],[-75.5094893496125,10.3935770232982],[-75.5091676348681,10.3941227078792],[-75.5090899970373,10.3942941655273],[-75.5090392334667,10.3944537986376],[-75.5090004140918,10.394595694771],[-75.5088272219059,10.3949149604239],[-75.5091514197294,10.3953089759617],[-75.5097359821885,10.3961071769533],[-75.5094232418258,10.3964124213823],[-75.5093576925957,10.396423484698]]]},"properties":{"FID":70,"CODIGO":"8950","NOMBRE":"BOSQUECITO","UCG":10,"LOC":"LH","ZONA":"UCG 10","Shape__Area":158875.9990234375,"Shape__Length":2817.8367722317639}},{"type":"Feature","id":71,"geometry":{"type":"Polygon","coordinates":[[[-75.5001788329448,10.3938037540806],[-75.5000666927563,10.3938037502058],[-75.500029313863,10.3937708543129],[-75.4999744833836,10.3931184907376],[-75.4999973872121,10.3926374195518],[-75.4999712175019,10.3923604965594],[-75.5003015124012,10.3923429628834],[-75.5012434677524,10.3922507682638],[-75.5012343930359,10.3919778610051],[-75.5015995154684,10.3920797866313],[-75.5018115233382,10.3921952715094],[-75.5023618972512,10.3921301896003],[-75.5024009074479,10.3924674798848],[-75.5032022734507,10.3923791689325],[-75.5032871389456,10.3922785533326],[-75.5035584167379,10.3919809290746],[-75.5038403073818,10.3917710156326],[-75.5039123926271,10.3922379689872],[-75.5040497622407,10.3930966300362],[-75.504175080407,10.3936502503243],[-75.5043893433696,10.3948603909312],[-75.5038429497947,10.3950901400525],[-75.5035571960946,10.3952710856581],[-75.5025266237559,10.3957499166862],[-75.5020372447737,10.3959203632119],[-75.5014574679957,10.3961641171444],[-75.5014149370445,10.396150819247],[-75.5011875430905,10.3964093214041],[-75.5007250542066,10.3960834261364],[-75.500516758572,10.3959967492168],[-75.5002843105324,10.3959668551624],[-75.5002601667461,10.395772593893],[-75.5002420614017,10.3955559181586],[-75.5003220270056,10.3949327356961],[-75.5004461583014,10.3941720268473],[-75.5005069949455,10.3937788589752],[-75.5001788329448,10.3938037540806]]]},"properties":{"FID":71,"CODIGO":"4500","NOMBRE":"LA CAMPIÑA","UCG":8,"LOC":"LH","ZONA":"UCG 8","Shape__Area":176331.0263671875,"Shape__Length":1868.5835055301802}},{"type":"Feature","id":72,"geometry":{"type":"Polygon","coordinates":[[[-75.493103703026,10.3955015451982],[-75.4930540840315,10.395151920788],[-75.4930297474879,10.3951197927263],[-75.4930135234381,10.3950930195702],[-75.4927896882472,10.3937594000422],[-75.493112472021,10.393710432432],[-75.4939867271925,10.3935266232781],[-75.4944586809608,10.3934021936285],[-75.4944934221388,10.3935864491321],[-75.4945806713375,10.3940168883817],[-75.4945590159435,10.3942287844561],[-75.4946960547895,10.3950097160187],[-75.4947014342932,10.3950241711823],[-75.494722258278,10.3950387756127],[-75.4948654248277,10.3951083636515],[-75.4952619512158,10.395338601274],[-75.494950817657,10.3964242939925],[-75.4948972784089,10.3963973233121],[-75.4945853633266,10.3962453803606],[-75.4936137992525,10.3957858211866],[-75.493103703026,10.3955015451982]]]},"properties":{"FID":72,"CODIGO":"4550","NOMBRE":"CAMAGUEY","UCG":8,"LOC":"LH","ZONA":"UCG 8","Shape__Area":55444.6689453125,"Shape__Length":1007.9461709071818}},{"type":"Feature","id":73,"geometry":{"type":"Polygon","coordinates":[[[-75.510926403092,10.3953524830068],[-75.5111228089241,10.3950366619148],[-75.5113502417035,10.3947070818522],[-75.5118249811508,10.3939479319835],[-75.5128942049501,10.3923378162438],[-75.5129410138597,10.3921408611775],[-75.5134773517997,10.391309524853],[-75.5136519122164,10.391013709345],[-75.5139159764248,10.3913005480764],[-75.5141832086532,10.3916718185316],[-75.5131637303416,10.3934188968462],[-75.512994672933,10.3937705318367],[-75.5126110596639,10.3943717546147],[-75.5126230391149,10.394445057461],[-75.5121756997517,10.3951774965173],[-75.5121877447418,10.3953516553853],[-75.5120237633732,10.3953630519782],[-75.5114071708282,10.3952576022328],[-75.5113306594294,10.3953868165376],[-75.5111100272534,10.3953655787315],[-75.510926403092,10.3953524830068]]]},"properties":{"FID":73,"CODIGO":"4600","NOMBRE":"LOS CERROS","UCG":10,"LOC":"LH","ZONA":"UCG 10","Shape__Area":51049.44140625,"Shape__Length":1301.0832746438946}},{"type":"Feature","id":74,"geometry":{"type":"Polygon","coordinates":[[[-75.4794991348674,10.391808737238],[-75.4795536361184,10.3917458003215],[-75.4795839086541,10.3917697813249],[-75.4798170532881,10.3914940570057],[-75.4798352206338,10.3914700807638],[-75.4797652655308,10.3914163356723],[-75.479476279437,10.3912032853045],[-75.4795306190457,10.3911415948829],[-75.4796260531299,10.3910472643588],[-75.4812972613515,10.3921277604775],[-75.4816308797207,10.3923113858354],[-75.4832423870567,10.3932379750316],[-75.4825171668227,10.3935133772402],[-75.4803829696383,10.3944415561998],[-75.4769483552271,10.3958244177769],[-75.4767705703474,10.3952932343581],[-75.4766485240202,10.3950612960569],[-75.476689265547,10.3950304930379],[-75.4769133247219,10.3948267039613],[-75.4769436032314,10.3947967346806],[-75.4769647965523,10.3947907424405],[-75.4769981032293,10.3947547789745],[-75.4770283810721,10.3947308041889],[-75.477052603864,10.3947068287557],[-75.4770828826739,10.39467386221],[-75.4775637949184,10.3941354660161],[-75.478006621711,10.3936087476252],[-75.4781571007574,10.3934223875003],[-75.4795112403172,10.3918536972182],[-75.4795203249184,10.3918327173497],[-75.4794991348674,10.391808737238]]]},"properties":{"FID":74,"CODIGO":"4650","NOMBRE":"SANTA LUCIA","UCG":13,"LOC":"LI","ZONA":"UCG 13","Shape__Area":151779.8671875,"Shape__Length":1947.3998496835793}},{"type":"Feature","id":75,"geometry":{"type":"Polygon","coordinates":[[[-75.4763690958582,10.3946306373627],[-75.4761248982623,10.3942824447763],[-75.4756274896749,10.3930955910097],[-75.4752550741794,10.3925777270403],[-75.4749190376572,10.3922160210053],[-75.4743621550738,10.3917395792493],[-75.4740645869137,10.3915615582102],[-75.4717661941184,10.3911376839991],[-75.4728009113564,10.3895026625379],[-75.4735173857956,10.3882979046094],[-75.4739327292674,10.3876046192559],[-75.4753645609419,10.3885509192347],[-75.4757782580167,10.3888243300762],[-75.4795306190457,10.3911415948829],[-75.479476279437,10.3912032853044],[-75.4797652655308,10.3914163356723],[-75.4798352206338,10.3914700807638],[-75.4798170532881,10.3914940570057],[-75.4795839086541,10.3917697813249],[-75.4795536361184,10.3917458003215],[-75.4794991348674,10.391808737238],[-75.4795203249184,10.3918327173496],[-75.4795112403172,10.3918536972182],[-75.4781571007575,10.3934223875003],[-75.478006621711,10.3936087476252],[-75.4775637949184,10.3941354660161],[-75.4770828826739,10.39467386221],[-75.477052603864,10.3947068287557],[-75.4770283810721,10.3947308041889],[-75.4769981032293,10.3947547789745],[-75.4769647965523,10.3947907424405],[-75.4769436032314,10.3947967346806],[-75.4769133247219,10.3948267039613],[-75.476689265547,10.3950304930378],[-75.4766485240202,10.3950612960569],[-75.4764302208484,10.3947074769479],[-75.4763690958582,10.3946306373627]]]},"properties":{"FID":75,"CODIGO":"4750","NOMBRE":"LA CONCEPCION","UCG":13,"LOC":"LI","ZONA":"UCG 13","Shape__Area":323384.0166015625,"Shape__Length":2574.3328794636732}},{"type":"Feature","id":76,"geometry":{"type":"Polygon","coordinates":[[[-75.4864411065889,10.3925362571895],[-75.4867779609218,10.3921597706397],[-75.4883264139708,10.3929408734362],[-75.4889299552082,10.3932454465404],[-75.4892926318156,10.3934284680661],[-75.4900957055221,10.3938211595438],[-75.4903583297068,10.3939489056465],[-75.4904835515423,10.3940098161523],[-75.4904589978884,10.3940658639444],[-75.4904478491187,10.394085587402],[-75.4903830205531,10.3942002721985],[-75.4903698049526,10.3942236515935],[-75.4903431293284,10.3942625105454],[-75.4909596115697,10.394600507244],[-75.4906246247119,10.3952046111765],[-75.4903821305987,10.395053723802],[-75.4899715753174,10.3949082982573],[-75.4897915671604,10.3948376736134],[-75.4893738108867,10.3946997826057],[-75.4888507616244,10.3946022338333],[-75.4878522041063,10.3945483625485],[-75.4864296524609,10.3945228502004],[-75.4857916766491,10.3944619448831],[-75.4853627369521,10.3944209947853],[-75.4854875051441,10.3936636011705],[-75.4862163267946,10.3933110348451],[-75.4863793787955,10.3929086121554],[-75.4862311851551,10.3926426226992],[-75.4864411065889,10.3925362571895]]]},"properties":{"FID":76,"CODIGO":"4800","NOMBRE":"VILLA SANDRA","UCG":8,"LOC":"LH","ZONA":"UCG 8","Shape__Area":100074.5546875,"Shape__Length":1594.8022370675988}},{"type":"Feature","id":77,"geometry":{"type":"Polygon","coordinates":[[[-75.5066220723623,10.39424708768],[-75.5063959484626,10.3938709844925],[-75.5062538520544,10.3936346404544],[-75.5061863403144,10.3936679768287],[-75.5059984485335,10.3937780362468],[-75.5058856233914,10.3936006100152],[-75.5056155860956,10.3937439945646],[-75.5053732941022,10.3933783672416],[-75.5048407130647,10.3936873654288],[-75.504175080407,10.3936502503243],[-75.5040497622407,10.3930966300362],[-75.5039123926271,10.3922379689872],[-75.5038403073818,10.3917710156326],[-75.5037369089295,10.3912818760912],[-75.5031993553688,10.388338796555],[-75.5048555112603,10.3880585026236],[-75.5057155743989,10.3878896011192],[-75.5071188759458,10.3876492698663],[-75.5077911029503,10.3875343243461],[-75.5076578022239,10.3879173206127],[-75.5078239480186,10.387944979758],[-75.5080342040928,10.3879071350038],[-75.5086878185206,10.3878262124295],[-75.5096352822066,10.387970243366],[-75.5105670719204,10.3883195692433],[-75.510651532829,10.3883739212502],[-75.5106599788946,10.3883948258222],[-75.5108373459413,10.3893355311335],[-75.5109711507611,10.3893907997438],[-75.5105125637072,10.3905558021139],[-75.5103631130901,10.3905569933138],[-75.5102751578654,10.3905591752309],[-75.510271303459,10.3905580528898],[-75.5102537882043,10.3905628386262],[-75.5097735046374,10.3905494428183],[-75.5096975896839,10.3908790842252],[-75.5089184931641,10.3906582512536],[-75.508448803949,10.3905466850658],[-75.5092760944313,10.3920170039184],[-75.5094810112685,10.3923811940647],[-75.5095619577937,10.392535267162],[-75.509531355726,10.3925515022945],[-75.5094415828041,10.3926197587637],[-75.509349437626,10.3927719081073],[-75.5094234872694,10.3929170091741],[-75.5089679618356,10.393186772058],[-75.5078544195602,10.3938460994011],[-75.5078206213603,10.3938072027821],[-75.5076526329276,10.3936714903982],[-75.5076322565024,10.393664370348],[-75.5076064861954,10.3936661500158],[-75.5074272910871,10.3938091377476],[-75.5066220723623,10.39424708768]]]},"properties":{"FID":77,"CODIGO":"4850","NOMBRE":"NUEVO BOSQUE","UCG":10,"LOC":"LH","ZONA":"UCG 10","Shape__Area":448576.5712890625,"Shape__Length":3096.6034154259519}},{"type":"Feature","id":78,"geometry":{"type":"Polygon","coordinates":[[[-75.4844080493849,10.3926864021616],[-75.4862547674407,10.3919322117061],[-75.4867779609218,10.3921597706397],[-75.4864411065889,10.3925362571895],[-75.4862311851551,10.3926426226992],[-75.4863793787955,10.3929086121554],[-75.4862163267946,10.3933110348451],[-75.4854875051441,10.3936636011705],[-75.4853627369521,10.3944209947853],[-75.4851350144525,10.3943664450287],[-75.4849171223804,10.3942821613712],[-75.4846924242086,10.3941608000184],[-75.4844166607534,10.3939855040873],[-75.4842089877759,10.3938472906409],[-75.4835052850551,10.3933811535292],[-75.4832423870567,10.3932379750316],[-75.4844080493849,10.3926864021616]]]},"properties":{"FID":78,"CODIGO":"4900","NOMBRE":"RUBI","UCG":8,"LOC":"LH","ZONA":"UCG 8","Shape__Area":49507.3115234375,"Shape__Length":1046.9737758249046}},{"type":"Feature","id":79,"geometry":{"type":"Polygon","coordinates":[[[-75.491750660243,10.3946217540907],[-75.4916525604665,10.3939544420603],[-75.491482173658,10.3929484195077],[-75.491325455355,10.3921297162494],[-75.4910473660408,10.3903657244546],[-75.4917616144128,10.3902301349752],[-75.4920297271734,10.390187642271],[-75.4926275213976,10.3900941467911],[-75.4928023133561,10.3911722848015],[-75.492908279522,10.3921910835957],[-75.4930818987208,10.3934672012053],[-75.493112472021,10.393710432432],[-75.4927896882472,10.3937594000422],[-75.4930135234381,10.3950930195702],[-75.4930297474879,10.3951197927263],[-75.4930540840315,10.395151920788],[-75.493103703026,10.3955015451982],[-75.491750660243,10.3946217540907]]]},"properties":{"FID":79,"CODIGO":"5000","NOMBRE":"BUENOS AIRES","UCG":8,"LOC":"LH","ZONA":"UCG 8","Shape__Area":89477.615234375,"Shape__Length":1497.4640933938615}},{"type":"Feature","id":80,"geometry":{"type":"Polygon","coordinates":[[[-75.4883264139708,10.3929408734361],[-75.4888085956372,10.3911228936035],[-75.4887118040212,10.3909354261483],[-75.4893975601108,10.3906664103075],[-75.4895355619847,10.3906373009894],[-75.4903801076812,10.390482704951],[-75.4903980475965,10.3906879484388],[-75.4903220159013,10.3906992323282],[-75.4903575984124,10.3911728861576],[-75.4903618462318,10.3912295150643],[-75.4903975526354,10.3916004917541],[-75.4904189302133,10.3918034120228],[-75.4896817628248,10.391919000496],[-75.4896301586447,10.3920502952962],[-75.4895744754155,10.3922257148404],[-75.4900224026211,10.392154064543],[-75.4900439455767,10.3922985780699],[-75.490041984805,10.3923199152982],[-75.4900871572637,10.3926066255458],[-75.4901050768367,10.392645677745],[-75.4901311304581,10.3928530676679],[-75.4901507671869,10.3928784933572],[-75.4901913111603,10.3931214511581],[-75.4902638929256,10.3934323047414],[-75.4903583297068,10.3939489056465],[-75.4900957055221,10.3938211595438],[-75.4892926318156,10.3934284680661],[-75.4889299552082,10.3932454465404],[-75.4883264139708,10.3929408734361]]]},"properties":{"FID":80,"CODIGO":"5050","NOMBRE":"LAS DELICIAS","UCG":8,"LOC":"LH","ZONA":"UCG 8","Shape__Area":56794.146484375,"Shape__Length":1218.2296449825551}},{"type":"Feature","id":81,"geometry":{"type":"Polygon","coordinates":[[[-75.4978127322968,10.3930322144395],[-75.4966842958319,10.3925217088173],[-75.4957101820401,10.3934361494722],[-75.4956619463661,10.3935965319908],[-75.4952385137977,10.3934572643491],[-75.4944934221388,10.3935864491321],[-75.4944586809608,10.3934021936285],[-75.4937714660797,10.3899109086837],[-75.4953613086126,10.3896546656876],[-75.4967121490118,10.3894399245034],[-75.4974811827148,10.3893130179231],[-75.4993476719877,10.3890285308274],[-75.5025887689836,10.3884824788867],[-75.5031993553688,10.388338796555],[-75.5037369089295,10.3912818760912],[-75.5026792085024,10.3914189721333],[-75.5017346545145,10.3915433543037],[-75.5005524760653,10.3916710992015],[-75.5002284980969,10.391709008331],[-75.4997291253206,10.3917641293012],[-75.4989474981449,10.39184690637],[-75.4988939363318,10.3918531385407],[-75.4988613066175,10.3924290861958],[-75.4987752566739,10.3924127955767],[-75.4983311841986,10.3922592665725],[-75.4981199091679,10.39294250216],[-75.4980765373573,10.3931132035501],[-75.4978127322968,10.3930322144395]]]},"properties":{"FID":81,"CODIGO":"5100","NOMBRE":"EL COUNTRY","UCG":8,"LOC":"LH","ZONA":"UCG 8","Shape__Area":379620.578125,"Shape__Length":3069.7303233053417}},{"type":"Feature","id":82,"geometry":{"type":"Polygon","coordinates":[[[-75.4811631657033,10.3893056512947],[-75.4824593987138,10.3899667102895],[-75.4832458588322,10.3903663021591],[-75.4849280790891,10.3912256755501],[-75.4862547674407,10.3919322117061],[-75.4844080493849,10.3926864021616],[-75.4832423870567,10.3932379750316],[-75.4816308797207,10.3923113858354],[-75.4812972613515,10.3921277604775],[-75.4796260531299,10.3910472643588],[-75.4808870930324,10.3897100383069],[-75.4811631657033,10.3893056512947]]]},"properties":{"FID":82,"CODIGO":"5150","NOMBRE":"SAN PEDRO","UCG":12,"LOC":"LI","ZONA":"UCG 12","Shape__Area":153045.400390625,"Shape__Length":1741.1561214820567}},{"type":"Feature","id":83,"geometry":{"type":"Polygon","coordinates":[[[-75.4867779609218,10.3921597706397],[-75.4862547674407,10.3919322117061],[-75.4883524422071,10.3910772495615],[-75.4885062955598,10.3910205033566],[-75.4887118040212,10.3909354261483],[-75.4888085956372,10.3911228936035],[-75.4883264139708,10.3929408734361],[-75.4867779609218,10.3921597706397]]]},"properties":{"FID":83,"CODIGO":"5200","NOMBRE":"EL CARMEN","UCG":8,"LOC":"LH","ZONA":"UCG 8","Shape__Area":29995.4267578125,"Shape__Length":789.71357257011346}},{"type":"Feature","id":84,"geometry":{"type":"Polygon","coordinates":[[[-75.5158119680429,10.3896990850381],[-75.5157750893359,10.3885287494678],[-75.5172922755368,10.3885889684453],[-75.5175732663261,10.3885967582183],[-75.518407001485,10.3894517469972],[-75.5187420684884,10.390220838637],[-75.518908007748,10.3905880425011],[-75.5190201718273,10.3907620021127],[-75.5194875317943,10.3918020629643],[-75.5196557867978,10.3923498547806],[-75.51963335968,10.3925349216509],[-75.5194614031548,10.3934047376115],[-75.5194050175426,10.3940781397693],[-75.5188598587742,10.3941430849408],[-75.517137257053,10.3940971955569],[-75.516864073401,10.3933346174162],[-75.5164968019939,10.3923093918792],[-75.5158119680429,10.3896990850381]]]},"properties":{"FID":84,"CODIGO":"5250","NOMBRE":"ALTO BOSQUE","UCG":10,"LOC":"LH","ZONA":"UCG 10","Shape__Area":191251.48046875,"Shape__Length":1794.3075404882434}},{"type":"Feature","id":85,"geometry":{"type":"Polygon","coordinates":[[[-75.4839872099167,10.3812699667157],[-75.4858002335353,10.3817819933192],[-75.4873114687257,10.3821804947762],[-75.4897527070404,10.3828491346309],[-75.4896299295441,10.3832697390019],[-75.4893914382123,10.3840148263524],[-75.4894536614883,10.3840337858209],[-75.4893195944712,10.3846782550892],[-75.4897647321311,10.3848014942261],[-75.4898173509805,10.3852848565015],[-75.4898125319126,10.38576347612],[-75.4898699388192,10.3862278834331],[-75.4899895949771,10.3863368840186],[-75.4899362903223,10.3866983225186],[-75.4899278744163,10.3867553874847],[-75.4891101127565,10.3884131515579],[-75.4885062955598,10.3910205033566],[-75.4883524422071,10.3910772495615],[-75.4862547674407,10.3919322117061],[-75.4849280790891,10.39122567555],[-75.4832458588322,10.3903663021591],[-75.4824593987138,10.3899667102895],[-75.4811631657033,10.3893056512947],[-75.481519205903,10.3883040550757],[-75.4820245128679,10.3868716239546],[-75.4822283866546,10.3863089993448],[-75.4825024346537,10.3853878389463],[-75.4832555208869,10.3832344549543],[-75.4835056933223,10.382606896999],[-75.4839872099167,10.3812699667157]]]},"properties":{"FID":85,"CODIGO":"5300","NOMBRE":"BLAS DE LEZO","UCG":12,"LOC":"LI","ZONA":"UCG 12","Shape__Area":802809.5107421875,"Shape__Length":3550.2006411022517}},{"type":"Feature","id":86,"geometry":{"type":"Polygon","coordinates":[[[-75.4617775980671,10.3814102736966],[-75.4618899406054,10.3813026221739],[-75.4620525864304,10.3813978078636],[-75.4624297418481,10.380892781352],[-75.4622819187454,10.3805706762992],[-75.4625185517823,10.3803364703855],[-75.4625776952876,10.3803730796385],[-75.4627459344578,10.3801993752425],[-75.46296419487,10.3798290670294],[-75.4629405329418,10.3791772996769],[-75.4634484358593,10.3798169730112],[-75.4638839026211,10.3803082930289],[-75.4642017640061,10.3806364866881],[-75.4640294740377,10.3809293459947],[-75.463760537782,10.3813544800189],[-75.4634916114463,10.381709367728],[-75.463219733633,10.3820263426431],[-75.462890271811,10.3824265272168],[-75.4627729914427,10.3827600491333],[-75.4626511631118,10.3831400433534],[-75.4625540325533,10.3833803441521],[-75.4625129333764,10.3835171328978],[-75.4624195352446,10.3837685256995],[-75.4624083046196,10.3839459877406],[-75.4624418818812,10.3841530338786],[-75.4624674106139,10.3844207378168],[-75.4624274915096,10.3845705874752],[-75.4623708295192,10.3847926319782],[-75.4621879399568,10.385099503078],[-75.4621569560403,10.3852450982061],[-75.4621285498086,10.3854060200247],[-75.4621517564111,10.3854979813765],[-75.4622675481647,10.385608106721],[-75.4620121508698,10.3859313028199],[-75.4618179884447,10.3857649007653],[-75.4612728280854,10.3853803116914],[-75.4595026071934,10.3873097387311],[-75.4608869265293,10.3884571921835],[-75.4591191354045,10.3905495677528],[-75.4574229179503,10.3898032126595],[-75.4559420138737,10.3916517341353],[-75.4550624448303,10.3912528677932],[-75.4528370790571,10.3902622166946],[-75.451238025738,10.3895647138119],[-75.4525012291849,10.3878201268357],[-75.4526533431346,10.3877277054004],[-75.453031299781,10.3874977932048],[-75.4535848403163,10.3870282357802],[-75.4539178393143,10.3865092004842],[-75.4541676106186,10.385994269844],[-75.4538902328103,10.3857163398631],[-75.4545222044582,10.3849063284001],[-75.4547599552578,10.3851158445034],[-75.4549843431732,10.3848178043074],[-75.4557071753266,10.3839123798628],[-75.4558925321841,10.3837524848641],[-75.4569332730903,10.3824233215914],[-75.456837654584,10.3823286230138],[-75.4571322781836,10.3819310066612],[-75.4572699765938,10.3820219249274],[-75.4580771411384,10.3809292223132],[-75.4589858211007,10.3797538515527],[-75.4590897729868,10.379806091309],[-75.45999375724,10.3810935434509],[-75.4605407733142,10.3820141848157],[-75.4610784825958,10.3826830909974],[-75.4613138701343,10.3829817668064],[-75.461602600572,10.3816900499908],[-75.4617775980671,10.3814102736966]]]},"properties":{"FID":86,"CODIGO":"5350","NOMBRE":"SAN JOSE DE LOS CAMPANOS","UCG":13,"LOC":"LI","ZONA":"UCG 13","Shape__Area":868529.1845703125,"Shape__Length":5352.7760690710229}},{"type":"Feature","id":87,"geometry":{"type":"Polygon","coordinates":[[[-75.4704637911648,10.3868264009572],[-75.4712137242491,10.3857477229727],[-75.4713593552868,10.3858290786328],[-75.472120618424,10.3863509638109],[-75.472597191689,10.3866624304113],[-75.4732502097642,10.3871223928652],[-75.4739327292674,10.3876046192559],[-75.4735173857956,10.3882979046094],[-75.4728009113564,10.3895026625379],[-75.4717661941184,10.3911376839991],[-75.4706822521798,10.3909475873008],[-75.4697627432723,10.390752039924],[-75.4694676619166,10.3905354065603],[-75.4692231004384,10.3902619073461],[-75.4686813073857,10.3894334668699],[-75.4697195375543,10.3878215583261],[-75.4704637911648,10.3868264009572]]]},"properties":{"FID":87,"CODIGO":"5400","NOMBRE":"EL RECREO","UCG":13,"LOC":"LI","ZONA":"UCG 13","Shape__Area":202753.947265625,"Shape__Length":1760.2430630988044}},{"type":"Feature","id":88,"geometry":{"type":"Polygon","coordinates":[[[-75.4759949246938,10.3865649643515],[-75.4770119564397,10.3868897598037],[-75.4779195482213,10.3871801003118],[-75.4789438252486,10.3874999248324],[-75.481519205903,10.3883040550757],[-75.4811631657033,10.3893056512947],[-75.4808870930324,10.3897100383069],[-75.4796260531299,10.3910472643588],[-75.4795306190457,10.3911415948829],[-75.4757782580167,10.3888243300762],[-75.4753645609419,10.3885509192347],[-75.4753710194196,10.3877322920707],[-75.4759949246938,10.3865649643515]]]},"properties":{"FID":88,"CODIGO":"5450","NOMBRE":"SANTA MONICA","UCG":12,"LOC":"LI","ZONA":"UCG 12","Shape__Area":193411.4716796875,"Shape__Length":1832.9915151663038}},{"type":"Feature","id":89,"geometry":{"type":"Polygon","coordinates":[[[-75.4899278744163,10.3867553874847],[-75.4899362903223,10.3866983225186],[-75.4902882249991,10.3870092735012],[-75.4926031399302,10.3847637607552],[-75.4932393319719,10.3846716877948],[-75.4935433594109,10.3846438123341],[-75.4940579341317,10.384597509254],[-75.4944231262942,10.3845634467254],[-75.4945447621983,10.3853577059185],[-75.4945145706739,10.3854398348032],[-75.4945926484145,10.3857280798728],[-75.4947325897079,10.3857675399195],[-75.4947422919144,10.3858252523906],[-75.4947211530874,10.385869344914],[-75.4948091674471,10.386409341486],[-75.494849967926,10.3866688229254],[-75.4949770889696,10.3873264790154],[-75.495077327417,10.3872465692841],[-75.4951192176665,10.387425534264],[-75.4950126724998,10.3874433066754],[-75.495080314077,10.3878374699812],[-75.4950585531426,10.3878420853722],[-75.4951287523377,10.3882539787655],[-75.4953613086126,10.3896546656876],[-75.4937714660797,10.3899109086837],[-75.4926275213976,10.3900941467911],[-75.4920297271734,10.390187642271],[-75.4917616144128,10.3902301349752],[-75.4910473660408,10.3903657244546],[-75.4906188900271,10.3904389948605],[-75.4903801076812,10.390482704951],[-75.4895355619847,10.3906373009894],[-75.4893975601108,10.3906664103075],[-75.4887118040212,10.3909354261483],[-75.4885062955598,10.3910205033566],[-75.4891101127565,10.3884131515579],[-75.4899278744163,10.3867553874847]]]},"properties":{"FID":89,"CODIGO":"5500","NOMBRE":"LOS CARACOLES","UCG":12,"LOC":"LI","ZONA":"UCG 12","Shape__Area":339837.3525390625,"Shape__Length":2550.0215904423071}},{"type":"Feature","id":90,"geometry":{"type":"Polygon","coordinates":[[[-75.4974811827148,10.3893130179231],[-75.4967121490118,10.3894399245034],[-75.4953613086126,10.3896546656876],[-75.4951287523377,10.3882539787655],[-75.4950585531426,10.3878420853722],[-75.495080314077,10.3878374699812],[-75.4950126724998,10.3874433066754],[-75.4951192176665,10.387425534264],[-75.495077327417,10.3872465692841],[-75.4949770889696,10.3873264790154],[-75.494849967926,10.3866688229254],[-75.4948091674471,10.386409341486],[-75.4947211530874,10.385869344914],[-75.4947422919144,10.3858252523906],[-75.4947325897079,10.3857675399195],[-75.4945926484145,10.3857280798728],[-75.4945145706739,10.3854398348032],[-75.4945447621983,10.3853577059185],[-75.4944231262942,10.3845634467254],[-75.4944014212694,10.3844019966523],[-75.4951210967048,10.3846949523041],[-75.4953271279533,10.3845187968783],[-75.4957550988026,10.384716263306],[-75.4958497313765,10.384714893235],[-75.4960692849763,10.3847604674419],[-75.4960917717224,10.3847112804556],[-75.4974204473104,10.3848280552803],[-75.4985684834681,10.3846312093401],[-75.498624751831,10.384971303437],[-75.4988626319876,10.3863263620968],[-75.4990975107187,10.3876269834765],[-75.4993476719877,10.3890285308274],[-75.4974811827148,10.3893130179231]]]},"properties":{"FID":90,"CODIGO":"5600","NOMBRE":"ALMIRANTE COLON","UCG":12,"LOC":"LI","ZONA":"UCG 12","Shape__Area":239077.6572265625,"Shape__Length":2095.5892350836853}},{"type":"Feature","id":91,"geometry":{"type":"Polygon","coordinates":[[[-75.4985684834681,10.3846312093401],[-75.4998960718276,10.3846441510614],[-75.500005110916,10.3844332266199],[-75.5001415192636,10.3844782481823],[-75.5003912163035,10.3838991147966],[-75.5007375218825,10.3840319181275],[-75.5007710787203,10.3847905110101],[-75.5008365521037,10.3852786956512],[-75.5011037078356,10.3858034600107],[-75.5022074746213,10.3870447768524],[-75.5026183298998,10.3874243527295],[-75.502841572106,10.3876538807635],[-75.5029231382909,10.3878579025547],[-75.5029274263878,10.3880534215188],[-75.5028587307407,10.3881936832631],[-75.5025887689836,10.3884824788867],[-75.4993476719877,10.3890285308274],[-75.4990975107187,10.3876269834765],[-75.4988626319876,10.3863263620968],[-75.498624751831,10.384971303437],[-75.4985684834681,10.3846312093401]]]},"properties":{"FID":91,"CODIGO":"5650","NOMBRE":"LOS CORALES","UCG":12,"LOC":"LI","ZONA":"UCG 12","Shape__Area":157136.43359375,"Shape__Length":1776.7596502511492}},{"type":"Feature","id":92,"geometry":{"type":"Polygon","coordinates":[[[-75.472120618424,10.3863509638109],[-75.472668675268,10.3854785742962],[-75.4727147189647,10.3853939415918],[-75.4736717289728,10.3839324177268],[-75.473698044087,10.3838445272477],[-75.4739414077959,10.3834571728763],[-75.4739710074023,10.3833985806055],[-75.4745004830313,10.3825783016768],[-75.4745366593393,10.3825131994675],[-75.4747865957869,10.3821372387774],[-75.4748096197431,10.3820721350432],[-75.4750496907829,10.3817010559935],[-75.4750858694908,10.381613166497],[-75.4755298315307,10.3809556420068],[-75.4758027882725,10.3805227149803],[-75.4767199829504,10.3791677349229],[-75.4777761255412,10.3792262068006],[-75.478830064842,10.379313051301],[-75.4798175486198,10.3794126381137],[-75.4791018751797,10.3807306074296],[-75.4782806485692,10.3822507526041],[-75.4775836121672,10.3835998689047],[-75.4767296177007,10.3851827200647],[-75.4764124924369,10.3857974606716],[-75.4759949246938,10.3865649643515],[-75.4753710194196,10.3877322920707],[-75.4753645609419,10.3885509192347],[-75.4739327292674,10.3876046192559],[-75.4732502097642,10.3871223928652],[-75.472597191689,10.3866624304113],[-75.472120618424,10.3863509638109]]]},"properties":{"FID":92,"CODIGO":"5700","NOMBRE":"ALAMEDA LA VICTORIA","UCG":14,"LOC":"LI","ZONA":"UCG 14","Shape__Area":376012.2587890625,"Shape__Length":2902.793413563335}},{"type":"Feature","id":93,"geometry":{"type":"Polygon","coordinates":[[[-75.4798175486198,10.3794126381137],[-75.481793838382,10.3796497017201],[-75.4824209450813,10.3797002409008],[-75.4830534410295,10.3797333660345],[-75.484128908712,10.3797108491826],[-75.4846176852526,10.3797283457707],[-75.4839872099167,10.3812699667157],[-75.4835056933223,10.382606896999],[-75.4832555208869,10.3832344549543],[-75.4825024346537,10.3853878389463],[-75.4822283866546,10.3863089993448],[-75.4820245128679,10.3868716239546],[-75.481519205903,10.3883040550757],[-75.4789438252486,10.3874999248324],[-75.4779195482213,10.3871801003118],[-75.4770119564397,10.3868897598037],[-75.4759949246938,10.3865649643515],[-75.4764124924369,10.3857974606716],[-75.4767296177007,10.3851827200647],[-75.4775836121672,10.3835998689047],[-75.4782806485692,10.3822507526041],[-75.4791018751797,10.3807306074296],[-75.4798175486198,10.3794126381137]]]},"properties":{"FID":93,"CODIGO":"5800","NOMBRE":"EL SOCORRO","UCG":12,"LOC":"LI","ZONA":"UCG 12","Shape__Area":547527.5234375,"Shape__Length":3126.986926204178}},{"type":"Feature","id":94,"geometry":{"type":"Polygon","coordinates":[[[-75.5022074746213,10.3870447768524],[-75.5011037078356,10.3858034600107],[-75.5008365521037,10.3852786956512],[-75.5007710787203,10.3847905110101],[-75.5007375218825,10.3840319181275],[-75.5008930251049,10.383591884808],[-75.5011827475367,10.3837034614734],[-75.501704988919,10.3837622717907],[-75.5045382537014,10.3839120009905],[-75.5048147804778,10.3839479020669],[-75.506156361813,10.3842820984306],[-75.5063892754316,10.3847894225538],[-75.5067101768969,10.3849444472022],[-75.5102878124078,10.3866727389862],[-75.5112020076407,10.3870832418691],[-75.5110649283744,10.3874619216101],[-75.5101321016753,10.3871698173749],[-75.5077911029503,10.3875343243461],[-75.5071188759458,10.3876492698663],[-75.5057155743989,10.3878896011192],[-75.5048555112603,10.3880585026236],[-75.5031993551215,10.3883387963208],[-75.5025887689836,10.3884824788867],[-75.5028587307407,10.3881936832631],[-75.5029274263878,10.3880534215188],[-75.5029231382909,10.3878579025547],[-75.502841572106,10.3876538807635],[-75.5026183298998,10.3874243527295],[-75.5022074746213,10.3870447768524]]]},"properties":{"FID":94,"CODIGO":"5850","NOMBRE":"CEBALLOS","UCG":11,"LOC":"LI","ZONA":"UCG 11","Shape__Area":345290.8115234375,"Shape__Length":2915.0054595038891}},{"type":"Feature","id":95,"geometry":{"type":"Polygon","coordinates":[[[-75.4898173509805,10.3852848565015],[-75.4897647321311,10.3848014942261],[-75.4893195944712,10.3846782550892],[-75.4894536614883,10.3840337858209],[-75.4893914382123,10.3840148263524],[-75.4896299295441,10.3832697390019],[-75.4897527070404,10.3828491346309],[-75.4904246032144,10.3830543392077],[-75.4912149990194,10.3832957327476],[-75.4912020394813,10.383361410084],[-75.4911079363671,10.3837440802759],[-75.49095179912,10.3846404517195],[-75.4909565658146,10.3849484747696],[-75.4914543660687,10.3849153341022],[-75.4918133583105,10.3848632290616],[-75.4923806757997,10.3848018607913],[-75.4926031399302,10.3847637607552],[-75.4902882249991,10.3870092735012],[-75.4899362903223,10.3866983225186],[-75.4899895949771,10.3863368840186],[-75.4898699388192,10.3862278834331],[-75.4898125319126,10.38576347612],[-75.4898173509805,10.3852848565015]]]},"properties":{"FID":95,"CODIGO":"5900","NOMBRE":"LA CENTRAL","UCG":12,"LOC":"LI","ZONA":"UCG 12","Shape__Area":76328.8837890625,"Shape__Length":1452.28663272812}},{"type":"Feature","id":96,"geometry":{"type":"Polygon","coordinates":[[[-75.4660067512255,10.3793088410791],[-75.4672000368537,10.3783955606524],[-75.4677942764508,10.3791548993564],[-75.4679118896313,10.3790639304986],[-75.4683354882604,10.3787405756729],[-75.4690181079842,10.3782211154178],[-75.4691995774904,10.3784605119661],[-75.4695573844589,10.3781508489398],[-75.4698626193996,10.3776296308903],[-75.4701701997654,10.3777042838087],[-75.4704515858875,10.3777732279926],[-75.4715598801024,10.3781564683617],[-75.4716495439732,10.3766245783398],[-75.4718145211987,10.3742860620091],[-75.4719003361314,10.3741153947765],[-75.4724756933069,10.3733204341859],[-75.4729718843963,10.3725437013357],[-75.47375923754,10.3714193100044],[-75.474520973383,10.3705657448639],[-75.4748137700018,10.3702376491012],[-75.4749521360027,10.3700958812943],[-75.4752434466419,10.3696729667925],[-75.4760176662979,10.3701368525465],[-75.4764885209453,10.3703147338205],[-75.476973902059,10.3705776882309],[-75.4773670982363,10.3707623262958],[-75.4775435951453,10.3708325756561],[-75.4778407819435,10.3709970987451],[-75.477701107653,10.3713592997614],[-75.4776486434358,10.3713834668874],[-75.4766372896885,10.37402157572],[-75.4764387614812,10.3740073109771],[-75.4763379819818,10.3746938283631],[-75.4761306753754,10.3759927970346],[-75.4756199854581,10.3790627838478],[-75.4763864032482,10.379143447894],[-75.4765927455391,10.3791606903633],[-75.4767199829504,10.3791677349229],[-75.4758027882725,10.3805227149803],[-75.4755298315307,10.3809556420068],[-75.4750858694908,10.381613166497],[-75.4750496907829,10.3817010559935],[-75.4748096197431,10.3820721350432],[-75.4747865957869,10.3821372387774],[-75.4745366593393,10.3825131994675],[-75.4745004830313,10.3825783016768],[-75.4739710074023,10.3833985806055],[-75.4739414077959,10.3834571728763],[-75.473698044087,10.3838445272477],[-75.4736717289728,10.3839324177268],[-75.4727147189647,10.3853939415918],[-75.472668675268,10.3854785742962],[-75.472120618424,10.3863509638109],[-75.4713593552868,10.3858290786328],[-75.4712137242491,10.3857477229727],[-75.468162905957,10.3837297792401],[-75.4657448480677,10.3820780724565],[-75.4656002313281,10.3819784310634],[-75.464876353773,10.3813763656799],[-75.4642017640061,10.3806364866881],[-75.4652766598107,10.3798033135497],[-75.4654965798373,10.3796468664869],[-75.4660067512255,10.3793088410791]]]},"properties":{"FID":96,"CODIGO":"5950","NOMBRE":"SAN FERNANDO","UCG":14,"LOC":"LI","ZONA":"UCG 14","Shape__Area":1164762.654296875,"Shape__Length":5619.2915870042125}},{"type":"Feature","id":97,"geometry":{"type":"Polygon","coordinates":[[[-75.4911079363671,10.3837440802759],[-75.4912020394813,10.383361410084],[-75.4912149990194,10.3832957327476],[-75.4917206531177,10.3834378332039],[-75.4919051951804,10.382730880082],[-75.4919120338419,10.3826429327828],[-75.4920448552932,10.3822522598581],[-75.4920623935172,10.382186290202],[-75.4922615349581,10.3822485851022],[-75.492301553088,10.3822607216662],[-75.4927009816788,10.3810536372904],[-75.4925470204485,10.3809963312789],[-75.4928254899767,10.3806039162292],[-75.4928626169016,10.3805909454226],[-75.4929810351769,10.3804185548623],[-75.4935153279735,10.3809215702231],[-75.4936133053142,10.3810059396566],[-75.4937889223501,10.3810961506817],[-75.4939980764135,10.3811439010729],[-75.4942266402075,10.3811409728265],[-75.49487304092,10.381135404469],[-75.4946796791785,10.3815926567833],[-75.4944580863087,10.382162937617],[-75.49444103978,10.3822229317738],[-75.4943543523551,10.3824970374029],[-75.4939979464887,10.3832213003287],[-75.4935471419503,10.384067556929],[-75.4932393319719,10.3846716877948],[-75.4926031399302,10.3847637607552],[-75.4923806757997,10.3848018607913],[-75.4918133583105,10.3848632290616],[-75.4914543660687,10.3849153341022],[-75.4909565658146,10.3849484747696],[-75.49095179912,10.3846404517195],[-75.4911079363671,10.3837440802759]]]},"properties":{"FID":97,"CODIGO":"6000","NOMBRE":"EL MILAGRO","UCG":12,"LOC":"LI","ZONA":"UCG 12","Shape__Area":114318.0947265625,"Shape__Length":1604.1048280332984}},{"type":"Feature","id":98,"geometry":{"type":"Polygon","coordinates":[[[-75.4974204473104,10.3848280552803],[-75.4960917717224,10.3847112804556],[-75.4960692849763,10.3847604674419],[-75.4958497313765,10.384714893235],[-75.4957550988026,10.384716263306],[-75.4953271279533,10.3845187968783],[-75.4951210967048,10.3846949523041],[-75.4944014212694,10.3844019966523],[-75.4944231262942,10.3845634467254],[-75.4940579341317,10.384597509254],[-75.4935433594109,10.3846438123341],[-75.4932393319719,10.3846716877948],[-75.4935471419503,10.384067556929],[-75.4939979464887,10.3832213003287],[-75.4943543523551,10.3824970374029],[-75.49444103978,10.3822229317738],[-75.4944580863087,10.382162937617],[-75.4946796791785,10.3815926567833],[-75.49487304092,10.381135404469],[-75.4954805310254,10.3797412861286],[-75.4957097669758,10.3794414319794],[-75.4957372825078,10.3794580863668],[-75.4961688951463,10.3798187224345],[-75.4963762810782,10.3799541824097],[-75.4964043697939,10.3798802427735],[-75.4968275782224,10.3789033721176],[-75.4974536252187,10.3776083134526],[-75.4974990356009,10.3775105209311],[-75.4976916977693,10.3771269574795],[-75.4976658832885,10.3770247076866],[-75.4981349589638,10.376232299619],[-75.4982315083253,10.3762749711136],[-75.4997687269302,10.3770021241051],[-75.5031714079353,10.3785188194614],[-75.5024639708924,10.3800676093616],[-75.5017209052217,10.381789293357],[-75.5016395320508,10.3819719858094],[-75.5011678612103,10.3829837108941],[-75.5008930251049,10.383591884808],[-75.5007375218825,10.3840319181275],[-75.5003912163035,10.3838991147966],[-75.5001415192636,10.3844782481823],[-75.500005110916,10.3844332266199],[-75.4998960718276,10.3846441510614],[-75.4985684834681,10.3846312093401],[-75.4974204473104,10.3848280552803]]]},"properties":{"FID":98,"CODIGO":"6050","NOMBRE":"EL CAMPESTRE","UCG":12,"LOC":"LI","ZONA":"UCG 12","Shape__Area":621631.0166015625,"Shape__Length":3457.9199088527089}},{"type":"Feature","id":99,"geometry":{"type":"Polygon","coordinates":[[[-75.506156361813,10.3842820984306],[-75.5048147804778,10.3839479020669],[-75.5045382537014,10.3839120009905],[-75.501704988919,10.3837622717907],[-75.5011827475367,10.3837034614734],[-75.5008930251049,10.383591884808],[-75.5011678612103,10.3829837108941],[-75.5016395320508,10.3819719858094],[-75.5017209219687,10.3817893305506],[-75.5032988192001,10.3824867872126],[-75.5038013794587,10.3814119849201],[-75.5058204270935,10.3817051743605],[-75.505661260065,10.3828927805656],[-75.5058387388718,10.38361385439],[-75.506156361813,10.3842820984306]]]},"properties":{"FID":99,"CODIGO":"6100","NOMBRE":"SANTA CLARA","UCG":11,"LOC":"LI","ZONA":"UCG 11","Shape__Area":117091.6669921875,"Shape__Length":1674.6365114622824}},{"type":"Feature","id":100,"geometry":{"type":"Polygon","coordinates":[[[-75.4897527070404,10.3828491346309],[-75.4873114687257,10.3821804947762],[-75.4858002335353,10.3817819933192],[-75.4839872099167,10.3812699667157],[-75.4846176852526,10.3797283457707],[-75.4851847544108,10.3797739347403],[-75.4864934001824,10.3798390152905],[-75.4879308975887,10.3799191598918],[-75.4881095691521,10.3799252626364],[-75.4890169396286,10.3799082769459],[-75.4894690168,10.3792521599639],[-75.489585340618,10.3791198857327],[-75.4896515412608,10.3790835063248],[-75.4897436051324,10.3790694898717],[-75.4902287058612,10.3790265223474],[-75.4906547850369,10.3791747190953],[-75.4908294605532,10.3792985966799],[-75.4912047733036,10.3796281517812],[-75.491506008706,10.3798515076998],[-75.4916307694725,10.3799424217373],[-75.4918101817672,10.3800728035039],[-75.4920618106551,10.3802027206006],[-75.4924005858918,10.3802352103197],[-75.4927067032098,10.3802367027089],[-75.4929489850853,10.3803883808995],[-75.4929810351769,10.3804185548623],[-75.4928626169016,10.3805909454226],[-75.4928254899767,10.3806039162292],[-75.4925470204485,10.3809963312789],[-75.4927009816788,10.3810536372904],[-75.492301553088,10.3822607216662],[-75.4922615349581,10.3822485851022],[-75.4920623935172,10.382186290202],[-75.4920448552932,10.3822522598581],[-75.4919120338419,10.3826429327828],[-75.4919051951804,10.382730880082],[-75.4917206531177,10.3834378332039],[-75.4912149990194,10.3832957327476],[-75.4904246032144,10.3830543392077],[-75.4897527070404,10.3828491346309]]]},"properties":{"FID":100,"CODIGO":"6150","NOMBRE":"EL CARMELO","UCG":12,"LOC":"LI","ZONA":"UCG 12","Shape__Area":279167.9462890625,"Shape__Length":2530.0541975807014}},{"type":"Feature","id":101,"geometry":{"type":"Polygon","coordinates":[[[-75.491506008706,10.3798515076998],[-75.4919433829265,10.3790517360878],[-75.4919696452804,10.3789691354684],[-75.492144152401,10.3785792700636],[-75.4921632389789,10.3785461313551],[-75.4924434490239,10.3786660391643],[-75.4926859748521,10.378139304671],[-75.4930624433884,10.3771109122326],[-75.4934171983378,10.376000101627],[-75.4935077054912,10.3755593577499],[-75.4943910636227,10.3758261797053],[-75.4950666703607,10.3733840389484],[-75.4948089967903,10.3732847927967],[-75.4945500871092,10.3730835940136],[-75.4943271571725,10.372817823368],[-75.4957337645082,10.3728876077619],[-75.4958372481905,10.3728963333949],[-75.4964272002891,10.3739715243449],[-75.4971435023686,10.3751817717172],[-75.4976221304252,10.3759377060348],[-75.4981349589638,10.376232299619],[-75.4976658832885,10.3770247076866],[-75.4976916977693,10.3771269574795],[-75.4974990356009,10.3775105209311],[-75.4974536252187,10.3776083134526],[-75.4968275782224,10.3789033721176],[-75.4964043697939,10.3798802427735],[-75.4963762810782,10.3799541824097],[-75.4961688951463,10.3798187224345],[-75.4957372825078,10.3794580863668],[-75.4957097669758,10.3794414319794],[-75.4954805310254,10.3797412861286],[-75.49487304092,10.381135404469],[-75.4942266402075,10.3811409728265],[-75.4939980764135,10.3811439010729],[-75.4937889223501,10.3810961506817],[-75.4936133053142,10.3810059396566],[-75.4935153279735,10.3809215702231],[-75.4929810351769,10.3804185548623],[-75.4929489850853,10.3803883808995],[-75.4927067032098,10.3802367027089],[-75.4924005858918,10.3802352103197],[-75.4920618106551,10.3802027206006],[-75.4918101817672,10.3800728035039],[-75.4916307694725,10.3799424217373],[-75.491506008706,10.3798515076998]]]},"properties":{"FID":101,"CODIGO":"6200","NOMBRE":"VISTA HERMOSA","UCG":15,"LOC":"LI","ZONA":"UCG 15","Shape__Area":346178.451171875,"Shape__Length":2897.6710776552795}},{"type":"Feature","id":102,"geometry":{"type":"Polygon","coordinates":[[[-75.4642017640061,10.3806364866881],[-75.4638839026211,10.3803082930289],[-75.4641485606289,10.3800609035197],[-75.4671526038234,10.3778384364401],[-75.4675455408769,10.3775719451044],[-75.468362514762,10.3778192672625],[-75.4688508167514,10.3780091738524],[-75.4690181079842,10.3782211154178],[-75.4683354882604,10.3787405756729],[-75.4679118896313,10.3790639304986],[-75.4677942764508,10.3791548993564],[-75.4672000368537,10.3783955606524],[-75.4660067512255,10.3793088410791],[-75.4654965798373,10.3796468664869],[-75.4652766598107,10.3798033135497],[-75.4642017640061,10.3806364866881]]]},"properties":{"FID":102,"CODIGO":"6250","NOMBRE":"CIUDADELA 11 DE NOVIEMBRE","UCG":14,"LOC":"LI","ZONA":"UCG 14","Shape__Area":45101.4384765625,"Shape__Length":1447.6912669916755}},{"type":"Feature","id":103,"geometry":{"type":"Polygon","coordinates":[[[-75.4638839026211,10.3803082930289],[-75.4634484358593,10.3798169730112],[-75.4629405329418,10.3791772996769],[-75.4662980937386,10.3765997177064],[-75.4664310111296,10.3766290384321],[-75.4698626193996,10.3776296308903],[-75.4695573844589,10.3781508489398],[-75.4691995774904,10.3784605119661],[-75.4690181079842,10.3782211154178],[-75.4688508167514,10.3780091738524],[-75.468362514762,10.3778192672625],[-75.4675455408769,10.3775719451044],[-75.4671526038234,10.3778384364401],[-75.4641485606289,10.3800609035197],[-75.4638839026211,10.3803082930289]]]},"properties":{"FID":103,"CODIGO":"6300","NOMBRE":"URBANIZACION SIMON BOLIVAR","UCG":14,"LOC":"LI","ZONA":"UCG 14","Shape__Area":105654.1611328125,"Shape__Length":1904.4506414092577}},{"type":"Feature","id":104,"geometry":{"type":"Polygon","coordinates":[[[-75.4854805903773,10.3761549652709],[-75.4855015936344,10.3753257091401],[-75.4846012263431,10.3752267281125],[-75.4847968018321,10.3742787105718],[-75.4849096745283,10.3736032269109],[-75.4850386575401,10.3729968894416],[-75.4850755072814,10.3727713227684],[-75.4854472224206,10.3728917491911],[-75.4854878291598,10.3729188242733],[-75.4858252023795,10.3730399926867],[-75.4862679513567,10.3731471481446],[-75.4867283102404,10.3732403812092],[-75.4872157657368,10.3732937168715],[-75.4872449022633,10.3731925623177],[-75.4876101793518,10.3733456646026],[-75.4872781642079,10.3740966409241],[-75.4869341862479,10.374762236271],[-75.4868621928457,10.3754851136695],[-75.4867767213386,10.3754815825362],[-75.486601857846,10.3766379167644],[-75.4866950688022,10.3766526614975],[-75.4866960472882,10.3769655177246],[-75.4870949262688,10.3771040659867],[-75.4867890653952,10.3783781595272],[-75.4866661328726,10.3788458245796],[-75.4865916756343,10.3793203169219],[-75.4864934001824,10.3798390152905],[-75.4851847544108,10.3797739347403],[-75.4846176852526,10.3797283457707],[-75.4848612035945,10.3787590668968],[-75.4850314909451,10.3781078692455],[-75.4851134163875,10.3778500935501],[-75.4851797711817,10.377333894504],[-75.4853336475512,10.3766237970938],[-75.4854373563462,10.3764834945649],[-75.4854805903773,10.3761549652709]]]},"properties":{"FID":104,"CODIGO":"6400","NOMBRE":"LA VICTORIA","UCG":15,"LOC":"LI","ZONA":"UCG 15","Shape__Area":158567.4765625,"Shape__Length":2218.5179885876664}},{"type":"Feature","id":105,"geometry":{"type":"Polygon","coordinates":[[[-75.4830534410295,10.3797333660345],[-75.4831572158762,10.3779992018039],[-75.4827711366458,10.377961847729],[-75.4828797589195,10.3774133097086],[-75.4829891567701,10.376882360488],[-75.4833451890851,10.376945057921],[-75.4837423979865,10.3751025579831],[-75.4845459247726,10.3752423753162],[-75.4846012263431,10.3752267281125],[-75.4855015936344,10.3753257091401],[-75.4854805903773,10.3761549652709],[-75.4854373563462,10.3764834945649],[-75.4853336475512,10.3766237970938],[-75.4851797711817,10.377333894504],[-75.4851134163875,10.3778500935501],[-75.4850314909451,10.3781078692455],[-75.4848612035945,10.3787590668968],[-75.4846176852526,10.3797283457707],[-75.484128908712,10.3797108491826],[-75.4830534410295,10.3797333660345]]]},"properties":{"FID":105,"CODIGO":"6450","NOMBRE":"LOS JARDINES","UCG":15,"LOC":"LI","ZONA":"UCG 15","Shape__Area":109502.5927734375,"Shape__Length":1501.7465994638683}},{"type":"Feature","id":106,"geometry":{"type":"Polygon","coordinates":[[[-75.4794010444276,10.3769445521949],[-75.4794221771172,10.3768363442982],[-75.4794998630927,10.3768392006391],[-75.4796235285641,10.376249548141],[-75.4796956142908,10.375870673831],[-75.479971897088,10.3752069618497],[-75.4800525114813,10.3746885126165],[-75.4803891460353,10.3747255777238],[-75.48090883308,10.3747732212409],[-75.4817950154832,10.3748181210738],[-75.4818382895856,10.3748050569315],[-75.4827805545292,10.3749694319604],[-75.4837423979865,10.3751025579831],[-75.4833451890851,10.376945057921],[-75.4829891567701,10.376882360488],[-75.4828797589195,10.3774133097086],[-75.4827711366457,10.377961847729],[-75.4831572158762,10.3779992018039],[-75.4830534410295,10.3797333660345],[-75.4824209450813,10.3797002409008],[-75.481793838382,10.3796497017201],[-75.4798175486198,10.3794126381137],[-75.4788300648419,10.379313051301],[-75.4789752239154,10.3786408409527],[-75.4791735162865,10.3777737621414],[-75.4791973536208,10.3777321173226],[-75.4792247474086,10.3776887363338],[-75.4792981766123,10.3773407173705],[-75.4793281142235,10.3772971032584],[-75.4793700152083,10.3771435991441],[-75.4793675513962,10.3771160498713],[-75.4794010444276,10.3769445521949]]]},"properties":{"FID":106,"CODIGO":"6500","NOMBRE":"LA CONSOLATA","UCG":15,"LOC":"LI","ZONA":"UCG 15","Shape__Area":228977.123046875,"Shape__Length":2054.7260259009277}},{"type":"Feature","id":107,"geometry":{"type":"Polygon","coordinates":[[[-75.4791973536208,10.3777321173226],[-75.4791735162865,10.3777737621414],[-75.4789752239154,10.3786408409527],[-75.4788300648419,10.379313051301],[-75.4777761255412,10.3792262068006],[-75.478431468933,10.3766859051617],[-75.4784784681258,10.3764972584393],[-75.4789274593997,10.3751527339928],[-75.4789332282088,10.375013149982],[-75.4791001079716,10.3750217126944],[-75.4791433105425,10.3745915685687],[-75.4800525114813,10.3746885126165],[-75.479971897088,10.3752069618497],[-75.4796956142908,10.375870673831],[-75.4796235285641,10.376249548141],[-75.4794998630927,10.3768392006391],[-75.4794221771172,10.3768363442982],[-75.4794010444276,10.3769445521949],[-75.4793675513962,10.3771160498713],[-75.4793700152083,10.3771435991441],[-75.4793281142235,10.3772971032584],[-75.4792981766123,10.3773407173705],[-75.4792247474086,10.3776887363338],[-75.4791973536208,10.3777321173226]]]},"properties":{"FID":107,"CODIGO":"6550","NOMBRE":"VILLA RUBIA","UCG":14,"LOC":"LI","ZONA":"UCG 14","Shape__Area":60565.373046875,"Shape__Length":1331.6109754573833}},{"type":"Feature","id":108,"geometry":{"type":"Polygon","coordinates":[[[-75.4763864032482,10.379143447894],[-75.4765245727841,10.3786022166116],[-75.4768498070062,10.3776764355954],[-75.4770512803226,10.377086783496],[-75.4772786623901,10.3763660954016],[-75.4773650087953,10.3761011786758],[-75.4776843761071,10.3761838234359],[-75.4778109657097,10.3762778425591],[-75.4784784681258,10.3764972584393],[-75.478431468933,10.3766859051617],[-75.4777761255412,10.3792262068006],[-75.4767199829504,10.3791677349229],[-75.4765927455391,10.3791606903633],[-75.4763864032482,10.379143447894]]]},"properties":{"FID":108,"CODIGO":"6600","NOMBRE":"JORGE ELIECER GAITAN","UCG":14,"LOC":"LI","ZONA":"UCG 14","Shape__Area":48494.0478515625,"Shape__Length":967.62516533965015}},{"type":"Feature","id":109,"geometry":{"type":"Polygon","coordinates":[[[-75.4763864032482,10.379143447894],[-75.4756199854581,10.3790627838478],[-75.4761306753754,10.3759927970346],[-75.4763379819818,10.3746938283631],[-75.4764387614812,10.3740073109771],[-75.4766372896885,10.37402157572],[-75.4776486434358,10.3713834668874],[-75.477701107653,10.3713592997614],[-75.4778407819435,10.3709970987451],[-75.4780455726015,10.3710664155674],[-75.4782261636625,10.3711215637032],[-75.4778183004627,10.3723160033544],[-75.4772127248008,10.3741469783741],[-75.477923377971,10.3743948866353],[-75.4778462953,10.374650669349],[-75.4773650087953,10.3761011786758],[-75.4772786623901,10.3763660954016],[-75.4770512803226,10.377086783496],[-75.4768498070062,10.3776764355954],[-75.4765245727841,10.3786022166116],[-75.4763864032482,10.379143447894]]]},"properties":{"FID":109,"CODIGO":"6650","NOMBRE":"LA FLORIDA","UCG":14,"LOC":"LI","ZONA":"UCG 14","Shape__Area":93194.5546875,"Shape__Length":2110.4258993412182}},{"type":"Feature","id":110,"geometry":{"type":"Polygon","coordinates":[[[-75.5007702211742,10.3749570928053],[-75.5007620178647,10.3749994273381],[-75.5007498151984,10.3752135460918],[-75.500730295599,10.3754147852565],[-75.5007294799367,10.375493671231],[-75.5006953226769,10.3757826504631],[-75.5006423537006,10.3760454716394],[-75.5000552571711,10.3758031506705],[-75.4998762191788,10.3767550952132],[-75.4997687269302,10.3770021241051],[-75.4982315083253,10.3762749711136],[-75.4981349589638,10.376232299619],[-75.4976221304252,10.3759377060348],[-75.4971435023686,10.3751817717172],[-75.4964272002891,10.3739715243449],[-75.4958372481905,10.3728963333949],[-75.4967926256944,10.3729468541379],[-75.4971066541165,10.3730114214148],[-75.4980189043769,10.3731264899647],[-75.4984061798478,10.3731946714433],[-75.4990753454498,10.3732255407852],[-75.4990872739568,10.3727980168687],[-75.4983100136592,10.3727832444003],[-75.4982564232778,10.3724471196327],[-75.4982028296031,10.3721935512827],[-75.4981403020054,10.3719399825569],[-75.4979886934082,10.3719634442346],[-75.497809742043,10.3719782987224],[-75.4977350134047,10.3717761348179],[-75.4977084095224,10.3716990803582],[-75.4976846776698,10.3717040881835],[-75.4976013047245,10.371447570024],[-75.4979216615123,10.3713613496286],[-75.4982771061554,10.3712682120111],[-75.4985074253192,10.3712078609456],[-75.4984852914463,10.3707977574379],[-75.4985672481043,10.3707933745463],[-75.498560608617,10.3706530183016],[-75.4986137834008,10.3703065165491],[-75.4986580841329,10.3703065182814],[-75.4987245532989,10.3698503639037],[-75.4992337908816,10.3698816640107],[-75.4992605762518,10.3702495216146],[-75.4990257809726,10.3702867948631],[-75.499023559238,10.3704600467003],[-75.4990567779543,10.3706376860015],[-75.4991453802672,10.3706179517777],[-75.4994222601992,10.3706157689847],[-75.5009452985825,10.3706771316027],[-75.5009705592774,10.3710171524059],[-75.5009183341199,10.371018845735],[-75.4998829758939,10.3709600963162],[-75.4999181756587,10.3710146416576],[-75.500112009461,10.3714292164748],[-75.500281494656,10.3716953416036],[-75.5004214474681,10.3720815925105],[-75.5004420195726,10.3722233298923],[-75.5004420128408,10.3724203588591],[-75.5004385549091,10.3725567748045],[-75.5004325493926,10.3727140935042],[-75.5003704593728,10.3731966296939],[-75.5003599320553,10.3732895997264],[-75.501001991655,10.3733095741297],[-75.501478618388,10.3732828320936],[-75.5012827000751,10.3749974694874],[-75.5007702211742,10.3749570928053]]]},"properties":{"FID":110,"CODIGO":"6700","NOMBRE":"VEINTE DE JULIO SUR","UCG":11,"LOC":"LI","ZONA":"UCG 11","Shape__Area":243522.04296875,"Shape__Length":3163.0893131552552}},{"type":"Feature","id":111,"geometry":{"type":"Polygon","coordinates":[[[-75.478928714578,10.3669408405998],[-75.4785752065806,10.3665074926118],[-75.4784689250497,10.3665982548263],[-75.478345225724,10.3667047933871],[-75.4778431076988,10.3670614431044],[-75.4774674776209,10.3673194432315],[-75.477183835041,10.3675433003979],[-75.4770995049069,10.3676457482494],[-75.4769538504972,10.3677595736386],[-75.4767353684019,10.368003168263],[-75.4757196465658,10.3689696860089],[-75.4752765152411,10.3692037798401],[-75.4748870318424,10.3694418697893],[-75.4745877013418,10.3691514328978],[-75.4744113104258,10.3689742242208],[-75.474312887529,10.3688715829619],[-75.4742648325843,10.3687748787193],[-75.4742440553592,10.3687330672715],[-75.4739900372167,10.3689108239761],[-75.4738814464809,10.3689794011278],[-75.4737944722906,10.3690620878679],[-75.4737335416027,10.3691165634016],[-75.473657379604,10.3691729829532],[-75.473400964597,10.3693707238789],[-75.4732865728476,10.3694627177827],[-75.4732378149003,10.3695016523154],[-75.4731250476969,10.3696110419621],[-75.471800322856,10.3705147288476],[-75.4711933487804,10.3708121364349],[-75.4692461350151,10.3723766463209],[-75.4693377542151,10.372633635501],[-75.4676813389329,10.3743038829234],[-75.4665145396342,10.3754714519432],[-75.4646370068408,10.3775026384312],[-75.4644525081003,10.3769254881443],[-75.4643523287742,10.3759984876906],[-75.4647670574193,10.3753503737648],[-75.4659755236454,10.3742457073682],[-75.4662242876237,10.3740432833966],[-75.4664892021693,10.3737954050117],[-75.4667959424872,10.3735067384591],[-75.4670105566141,10.3733248251974],[-75.4674663013833,10.3728828201196],[-75.4677616608951,10.3725771163469],[-75.4678724407083,10.3724618965206],[-75.4687870034644,10.371193435131],[-75.469564482782,10.3701673635959],[-75.4719366626251,10.3678193039214],[-75.4732523838083,10.3659052536929],[-75.4753255284723,10.363596600989],[-75.4743035509339,10.3623072163811],[-75.4763700979398,10.3603170986447],[-75.4773199996962,10.3612692395315],[-75.4775255316786,10.3614752548682],[-75.4776552246215,10.361605252606],[-75.4784008895384,10.3606748958686],[-75.4791690622104,10.3595796285208],[-75.4806103360014,10.3578395336146],[-75.4818484108297,10.3589769292899],[-75.4820266495773,10.3591406727475],[-75.4825463774932,10.3596219357481],[-75.4825731625556,10.3597363587505],[-75.482792198413,10.3599769308618],[-75.4812743903188,10.3613446676984],[-75.4810813225407,10.3614412299147],[-75.4816971353598,10.3620761350458],[-75.4833799246217,10.3638467669003],[-75.4836205256256,10.3645169420803],[-75.483289608698,10.3646211597751],[-75.4833798221096,10.365008367929],[-75.4833248382968,10.3654806746186],[-75.4836438145529,10.3659812584367],[-75.4838363587126,10.3662834257387],[-75.4838626587802,10.3663183908846],[-75.4842659609088,10.3668545676413],[-75.4844733651911,10.3667085676981],[-75.4847280249358,10.3670099365039],[-75.4849934373765,10.3668237113908],[-75.4858595997767,10.3671067605507],[-75.4859844685354,10.3669101187918],[-75.4863367300204,10.3672433716739],[-75.4858740654826,10.3679571684665],[-75.485661608445,10.3678263170962],[-75.4855871931411,10.367790786881],[-75.4852123694652,10.3683876970081],[-75.4849170185492,10.3688503482952],[-75.4849067054042,10.3688694232501],[-75.4848855369324,10.3688997296124],[-75.4846740096983,10.3688304633911],[-75.4843584197958,10.3686999089498],[-75.4838562420736,10.3685485640628],[-75.4830176673007,10.3682705572449],[-75.4823733665425,10.368056954909],[-75.4821657464133,10.3679829315],[-75.481902115793,10.3678889382641],[-75.4817418906937,10.3678313769592],[-75.4814654235765,10.3677364772786],[-75.4810617203797,10.3675840187941],[-75.4801930560417,10.3672246583675],[-75.4795070226757,10.3669713250963],[-75.4793366396553,10.3666034185248],[-75.4792053259734,10.3666670255138],[-75.4792053181112,10.366744475983],[-75.478928714578,10.3669408405998]]]},"properties":{"FID":111,"CODIGO":"6750","NOMBRE":"NELSON MANDELA","UCG":14,"LOC":"LI","ZONA":"UCG 14","Shape__Area":1156990.962890625,"Shape__Length":8175.3824909305631}},{"type":"Feature","id":112,"geometry":{"type":"Polygon","coordinates":[[[-75.4784784681258,10.3764972584393],[-75.4778109657097,10.3762778425591],[-75.4776843761071,10.3761838234359],[-75.4773650087953,10.3761011786758],[-75.4778462953,10.374650669349],[-75.477923377971,10.3743948866353],[-75.4780902531845,10.3744433311837],[-75.4789879411653,10.3745716123727],[-75.4791433105425,10.3745915685687],[-75.4791001079716,10.3750217126944],[-75.4789332282088,10.375013149982],[-75.4789274593997,10.3751527339928],[-75.4784784681258,10.3764972584393]]]},"properties":{"FID":112,"CODIGO":"6800","NOMBRE":"CESAR FLOREZ","UCG":14,"LOC":"LI","ZONA":"UCG 14","Shape__Area":28626.115234375,"Shape__Length":716.90955284799486}},{"type":"Feature","id":113,"geometry":{"type":"Polygon","coordinates":[[[-75.4935077054912,10.3755593577499],[-75.4926499471869,10.3753299766064],[-75.4930639439627,10.3736262938356],[-75.4930950019583,10.3735144069786],[-75.4933277990101,10.3726757497357],[-75.4943271571725,10.372817823368],[-75.4945500871092,10.3730835940136],[-75.4948089967903,10.3732847927967],[-75.4950666703607,10.3733840389484],[-75.4943910636227,10.3758261797053],[-75.4935077054912,10.3755593577499]]]},"properties":{"FID":113,"CODIGO":"6850","NOMBRE":"LUIS CARLOS GALAN","UCG":15,"LOC":"LI","ZONA":"UCG 15","Shape__Area":63473.943359375,"Shape__Length":1016.9234945644662}},{"type":"Feature","id":114,"geometry":{"type":"Polygon","coordinates":[[[-75.4889444807194,10.3721383793265],[-75.4894725608793,10.3722294580346],[-75.4893400176096,10.3729053520497],[-75.4893158442805,10.3736140812446],[-75.4893236445445,10.3737782362883],[-75.4893486634485,10.3743047560996],[-75.4893498331029,10.3745221030354],[-75.4885989246418,10.374415561296],[-75.4884789949409,10.3752651563089],[-75.4876655879372,10.3753813925038],[-75.4872852010757,10.3754441863333],[-75.4868621928457,10.3754851136695],[-75.4869341862479,10.374762236271],[-75.4872781642079,10.3740966409241],[-75.4876101793518,10.3733456646026],[-75.4872449022633,10.3731925623177],[-75.4872157657368,10.3732937168715],[-75.4867283102404,10.3732403812092],[-75.4869302082262,10.3724647970751],[-75.4871046885031,10.3720626167009],[-75.4867818093443,10.3718900625879],[-75.4873243296041,10.3712385551801],[-75.4878358205929,10.3715160733982],[-75.4882640401097,10.3717403453993],[-75.4889444807194,10.3721383793265]]]},"properties":{"FID":114,"CODIGO":"6900","NOMBRE":"EL REPOSO","UCG":15,"LOC":"LI","ZONA":"UCG 15","Shape__Area":95968.80859375,"Shape__Length":1537.490064017192}},{"type":"Feature","id":115,"geometry":{"type":"Polygon","coordinates":[[[-75.4824628531104,10.3722160641085],[-75.4824850327933,10.3720858427123],[-75.4829357781178,10.3720858826734],[-75.4834101661317,10.3721195772809],[-75.4834456371986,10.3720903166655],[-75.4834929282549,10.3720932471146],[-75.4838860271546,10.3722103354915],[-75.4844364082088,10.3724640819142],[-75.4850755072814,10.3727713227684],[-75.4850386575401,10.3729968894416],[-75.4849096745283,10.3736032269109],[-75.4847968018321,10.3742787105718],[-75.4846012263431,10.3752267281125],[-75.4845459247726,10.3752423753162],[-75.4837423979865,10.3751025579831],[-75.4827805545292,10.3749694319604],[-75.4818382895856,10.3748050569315],[-75.4823167516232,10.372770402954],[-75.4824332869415,10.3723155579766],[-75.4824628531104,10.3722160641085]]]},"properties":{"FID":115,"CODIGO":"6950","NOMBRE":"EL EDUCADOR","UCG":15,"LOC":"LI","ZONA":"UCG 15","Shape__Area":96513.7958984375,"Shape__Length":1217.0218242420128}},{"type":"Feature","id":116,"geometry":{"type":"Polygon","coordinates":[[[-75.4811466114537,10.3726753489155],[-75.4813316588329,10.372264443515],[-75.4815420095203,10.3723148133279],[-75.4816368121217,10.3720264519869],[-75.4816618767551,10.3719965138778],[-75.4821847889473,10.3721306106569],[-75.4824850327933,10.3720858427123],[-75.4824628531104,10.3722160641085],[-75.4824332869415,10.3723155579766],[-75.4823167516232,10.372770402954],[-75.4818382895856,10.3748050569315],[-75.4817950154832,10.3748181210737],[-75.48090883308,10.3747732212409],[-75.4803891460353,10.3747255777238],[-75.4811690453161,10.3729993603501],[-75.4812805242275,10.3726958805508],[-75.4811466114537,10.3726753489155]]]},"properties":{"FID":116,"CODIGO":"7000","NOMBRE":"ROSSEDAL","UCG":14,"LOC":"LI","ZONA":"UCG 14","Shape__Area":41227.087890625,"Shape__Length":951.00851417397894}},{"type":"Feature","id":117,"geometry":{"type":"Polygon","coordinates":[[[-75.4816618767551,10.3719965138778],[-75.4816368121217,10.3720264519869],[-75.4815420095203,10.3723148133279],[-75.4813316588329,10.372264443515],[-75.4811466114537,10.3726753489155],[-75.4812805242275,10.3726958805508],[-75.4811690453161,10.3729993603501],[-75.4803891460353,10.3747255777238],[-75.4800525114813,10.3746885126164],[-75.4791433105425,10.3745915685687],[-75.4789879411653,10.3745716123727],[-75.47926115155,10.3738350249127],[-75.4798206638537,10.3725374054374],[-75.4800084281308,10.3722268633766],[-75.4801949494435,10.3719291408805],[-75.4803709216228,10.3716167123447],[-75.4808484614766,10.3717771280406],[-75.4811102002181,10.3718929856918],[-75.4812170853215,10.3719402978875],[-75.4816618767551,10.3719965138778]]]},"properties":{"FID":117,"CODIGO":"7050","NOMBRE":"MARIA CANO","UCG":14,"LOC":"LI","ZONA":"UCG 14","Shape__Area":53303.4365234375,"Shape__Length":1056.21251320471}},{"type":"Feature","id":118,"geometry":{"type":"Polygon","coordinates":[[[-75.4789879411653,10.3745716123726],[-75.4780902531845,10.3744433311837],[-75.4783349021209,10.3736485786906],[-75.4786590255407,10.3727306396767],[-75.4789019219989,10.3718930684758],[-75.4791320137929,10.3713303526563],[-75.479588976094,10.3714535011374],[-75.4801693436138,10.3715686907627],[-75.4803709216228,10.3716167123447],[-75.4801949494435,10.3719291408805],[-75.4800084281308,10.3722268633766],[-75.4798206638537,10.3725374054374],[-75.47926115155,10.3738350249126],[-75.4789879411653,10.3745716123726]]]},"properties":{"FID":118,"CODIGO":"7100","NOMBRE":"CAMILO TORRES","UCG":14,"LOC":"LI","ZONA":"UCG 14","Shape__Area":42003.056640625,"Shape__Length":983.00650232701537}},{"type":"Feature","id":119,"geometry":{"type":"Polygon","coordinates":[[[-75.4780902531845,10.3744433311837],[-75.477923377971,10.3743948866353],[-75.4772127248008,10.3741469783741],[-75.4778183004627,10.3723160033544],[-75.4782261636625,10.3711215637032],[-75.4786620322084,10.3712107572131],[-75.4788293762511,10.3712598752343],[-75.4791320137929,10.3713303526563],[-75.4789019219989,10.3718930684758],[-75.4786590255407,10.3727306396767],[-75.4783349021209,10.3736485786906],[-75.4780902531845,10.3744433311837]]]},"properties":{"FID":119,"CODIGO":"7150","NOMBRE":"NUEVA DELHI","UCG":14,"LOC":"LI","ZONA":"UCG 14","Shape__Area":37336.8525390625,"Shape__Length":938.57317662417665}},{"type":"Feature","id":120,"geometry":{"type":"Polygon","coordinates":[[[-75.4811102002181,10.3718929856918],[-75.4819971759122,10.3707507170195],[-75.4823672079872,10.3702244591762],[-75.4824992955674,10.3700734339519],[-75.4832676229355,10.3702315051297],[-75.4836297116501,10.3703355582436],[-75.48288748716,10.3712348674872],[-75.4823713000674,10.3718748007509],[-75.4821847889473,10.3721306106569],[-75.4816618767551,10.3719965138778],[-75.4812170853215,10.3719402978875],[-75.4811102002181,10.3718929856918]]]},"properties":{"FID":120,"CODIGO":"7350","NOMBRE":"LA ESMERALDA I","UCG":14,"LOC":"LI","ZONA":"UCG 14","Shape__Area":29302.7353515625,"Shape__Length":769.282733761963}},{"type":"Feature","id":121,"geometry":{"type":"Polygon","coordinates":[[[-75.480178402469,10.3698028509997],[-75.4808152096017,10.3690729506327],[-75.4812592129395,10.3694490329176],[-75.4816576606109,10.3698294590674],[-75.481563987296,10.3699296282442],[-75.4820885833242,10.3701210051957],[-75.4823672079872,10.3702244591762],[-75.4819971759122,10.3707507170195],[-75.4811102002181,10.3718929856918],[-75.4808484614766,10.3717771280406],[-75.4803709216228,10.3716167123447],[-75.4801693436138,10.3715686907628],[-75.479588976094,10.3714535011374],[-75.4791320137929,10.3713303526563],[-75.4788293762511,10.3712598752343],[-75.480178402469,10.3698028509997]]]},"properties":{"FID":121,"CODIGO":"7400","NOMBRE":"LOS SANTANDERES","UCG":14,"LOC":"LI","ZONA":"UCG 14","Shape__Area":61853.76953125,"Shape__Length":1069.3145045663375}},{"type":"Feature","id":122,"geometry":{"type":"Polygon","coordinates":[[[-75.4788293762511,10.3712598752343],[-75.4786620322084,10.3712107572131],[-75.4782261636625,10.3711215637032],[-75.4780455726015,10.3710664155674],[-75.4778407819435,10.3709970987451],[-75.4775435951453,10.3708325756561],[-75.4773670982363,10.3707623262958],[-75.4775677559854,10.3705356602111],[-75.4779495244497,10.3701593137219],[-75.4793912669839,10.3689015784879],[-75.4800918146696,10.3683521849282],[-75.4810617203797,10.3675840187941],[-75.4814654235765,10.3677364772787],[-75.4817418906937,10.3678313769592],[-75.481902115793,10.3678889382641],[-75.4814101176518,10.3684038751873],[-75.4808152096017,10.3690729506327],[-75.480178402469,10.3698028509997],[-75.4788293762511,10.3712598752343]]]},"properties":{"FID":122,"CODIGO":"7500","NOMBRE":"SECTORES UNIDOS","UCG":14,"LOC":"LI","ZONA":"UCG 14","Shape__Area":69032.701171875,"Shape__Length":1332.5272323938532}},{"type":"Feature","id":123,"geometry":{"type":"Polygon","coordinates":[[[-75.476973902059,10.3705776882309],[-75.4764885209453,10.3703147338205],[-75.4777815984316,10.3692544036782],[-75.4789218987176,10.3683095335306],[-75.4790924412231,10.3681640633613],[-75.4795802580389,10.3677597326948],[-75.4795970587449,10.3677131716107],[-75.4801930560417,10.3672246583675],[-75.4810617203797,10.3675840187941],[-75.4800918146696,10.3683521849282],[-75.4793912669839,10.3689015784879],[-75.4779495244497,10.3701593137219],[-75.4775677559854,10.3705356602111],[-75.4773670982363,10.3707623262958],[-75.476973902059,10.3705776882309]]]},"properties":{"FID":123,"CODIGO":"7550","NOMBRE":"NUEVA JERUSALEN","UCG":14,"LOC":"LI","ZONA":"UCG 14","Shape__Area":49093.1162109375,"Shape__Length":1303.6034239250707}},{"type":"Feature","id":124,"geometry":{"type":"Polygon","coordinates":[[[-75.4732865728477,10.3694627177828],[-75.473400964597,10.3693707238789],[-75.473657379604,10.3691729829531],[-75.4737335416026,10.3691165634016],[-75.4737944722906,10.3690620878679],[-75.4738814464809,10.3689794011278],[-75.4739900372167,10.3689108239761],[-75.4742440553592,10.3687330672715],[-75.4742648325843,10.3687748787193],[-75.4743128875289,10.3688715829619],[-75.4744113104258,10.3689742242208],[-75.4745877013418,10.3691514328978],[-75.4748870318424,10.3694418697893],[-75.4752765152412,10.3692037798401],[-75.4757196465658,10.3689696860089],[-75.4767353684019,10.368003168263],[-75.4771108294738,10.3684480991475],[-75.4777815984316,10.3692544036782],[-75.4764885209453,10.3703147338205],[-75.4760176662979,10.3701368525465],[-75.4752434466419,10.3696729667925],[-75.4749521360027,10.3700958812943],[-75.4748137700018,10.3702376491012],[-75.474520973383,10.3705657448639],[-75.4735911536136,10.3699437768278],[-75.4733087434552,10.3697355058511],[-75.4731250476969,10.3696110419621],[-75.4732378149003,10.3695016523154],[-75.4732865728477,10.3694627177828]]]},"properties":{"FID":124,"CODIGO":"7600","NOMBRE":"LA SIERRITA","UCG":14,"LOC":"LI","ZONA":"UCG 14","Shape__Area":64851.8544921875,"Shape__Length":1378.8554190572443}},{"type":"Feature","id":125,"geometry":{"type":"Polygon","coordinates":[[[-75.481563987296,10.3699296282442],[-75.4816576606109,10.3698294590674],[-75.4812592129395,10.3694490329176],[-75.4808152096017,10.3690729506327],[-75.4814101176518,10.3684038751873],[-75.481902115793,10.3678889382641],[-75.4821657464133,10.3679829315],[-75.4823733665425,10.368056954909],[-75.4830176673008,10.3682705572449],[-75.4838562420736,10.3685485640628],[-75.4828411596563,10.3696751484969],[-75.4824992955674,10.3700734339519],[-75.4823672079872,10.3702244591762],[-75.4820885833242,10.3701210051957],[-75.481563987296,10.3699296282442]]]},"properties":{"FID":125,"CODIGO":"7650","NOMBRE":"NAZARENO","UCG":14,"LOC":"LI","ZONA":"UCG 14","Shape__Area":48004.115234375,"Shape__Length":900.33507410322318}},{"type":"Feature","id":126,"geometry":{"type":"Polygon","coordinates":[[[-75.4848855369324,10.3688997296124],[-75.4849067054042,10.3688694232501],[-75.4849854552052,10.3689118495266],[-75.48524787104,10.3690683572161],[-75.4853490879146,10.3690996010229],[-75.4854089030611,10.3691156113531],[-75.4852627569792,10.3693695209107],[-75.4851404682139,10.3695479180135],[-75.4849227523573,10.3698448576089],[-75.4847945016965,10.3700603849501],[-75.4846805345325,10.3702487989713],[-75.4843620801032,10.3701666417711],[-75.4839585805323,10.3700207636347],[-75.4841310800556,10.3698254908451],[-75.4848015559433,10.3690455706562],[-75.4848855369324,10.3688997296124]]]},"properties":{"FID":126,"CODIGO":"7700","NOMBRE":"MANUELA VERGARA DE CURI","UCG":15,"LOC":"LI","ZONA":"UCG 15","Shape__Area":10992.75390625,"Shape__Length":467.24111808821027}},{"type":"Feature","id":127,"geometry":{"type":"Polygon","coordinates":[[[-75.4856033049886,10.370208423821],[-75.4849227523573,10.3698448576089],[-75.4851404682139,10.3695479180135],[-75.4852627569792,10.3693695209107],[-75.4854089030611,10.3691156113531],[-75.4855166875618,10.3691331881608],[-75.4856504521412,10.3691746821135],[-75.4857250036699,10.3692012611921],[-75.4858651577101,10.3692868969002],[-75.4859456695572,10.369363670146],[-75.4860440700979,10.3694935910936],[-75.4856324746806,10.3702169390878],[-75.4856033049886,10.370208423821]]]},"properties":{"FID":127,"CODIGO":"7750","NOMBRE":"JAIME PARDO LEAL","UCG":15,"LOC":"LI","ZONA":"UCG 15","Shape__Area":8721.8349609375,"Shape__Length":367.99683425330727}},{"type":"Feature","id":128,"geometry":{"type":"Polygon","coordinates":[[[-75.4843584197958,10.3686999089498],[-75.4846740096983,10.3688304633911],[-75.4848855369324,10.3688997296124],[-75.4848015559433,10.3690455706562],[-75.4841310800556,10.369825490845],[-75.4839585805323,10.3700207636347],[-75.4836819838441,10.3703043892913],[-75.4836297116501,10.3703355582436],[-75.4832676229355,10.3702315051297],[-75.4824992955674,10.3700734339519],[-75.4828411596563,10.3696751484969],[-75.4838562420736,10.3685485640628],[-75.4843584197958,10.3686999089498]]]},"properties":{"FID":128,"CODIGO":"7800","NOMBRE":"LA ESMERALDA II","UCG":14,"LOC":"LI","ZONA":"UCG 14","Shape__Area":26060.4306640625,"Shape__Length":695.237215481789}},{"type":"Feature","id":129,"geometry":{"type":"Polygon","coordinates":[[[-75.5036930467741,10.3692885645182],[-75.5037100368735,10.3688878749122],[-75.5043724151895,10.3689129721283],[-75.5046977375213,10.3689439369856],[-75.5052782416534,10.3689606258294],[-75.505240584168,10.3693967962453],[-75.5040186338276,10.3692984625115],[-75.5036930467741,10.3692885645182]]]},"properties":{"FID":129,"CODIGO":"7850","NOMBRE":"VILLA BARRAZA","UCG":11,"LOC":"LI","ZONA":"UCG 11","Shape__Area":8094.248046875,"Shape__Length":442.48860778642432}},{"type":"Feature","id":130,"geometry":{"type":"Polygon","coordinates":[[[-75.4778431076988,10.3670614431044],[-75.478345225724,10.3667047933871],[-75.4784689250497,10.3665982548263],[-75.4785752065806,10.3665074926118],[-75.478928714578,10.3669408405998],[-75.4792053181112,10.366744475983],[-75.4792053259734,10.3666670255138],[-75.4793366396553,10.3666034185248],[-75.4795070226757,10.3669713250963],[-75.4801930560417,10.3672246583675],[-75.4795970587449,10.3677131716107],[-75.4795802580389,10.3677597326948],[-75.4790924412231,10.3681640633613],[-75.4789218987176,10.3683095335307],[-75.4777815984316,10.3692544036782],[-75.4771108294738,10.3684480991475],[-75.4767353684019,10.368003168263],[-75.4769538504972,10.3677595736386],[-75.4770995049069,10.3676457482494],[-75.477183835041,10.3675433003979],[-75.4774674776209,10.3673194432315],[-75.4778431076988,10.3670614431044]]]},"properties":{"FID":130,"CODIGO":"7900","NOMBRE":"VILLA FANNY","UCG":14,"LOC":"LI","ZONA":"UCG 14","Shape__Area":56365.1396484375,"Shape__Length":1057.4243873638561}},{"type":"Feature","id":131,"geometry":{"type":"Polygon","coordinates":[[[-75.4912517871637,10.3588401280844],[-75.4906896822071,10.3595888395322],[-75.4888809359693,10.3587792631425],[-75.4886794858187,10.3586696879449],[-75.4887547680433,10.3584559525713],[-75.4886739692387,10.3579697201261],[-75.4886398418195,10.3571924213366],[-75.4887138944238,10.3560814029256],[-75.489176812856,10.3565669471743],[-75.4904895879598,10.3545834486722],[-75.4907045756014,10.3543220690933],[-75.491085074392,10.3541212781644],[-75.4912461456137,10.3541197869253],[-75.4915524786749,10.3544568399139],[-75.4917817557863,10.3547013728956],[-75.4922565242182,10.3549908151484],[-75.4929232554017,10.35524458047],[-75.4941747462985,10.3554467260888],[-75.4937658485846,10.3563613148869],[-75.4932592288378,10.3571861832439],[-75.4927265962903,10.3581144171722],[-75.4920830799559,10.3592977106846],[-75.4912517871637,10.3588401280844]]]},"properties":{"FID":131,"CODIGO":"7950","NOMBRE":"ARROZ BARATO","UCG":11,"LOC":"LI","ZONA":"UCG 11","Shape__Area":228723.5859375,"Shape__Length":2067.1704888657009}},{"type":"Feature","id":132,"geometry":{"type":"Polygon","coordinates":[[[-75.4992902147442,10.3564666336725],[-75.4975975090574,10.3560988409768],[-75.4978714854609,10.3550030967209],[-75.4983366981539,10.354959069067],[-75.5007331422242,10.3546444877943],[-75.5013376520003,10.3546037265518],[-75.501722338734,10.3546309246229],[-75.5024932403092,10.3548279589885],[-75.5031406255777,10.3552782437231],[-75.5035101064405,10.3556691102793],[-75.5047448530223,10.3574720071884],[-75.5050244535699,10.3579366426],[-75.5030572173449,10.3584621880049],[-75.5026498426628,10.3579773284133],[-75.5023453295267,10.3580302868732],[-75.5017733435276,10.3579569321083],[-75.5018885913369,10.3570361297283],[-75.5018910537285,10.3569567505125],[-75.5003705132563,10.3566327958154],[-75.4992902147442,10.3564666336725]]]},"properties":{"FID":132,"CODIGO":"8000","NOMBRE":"PUERTA DE HIERRO","UCG":11,"LOC":"LI","ZONA":"UCG 11","Shape__Area":182982.865234375,"Shape__Length":2102.2726545997771}},{"type":"Feature","id":133,"geometry":{"type":"Polygon","coordinates":[[[-75.4935771929276,10.3450549494425],[-75.4941272142776,10.3450193721965],[-75.4951717946194,10.3451303697938],[-75.4947774244534,10.3459361081815],[-75.4946973522288,10.3464330434164],[-75.4946650422806,10.3469678651432],[-75.4915616466445,10.3469637891465],[-75.4912069722884,10.3469686676391],[-75.4910565503421,10.346924328954],[-75.4884984214169,10.3489290448858],[-75.4865351085827,10.3450513327892],[-75.4890562266543,10.3449983110174],[-75.491640179326,10.344984486321],[-75.4916041342686,10.3448988011745],[-75.4921418158337,10.3449985060723],[-75.4931021917418,10.3450333246215],[-75.4935771929276,10.3450549494425]]]},"properties":{"FID":133,"CODIGO":"8050","NOMBRE":"POLICARPA","UCG":11,"LOC":"LI","ZONA":"UCG 11","Shape__Area":235503.927734375,"Shape__Length":2453.4896818270222}},{"type":"Feature","id":134,"geometry":{"type":"Polygon","coordinates":[[[-75.526089035673,10.4426303703927],[-75.5261139151231,10.442529500206],[-75.5260446136003,10.4422350642675],[-75.5260064196309,10.4421856301428],[-75.5259443562538,10.4421434671005],[-75.5259186475548,10.4421131456879],[-75.5262092786067,10.442028664202],[-75.5261843813947,10.441745408182],[-75.5262274578438,10.4417051472185],[-75.5265037926021,10.4414959563916],[-75.5267566871858,10.4413882304564],[-75.5268313363571,10.4413553853993],[-75.5268935435077,10.4413184357591],[-75.5268812865792,10.4411284444971],[-75.5269395054295,10.4409973511839],[-75.5269549092374,10.4408233167103],[-75.5270975832969,10.4401328252207],[-75.5271752066227,10.4399260149355],[-75.5271957554407,10.4399045424261],[-75.5280034568593,10.4393394562258],[-75.5284195812142,10.4390862942939],[-75.5289162109839,10.4391631131383],[-75.5292655655571,10.4392399395692],[-75.5293483349654,10.4392116826113],[-75.5298940281031,10.438808209486],[-75.5297570151199,10.4385867200436],[-75.5297718513828,10.4384985719803],[-75.5298180862227,10.4384567560522],[-75.530203576412,10.4382192255866],[-75.5302443341833,10.4380217963749],[-75.5303977821741,10.4380341027273],[-75.5305213315244,10.4381255981927],[-75.5305481624884,10.4381561089003],[-75.5306583424119,10.4383030140143],[-75.5306880270779,10.4383256140213],[-75.5308227405383,10.4382781417841],[-75.5308622716371,10.4380422848441],[-75.5309078740374,10.4377713403157],[-75.5310405756905,10.4376235457111],[-75.5313010453971,10.4374621878201],[-75.531682343249,10.4372011129886],[-75.5323187947442,10.4368417031565],[-75.5326167590442,10.4367128532113],[-75.532765171778,10.436667639597],[-75.5329561265149,10.4366011201047],[-75.533097445806,10.436593747942],[-75.533287958227,10.4365738226645],[-75.5334544532672,10.4364391105233],[-75.5335288074033,10.4360930672476],[-75.5338114391135,10.4359899722023],[-75.5339988785394,10.4358805932245],[-75.5338858071476,10.435842716679],[-75.5338262946423,10.4357101956672],[-75.5344025940379,10.4352984389522],[-75.5345254632806,10.4351159728467],[-75.5345781137022,10.4349335118351],[-75.5346961348141,10.4346389929523],[-75.534758350654,10.4345802237613],[-75.5347417902238,10.434496598487],[-75.5348314039826,10.4344186158359],[-75.5348776378002,10.4343801892594],[-75.5349818222876,10.4342905377442],[-75.535403116036,10.4340646067682],[-75.5358291566718,10.433786820475],[-75.5359107837031,10.4337743832349],[-75.5359801789908,10.4337316492213],[-75.5361020870269,10.4336592320479],[-75.5361914859608,10.4336029079711],[-75.536264638068,10.4336511740453],[-75.5363621664915,10.4336189851838],[-75.536540978528,10.4336833334615],[-75.5366466390915,10.4337074609693],[-75.5366547745218,10.4338040039223],[-75.5366141444144,10.4339005507549],[-75.5366791690645,10.433948817379],[-75.5367685752001,10.4339809914407],[-75.5368823634747,10.4340051182197],[-75.5371261985943,10.4340935968371],[-75.5372724866072,10.4339889960416],[-75.5373456248693,10.4338683105695],[-75.5376056934945,10.4336993378949],[-75.5378299301305,10.4336612581292],[-75.537955167976,10.4335625387383],[-75.5381168367694,10.4334876078291],[-75.538234855584,10.4334500462519],[-75.5382664686308,10.4334500435771],[-75.5382706799178,10.4334062329984],[-75.5383191512627,10.4333832806787],[-75.5383634106041,10.4333957941277],[-75.5383823825923,10.4334437751396],[-75.5384456043298,10.4333937009326],[-75.5384540308441,10.4333519761932],[-75.5384708900407,10.4333394575491],[-75.5385003955405,10.433339455031],[-75.5385196102531,10.4332992165611],[-75.5385710242423,10.4332817169922],[-75.5386144074052,10.4332968227413],[-75.5386336924027,10.4333445351907],[-75.5386369103305,10.4333954299582],[-75.5386769910301,10.4333605787579],[-75.5387448687643,10.4333290030562],[-75.5387996604632,10.4332810157063],[-75.5388354891153,10.4332872712145],[-75.5388649901885,10.4332371998374],[-75.5388923888813,10.4332455422697],[-75.5389050315086,10.4332163343593],[-75.5389345360733,10.4332059007958],[-75.538976687879,10.4332184143429],[-75.5390125139345,10.4331954630164],[-75.5390715258348,10.4332058888827],[-75.5390316639871,10.4332328528076],[-75.5390757429463,10.4332288367269],[-75.5391010315076,10.4332079725102],[-75.53913686239,10.4332392623973],[-75.5391621546723,10.433260122197],[-75.5392064142161,10.4332747217303],[-75.539278041098,10.4333979341758],[-75.539389608219,10.4333979243579],[-75.5394044586462,10.4331181475303],[-75.5398136796509,10.4336783575621],[-75.5403171337541,10.4333950423639],[-75.5404444876486,10.4335623719198],[-75.5406113637605,10.4337644699818],[-75.540376463532,10.4339492187787],[-75.5402140571327,10.434130008163],[-75.5402502339792,10.434273517872],[-75.5403409258224,10.4344828951306],[-75.53754970528,10.4361445423527],[-75.5375234468223,10.4361603658492],[-75.5374994741134,10.4361739296986],[-75.5374732159765,10.4361863618913],[-75.5374258398269,10.436204448082],[-75.5373813156818,10.4362225331259],[-75.5373567712114,10.4362338360443],[-75.5373265184237,10.4362485289148],[-75.5372882744271,10.4362666143385],[-75.537247176185,10.4362835681473],[-75.5372015112422,10.4363005232287],[-75.5371558464819,10.4363197392706],[-75.5371067581179,10.4363423432583],[-75.5370610937189,10.4363660806168],[-75.5370211367863,10.4363909457257],[-75.5369891722814,10.4364124200934],[-75.5369006992438,10.4364689308572],[-75.5367454411172,10.4365570911165],[-75.5367047279834,10.4365808175804],[-75.5366706650715,10.4365989103254],[-75.5366347043754,10.4366192549455],[-75.5366010271779,10.436639599078],[-75.5365291062195,10.4366859375444],[-75.5365034214547,10.4367028909417],[-75.5364914335316,10.4367096714691],[-75.5364623237508,10.4367277560707],[-75.5364195125732,10.4367526216317],[-75.5363772730749,10.436775226779],[-75.5363493031158,10.4367865298896],[-75.536313912514,10.4367967041546],[-75.5362882257835,10.4368046160829],[-75.5362459860879,10.4368249617561],[-75.5362277205705,10.4368373932197],[-75.5359229153224,10.4370623047791],[-75.5358920933678,10.4370860390089],[-75.5358584153343,10.437108644332],[-75.5357539557018,10.4371402950384],[-75.5355422133061,10.4371638458332],[-75.5355347588899,10.4371640427441],[-75.535402330965,10.4372262083996],[-75.5353680826686,10.437246552747],[-75.5353481051913,10.4372555948024],[-75.5353035813422,10.4372770690433],[-75.5351814271365,10.4373234128021],[-75.5351563124622,10.4373347155939],[-75.5351003721742,10.4373629711465],[-75.535070690297,10.4373799256333],[-75.5348766192094,10.4375291110302],[-75.534857782899,10.437544934361],[-75.5348378058143,10.4375596262344],[-75.5345877916231,10.4376997765527],[-75.5345655298886,10.4377076886958],[-75.5345409846418,10.4377156004],[-75.5345141563561,10.43772577384],[-75.5344884697556,10.4377370757146],[-75.5344507964811,10.4377608112102],[-75.5344176894699,10.4377743739817],[-75.5343937161676,10.4377834171737],[-75.5343640328786,10.4377947193284],[-75.5343366338767,10.43780828349],[-75.5343120900321,10.4378229762651],[-75.5342801256113,10.4378501008145],[-75.5342618606217,10.4378715730124],[-75.5342356034605,10.4379009581124],[-75.5342133431146,10.4379280816535],[-75.5341899412706,10.4379608542187],[-75.5341739605278,10.4379924995411],[-75.5340653897734,10.4380388328333],[-75.5340478100251,10.4380377104036],[-75.5340215517688,10.438039974455],[-75.5339878740946,10.4380456279162],[-75.5339576196471,10.4380546700129],[-75.5339216582562,10.4380659734795],[-75.5338954006516,10.4380772753469],[-75.5338702849548,10.4380885789435],[-75.5338440272649,10.4380987516825],[-75.5338154866696,10.438108925185],[-75.5336128485027,10.4381959545171],[-75.5335711777757,10.438210649644],[-75.5335363587292,10.4382242130479],[-75.5335026799196,10.4382400358251],[-75.53348213084,10.438250209042],[-75.5334587275296,10.4382637698289],[-75.5334370371629,10.4382784635459],[-75.5334136338487,10.4382920270481],[-75.5333868057971,10.4383067199106],[-75.5333388587733,10.4383338454746],[-75.5331202381553,10.4384513897425],[-75.5330979759678,10.4384672125997],[-75.5330500285308,10.4385022486347],[-75.5330260545426,10.4385203316647],[-75.5330015111218,10.4385384147316],[-75.5329347262769,10.4385892724584],[-75.5329101824619,10.438606225488],[-75.5328862078473,10.4386243094136],[-75.5328639475448,10.4386412622847],[-75.53278346339,10.4387011623589],[-75.532616789333,10.4388379126793],[-75.5326065149543,10.438848085151],[-75.5325806930652,10.4388691859141],[-75.5324664266354,10.4389347470778],[-75.5324175760269,10.4389464164305],[-75.5323936020411,10.4389475462393],[-75.5323696262249,10.4389531991883],[-75.5323445101736,10.4389611122716],[-75.5323153987992,10.4389758054967],[-75.5322874287245,10.4389904983419],[-75.5322583175726,10.4390085816528],[-75.5322269231244,10.4390300555042],[-75.5321955286718,10.4390515293526],[-75.5321675591169,10.4390696125802],[-75.5321241785321,10.4390956073289],[-75.5320813665345,10.4391182119437],[-75.5320556807226,10.4391306454648],[-75.5320311345352,10.4391408152241],[-75.5320054486443,10.439152119617],[-75.5319780494262,10.4391611622462],[-75.5317919606125,10.4392221971362],[-75.5317497208423,10.4392368920616],[-75.5317234620713,10.4392470652301],[-75.531697775245,10.4392583677859],[-75.5316669513207,10.4392741901858],[-75.531634415049,10.4392934055017],[-75.5316013079634,10.4393148775885],[-75.5315042705814,10.4393804297548],[-75.5314745885372,10.439400773393],[-75.5314437659415,10.4394233771611],[-75.531358715007,10.4394900567413],[-75.5311332493268,10.4396946172399],[-75.5310995711531,10.4397296520898],[-75.5310687480844,10.4397601663353],[-75.5310390664054,10.4397872904163],[-75.5310145227513,10.4398098943568],[-75.530988836853,10.439837017279],[-75.5309764011297,10.4398552350671],[-75.5308841990608,10.4398821874961],[-75.5308643965146,10.4398777090712],[-75.5308398509544,10.4398799700371],[-75.5307964682189,10.4398946646043],[-75.5307553691475,10.439911617576],[-75.5307119872018,10.4399342229475],[-75.5306765978188,10.439957956044],[-75.5306389234227,10.4399873415412],[-75.5306292198301,10.4399963829776],[-75.5306069583921,10.4400133353883],[-75.530566430647,10.4400415883014],[-75.5302878728176,10.4402009495975],[-75.5302616146271,10.4402077307423],[-75.5302330737226,10.440217904226],[-75.5302056741917,10.4402292058573],[-75.530178274933,10.4402450294194],[-75.5301537302282,10.4402619813298],[-75.5301303268964,10.4402800650134],[-75.5301063529082,10.4402981472186],[-75.5300532672774,10.4403354440715],[-75.5300264392323,10.4403557880099],[-75.52987289214,10.4404676751476],[-75.5298420681027,10.4404902778539],[-75.529730759212,10.4405739107938],[-75.529698794008,10.4406044267845],[-75.5296753913295,10.4406292894074],[-75.5296565549023,10.4406507619763],[-75.5295229879318,10.4407863805382],[-75.5294961592943,10.4408135040087],[-75.529481890126,10.4408281961243],[-75.5294265514968,10.4408529246245],[-75.5293476615639,10.4408453729251],[-75.5293431796153,10.4408450097938],[-75.529316347696,10.4408474169726],[-75.5292792455947,10.4408722809467],[-75.5292569830405,10.4408881035346],[-75.5292347213345,10.4409027960907],[-75.5292084635172,10.4409174867559],[-75.5291827765277,10.4409299209513],[-75.5291565188163,10.4409412224279],[-75.529129690208,10.440953655777],[-75.5291000076015,10.4409694787701],[-75.5290680416505,10.4409886922809],[-75.5290337928995,10.4410101656741],[-75.5289978314561,10.4410350295517],[-75.5289624409671,10.4410598927893],[-75.5289270502806,10.4410813671407],[-75.5288916595253,10.4411017099477],[-75.5288556976776,10.441119793326],[-75.5288088908729,10.4411367481741],[-75.5287700738341,10.4411480503107],[-75.5287358250858,10.4411593540044],[-75.5286987210072,10.4411830869745],[-75.5286850217033,10.4411955195667],[-75.5286519149068,10.4412294231883],[-75.5286296536515,10.4412531571516],[-75.5286068213692,10.4412757593019],[-75.5285822762561,10.4412938429334],[-75.5285594437168,10.4413119255636],[-75.5285354696213,10.4413311385865],[-75.5285126370141,10.4413480899749],[-75.5284858087195,10.4413673031487],[-75.5284549848608,10.4413910366566],[-75.5284247317152,10.4414158992546],[-75.5283939077851,10.4414385045389],[-75.5283533800225,10.4414678881056],[-75.5283202735825,10.4414927526593],[-75.5282991526142,10.4415097051489],[-75.5282757492667,10.4415311781818],[-75.5282654759407,10.4415424796364],[-75.5282392179082,10.441571862426],[-75.5282192398315,10.4415955962386],[-75.5281975491733,10.4416193292348],[-75.5281712927162,10.4416554925016],[-75.5281553103202,10.441676964225],[-75.5281353320471,10.441697308848],[-75.528113070536,10.4417176505698],[-75.5280851008113,10.4417413838905],[-75.5280285903271,10.4417877214306],[-75.5280011913067,10.4418125847439],[-75.5279789298393,10.4418340576947],[-75.5279576326665,10.4418551508959],[-75.527932122592,10.4418798784764],[-75.5278896040332,10.4419014509547],[-75.5278619666991,10.4419098700795],[-75.5278316587819,10.4419165609174],[-75.5277985500624,10.4419346440275],[-75.5277722930664,10.4419504676247],[-75.5277426095602,10.4419696799773],[-75.5277123563689,10.4419900229908],[-75.5276547036229,10.4420318401006],[-75.5276227379575,10.4420544435561],[-75.5275890598249,10.4420793071564],[-75.5275553813227,10.4421030407231],[-75.527523415525,10.4421233832021],[-75.5274925912835,10.4421425961937],[-75.5274594835534,10.4421629405369],[-75.5274280883418,10.442182152645],[-75.527395551507,10.4422013666204],[-75.5273241985186,10.4422409233978],[-75.527288807644,10.4422635260863],[-75.5272545587471,10.4422872605559],[-75.5271843479181,10.4423381181498],[-75.5271506697201,10.4423629817036],[-75.5271181331942,10.442388975529],[-75.5270873099892,10.4424115788736],[-75.526844140032,10.4425890146604],[-75.5267168474575,10.4426839476244],[-75.526686023279,10.4427065515341],[-75.5266078219132,10.442765320202],[-75.5265507389245,10.4428071361772],[-75.5264748198656,10.442860253042],[-75.5264495325521,10.4428888762413],[-75.5264183531034,10.4429362039674],[-75.5263897723304,10.4429814729849],[-75.5263703637522,10.4430049103259],[-75.5263682436772,10.4430763739501],[-75.526089035673,10.4426303703927]]]},"properties":{"FID":134,"CODIGO":"0100","NOMBRE":"MARBELLA","UCG":1,"LOC":"LH","ZONA":"UCG 1","Shape__Area":392296.0087890625,"Shape__Length":4549.4188147097384}},{"type":"Feature","id":135,"geometry":{"type":"Polygon","coordinates":[[[-75.5482719740828,10.4105831001612],[-75.5482856675044,10.4105378967451],[-75.5482913729174,10.4105175544468],[-75.5482982193589,10.4104926925564],[-75.5483067777426,10.4104644374823],[-75.5483159067511,10.4104271443261],[-75.5483250339308,10.4103898502657],[-75.5483455731015,10.410314131788],[-75.5483547013214,10.4102779678174],[-75.5484459972141,10.4100327256588],[-75.5484756705659,10.4099716981966],[-75.5484922189082,10.4099355342621],[-75.5485047716488,10.4098982397968],[-75.5486485605804,10.4094902583478],[-75.548688502914,10.4093953278359],[-75.5487096163571,10.4093501208182],[-75.548840295829,10.4091003562696],[-75.5488619799096,10.4090619306246],[-75.5488785287019,10.4090302861286],[-75.5488876591294,10.4090133327845],[-75.548908774246,10.4089749081072],[-75.5489264647222,10.4089443926611],[-75.5489464368532,10.4089093583892],[-75.5489641269143,10.4088754526677],[-75.5489846703205,10.4088370271485],[-75.5490069256489,10.4087952120567],[-75.5490177692715,10.4087703469646],[-75.54902803887,10.4087488758295],[-75.549047441208,10.4087070601674],[-75.5490628465395,10.4086675051586],[-75.5491706954734,10.4084346936263],[-75.549182108662,10.4084075700866],[-75.5491929495179,10.4083827067967],[-75.549209498563,10.4083386303759],[-75.5492231923445,10.4083058570125],[-75.5492346032868,10.4082753431976],[-75.5492471553259,10.4082335283354],[-75.5492739722738,10.4081544178663],[-75.5493241820163,10.4080007204045],[-75.549337307734,10.4079679461991],[-75.5493527126289,10.4079329115394],[-75.5493681194842,10.4078990069699],[-75.5493818144181,10.4078684928771],[-75.5493960801259,10.4078379778115],[-75.5494080632744,10.407811983382],[-75.5494217588885,10.4077871206472],[-75.549457710519,10.407727222429],[-75.549481108912,10.4076989673554],[-75.5495130682576,10.4076650608006],[-75.5495444608216,10.4076639269544],[-75.5496021201096,10.4076682951352],[-75.5496205387261,10.4076272559499],[-75.5496374268719,10.4076257340365],[-75.5496694578069,10.4076390499668],[-75.5496820123937,10.4076187050101],[-75.5496945665636,10.4075949715875],[-75.5497168222073,10.4075497661702],[-75.5497322292819,10.4075181217649],[-75.5497533429235,10.407484217394],[-75.5498263846867,10.4073339055659],[-75.5498389375041,10.407306782768],[-75.5498594800053,10.4072627058297],[-75.5498714645028,10.4072333229165],[-75.5498902957041,10.4072050683634],[-75.5499193997465,10.4071677709345],[-75.5499268185116,10.4071496894829],[-75.5499250995584,10.407103354143],[-75.5499256678257,10.4070830142407],[-75.5499296614412,10.4070683216683],[-75.5499467807966,10.407036677045],[-75.5499684652342,10.4069959911387],[-75.5499798776678,10.4069711277511],[-75.549993002425,10.4069462650599],[-75.5500032741425,10.4069281823568],[-75.5500112630379,10.4069123583041],[-75.5500203932035,10.4068942766428],[-75.5500380826166,10.4068569823932],[-75.550046642563,10.4068434193569],[-75.5500574856084,10.4068298578517],[-75.550070041257,10.4068185554167],[-75.5501084610339,10.4067872870067],[-75.550126542365,10.4067733449095],[-75.5501413817408,10.4067597811078],[-75.5501550777396,10.4067462192526],[-75.5501659210573,10.406734917022],[-75.5501801881807,10.4067168338272],[-75.5501904603009,10.4067021413916],[-75.550198449462,10.4066885793246],[-75.5502161403865,10.4066637142601],[-75.5502281260212,10.4066512827012],[-75.5502492410967,10.4066298083955],[-75.5502955205913,10.406569962884],[-75.550354526705,10.4064924118311],[-75.5504489406477,10.4064021094985],[-75.5504860809959,10.4063777691017],[-75.5504963535149,10.4063664669298],[-75.550506056031,10.4063540347362],[-75.5505174689003,10.4063404722412],[-75.5505277411339,10.4063269098857],[-75.5505505685526,10.4062986548023],[-75.5505631245089,10.4062828319827],[-75.5505802454581,10.4062647475151],[-75.5505973677439,10.4062500542243],[-75.5506122044769,10.4062376223003],[-75.5506253308555,10.406226317965],[-75.5506367450541,10.4062161466434],[-75.5506464467887,10.4062048454408],[-75.5506567199256,10.4061912830811],[-75.5506669915803,10.4061732003561],[-75.5506772618944,10.406151726453],[-75.550688676068,10.406126863943],[-75.5507017993337,10.4061053905917],[-75.5507154954819,10.4060861764476],[-75.5507320462072,10.4060726142153],[-75.550764005964,10.4060443561816],[-75.5507799869674,10.4060319250125],[-75.5507948253666,10.4060183602762],[-75.5508085217325,10.4060081895704],[-75.5508359177713,10.4059923640015],[-75.5508518976558,10.4059855814772],[-75.5508747274473,10.4059765379215],[-75.5508765448846,10.4059457695435],[-75.550903947414,10.4059126051846],[-75.5509374403188,10.4058794400682],[-75.5509821816558,10.4059141061934],[-75.5509997154027,10.4058793354786],[-75.551013979234,10.4058431707859],[-75.5510202555888,10.4058262186369],[-75.5510271027156,10.4058092646087],[-75.551035662931,10.4057911829883],[-75.5510436502592,10.4057708412564],[-75.5510533505315,10.4057482382245],[-75.5510607681411,10.4057290257501],[-75.5510687562358,10.405707553022],[-75.5510790277076,10.4056883401922],[-75.5510870162306,10.4056702577374],[-75.5510967170708,10.4056521750692],[-75.551105276508,10.4056352217301],[-75.5511161186043,10.4056148796407],[-75.5511246777523,10.4055956670225],[-75.5511338073843,10.4055741932463],[-75.5511417957577,10.4055549816029],[-75.5511514970732,10.405533508659],[-75.5511611973302,10.4055109038155],[-75.5511857322965,10.405453267907],[-75.551206274776,10.405411451061],[-75.5512154053105,10.4053899781862],[-75.5512222510725,10.4053696365919],[-75.5512313806914,10.4053481628127],[-75.5512399396811,10.405327821004],[-75.5512490692975,10.4053063472242],[-75.5512559159688,10.405286005629],[-75.5512633335552,10.4052667922454],[-75.5512724631683,10.405245319369],[-75.5512810221525,10.405224976655],[-75.5512912939318,10.4052012425484],[-75.5512992812286,10.4051809008094],[-75.5513084108368,10.4051594279319],[-75.5513192526149,10.4051368256526],[-75.5513300941027,10.405111962286],[-75.5513415074181,10.4050882289389],[-75.5513643322172,10.4050407622435],[-75.5513746030709,10.4050170281342],[-75.5513843032964,10.4049944259955],[-75.5513922905818,10.4049740833499],[-75.55140085003,10.4049503485502],[-75.5514111198205,10.4049254870606],[-75.5514276662575,10.4048791512393],[-75.5514367957034,10.4048565473623],[-75.5514470665459,10.4048328150586],[-75.5514556259864,10.4048090820654],[-75.5514641835991,10.4047853490721],[-75.5514744540025,10.4047582255894],[-75.5514864359925,10.4047254514343],[-75.5514961353312,10.4046960687439],[-75.5515138227052,10.4046452115046],[-75.5515206706934,10.4046282592728],[-75.5515252351193,10.4046146966981],[-75.5515372164757,10.4045841827238],[-75.5515497696589,10.4045547996723],[-75.551562893465,10.404524284649],[-75.5515703114507,10.4045084633397],[-75.5515805818358,10.404481338949],[-75.5515868584234,10.4044666460664],[-75.5515988418854,10.404438393176],[-75.5516045467877,10.404423700365],[-75.5516233766881,10.4043807563267],[-75.5516439184577,10.4043344199889],[-75.5516507656643,10.4043185969415],[-75.5516570419546,10.4043016456828],[-75.55166388916,10.4042858235391],[-75.5516707363646,10.4042700013952],[-75.5516867138523,10.4042383559147],[-75.5517004084024,10.4042078435253],[-75.5517152444896,10.4041773273748],[-75.5517215212108,10.4041637654847],[-75.5517295108632,10.4041479440991],[-75.5517357865241,10.4041332512134],[-75.5517494816862,10.4041004768308],[-75.5517557571995,10.4040846556614],[-75.5517626043952,10.4040688335154],[-75.5517774403239,10.4040371881744],[-75.5517848579952,10.4040191057729],[-75.5517922761038,10.4040044145495],[-75.5517996943577,10.4039908525132],[-75.551813389507,10.4039580781276],[-75.5518185237671,10.4039445163802],[-75.5518253721621,10.4039309544154],[-75.5518316485813,10.4039151323402],[-75.5518487653447,10.4038733158839],[-75.5518590356853,10.4038461932915],[-75.5518647416242,10.4038326305668],[-75.5518755836448,10.4038055079013],[-75.5518818594384,10.4037919451038],[-75.5518875652292,10.4037772540953],[-75.5518978354166,10.403748998698],[-75.5519041128884,10.4037343076166],[-75.5519149530757,10.4037071849498],[-75.5519206587168,10.4036913620411],[-75.551947476952,10.4036303327923],[-75.5519543242749,10.4036156416373],[-75.5519617420727,10.4035986893228],[-75.5519703014079,10.4035817377669],[-75.5519777192041,10.403564785452],[-75.5519857077684,10.4035478330641],[-75.5519936963318,10.4035308806762],[-75.5519999730282,10.4035173187802],[-75.5520108144066,10.4034924553886],[-75.5520176617234,10.4034777633281],[-75.5520336385484,10.4034415965592],[-75.5520507564667,10.403402042986],[-75.5520570331581,10.4033884810888],[-75.5520644509451,10.4033715287716],[-75.5520690160958,10.4033568370009],[-75.5520752917252,10.403342145012],[-75.5520878448087,10.4033127610336],[-75.5520935504339,10.4032969381214],[-75.5521049622715,10.4032698153747],[-75.5521100983343,10.4032562527178],[-75.5521180852345,10.4032336498694],[-75.5521260734886,10.4032144381991],[-75.5521329193513,10.4031816637689],[-75.5521351997441,10.4031681032842],[-75.552133483611,10.4031387193174],[-75.5521374754543,10.4031115984208],[-75.5521414695352,10.4030946465388],[-75.5521471740934,10.4030776944382],[-75.5521540218662,10.4030596121001],[-75.5521614385795,10.403041528785],[-75.5521694272682,10.4030257073877],[-75.5521774162507,10.403012145269],[-75.5521859766187,10.4029963219901],[-75.5521968191444,10.4029805002272],[-75.55221622006,10.4029477241888],[-75.5522259211943,10.4029330317583],[-75.552244181482,10.4029002576723],[-75.5522595885181,10.4028720025084],[-75.5522732833964,10.4028448785586],[-75.5522812723697,10.4028313155331],[-75.5522983903718,10.402792892941],[-75.5523069493709,10.4027736784803],[-75.5523183623802,10.4027488159081],[-75.552332057248,10.4027216901476],[-75.5523423276323,10.4027024790825],[-75.552352027865,10.4026810051952],[-75.5523777038287,10.402608676947],[-75.5523868328445,10.4025838137614],[-75.5524016671347,10.4025476480233],[-75.5524068031732,10.4025340871694],[-75.5524176434241,10.4025080936714],[-75.5524227783995,10.4024934000135],[-75.5524324787922,10.4024662783782],[-75.5524387543869,10.4024515854774],[-75.5524547302217,10.4024086408489],[-75.5524610076407,10.4023939488515],[-75.5524718478824,10.4023679553515],[-75.5524798360928,10.4023487427674],[-75.552490677393,10.4023238775499],[-75.5524969537471,10.4023080572684],[-75.5525072239808,10.402280932845],[-75.5525135006302,10.402267370938],[-75.5525266239508,10.4022345974967],[-75.5525380352666,10.4022040835545],[-75.5525443117643,10.4021893906514],[-75.552550017644,10.4021758297214],[-75.5525557242875,10.4021611368914],[-75.552567706046,10.4021351432406],[-75.5525785480966,10.4021091506405],[-75.552587105998,10.4020888069843],[-75.5525962352803,10.4020662048792],[-75.552611641668,10.4020266496861],[-75.5526190584799,10.402009697355],[-75.5526424546919,10.4019633596746],[-75.5526510125855,10.4019430178247],[-75.5526641358782,10.4019102434732],[-75.5526704128118,10.401898941746],[-75.5526795423808,10.4018785989172],[-75.5526943782637,10.4018480845258],[-75.5527023664475,10.4018288719357],[-75.5527114961617,10.4018096591975],[-75.5527211974043,10.4017893153894],[-75.5527286140555,10.4017712338681],[-75.5527354604052,10.4017497612419],[-75.5527423070527,10.4017305478944],[-75.5527554286831,10.401685343436],[-75.552761704114,10.4016627398874],[-75.5527679796937,10.4016412673343],[-75.5527736846567,10.4016209258507],[-75.5527776773229,10.4016005836849],[-75.552781099223,10.401580240689],[-75.552782808827,10.4015598988192],[-75.55278337705,10.4015406880931],[-75.5527833728625,10.4015090455299],[-75.5527822290887,10.4014920934006],[-75.5527799433365,10.401471752953],[-75.5527770866698,10.4014502815837],[-75.5527662336122,10.4013858677714],[-75.552764518477,10.4013643953498],[-75.5527582343834,10.4013214535886],[-75.5527553780184,10.4013022414979],[-75.5527536627351,10.4012796398887],[-75.5527479501565,10.4012423485109],[-75.5527445219825,10.4012152267571],[-75.5527416645737,10.4011881058333],[-75.5527405220154,10.4011734138867],[-75.5527359509525,10.4011429029101],[-75.552734236717,10.4011282110374],[-75.5527302373328,10.4010976981783],[-75.5527285220525,10.4010750974727],[-75.5527268072204,10.4010558852337],[-75.5527250922393,10.4010355447111],[-75.5527222324446,10.4009903414175],[-75.5527222296074,10.4009688696774],[-75.5527216561554,10.4009485281028],[-75.552721653318,10.4009270545546],[-75.55272278962,10.4008875030093],[-75.5527239286095,10.4008682904004],[-75.5527267795922,10.4008468191946],[-75.5527284890466,10.4008253472326],[-75.552729627886,10.400805004532],[-75.5527301958124,10.4007835336218],[-75.5527319052661,10.4007620607556],[-75.55273703751,10.4007270281547],[-75.5527438820438,10.4006919935237],[-75.5527484445675,10.4006648716376],[-75.5527638477127,10.4006083650601],[-75.5527758288132,10.400571069579],[-75.5527895225005,10.4005360349625],[-75.5527946586392,10.4005236041924],[-75.5528032172475,10.400502130437],[-75.5528123460042,10.4004829185986],[-75.552823186915,10.4004557949923],[-75.5528345982875,10.40042640932],[-75.5528442985816,10.4003992876691],[-75.5528557085878,10.4003665144335],[-75.5528665496406,10.4003405200131],[-75.5528865211012,10.4003009642097],[-75.552895080297,10.4002840117221],[-75.5529059223937,10.4002659288457],[-75.5529310308731,10.4002207210089],[-75.5529452960413,10.4001913376731],[-75.5529510009543,10.4001777749264],[-75.552961842756,10.4001506522189],[-75.5529692593548,10.4001325688824],[-75.5529766779296,10.4001156174451],[-75.5529858068147,10.400097534789],[-75.552996648599,10.4000771908221],[-75.5530092035831,10.4000568484394],[-75.5530211868897,10.4000365052268],[-75.5530343108064,10.400016161865],[-75.5530525717441,10.3999901673737],[-75.5530679791679,10.3999664325333],[-75.5530879522365,10.3999393086288],[-75.5531067834754,10.3999099228808],[-75.5531296100466,10.3998805384174],[-75.5531558610356,10.3998500225086],[-75.5531815415594,10.3998217668556],[-75.553211787873,10.3997912513231],[-75.553295679906,10.399716653366],[-75.5533219317741,10.3996929179934],[-75.5533755761118,10.3996386665415],[-75.5533978329385,10.3996171918714],[-75.5534218017437,10.3995934567909],[-75.553454811959,10.3995565119432],[-75.5534697385832,10.3995403361661],[-75.5534925658539,10.3995166012307],[-75.5535142526634,10.3994939956318],[-75.5535347958161,10.3994691318072],[-75.5535736015011,10.3994171424636],[-75.5535964276878,10.3993854959749],[-75.5536181121969,10.3993595009981],[-75.5536386573117,10.3993357672581],[-75.5536586299882,10.3993131618761],[-75.5536797460108,10.3992905581496],[-75.5537014320307,10.3992690817255],[-75.5537236880488,10.3992487380283],[-75.5537465157381,10.3992283933497],[-75.5537721969234,10.3992057881072],[-75.5537916003471,10.3991877049673],[-75.5538115745293,10.3991696199423],[-75.553829266579,10.3991515370276],[-75.5538492396903,10.3991323228127],[-75.5538663600616,10.3991142390679],[-75.5538874754493,10.3990938927988],[-75.5539091612883,10.3990712898851],[-75.5539342716796,10.3990419041552],[-75.5539593808452,10.3990102564318],[-75.5539867713662,10.3989729615597],[-75.5540198705526,10.3989367942066],[-75.5540546836963,10.3989062761756],[-75.5540906365278,10.3988757597964],[-75.554120312519,10.3988497637162],[-75.5541454237993,10.3988271585198],[-75.5541653968705,10.3988079433809],[-75.5541802337014,10.3987864696498],[-75.5541905042942,10.3987638673425],[-75.5542013445632,10.3987333525081],[-75.5542093322524,10.3987051000475],[-75.5542196003803,10.3986711950139],[-75.5542321532177,10.3986361604858],[-75.5542447049843,10.3985999958654],[-75.5542589681144,10.3985638319187],[-75.5542738032238,10.398529927174],[-75.5543592055093,10.3986077704327],[-75.554558239448,10.3987395036854],[-75.5553806629953,10.3979919018314],[-75.5569370714168,10.3967018480122],[-75.5579897364908,10.3959561866415],[-75.5581358789762,10.3958869556098],[-75.558275516156,10.3958043675664],[-75.5583212030597,10.3956842145074],[-75.5583504904674,10.3957020520947],[-75.5584135702968,10.3957265739472],[-75.5584428570434,10.3957399508273],[-75.5584811570011,10.395764477219],[-75.558539729072,10.3957756194231],[-75.5585735199146,10.3957778447838],[-75.5586005533578,10.395782301489],[-75.5586343452109,10.3957912169871],[-75.5586771470122,10.3957956713537],[-75.5587131914151,10.3958023561607],[-75.5587469836108,10.3958135019963],[-75.5587942935466,10.3958335663161],[-75.5588348447371,10.3958469414887],[-75.5588821560366,10.3958759271925],[-75.5589542469033,10.3959026779478],[-75.5590218299786,10.3959160490712],[-75.5590646318022,10.3959205033859],[-75.5591225847097,10.3959492397498],[-75.5591402774266,10.3959447167386],[-75.5591796581442,10.3959356701157],[-75.5592093368873,10.3959322753995],[-75.55925785094,10.3959254884878],[-75.5592732598931,10.3959220940951],[-75.559302367706,10.395917569364],[-75.5593440324735,10.3959153020255],[-75.5593586008801,10.3959152998387],[-75.5593837144457,10.3959175571551],[-75.5594299462927,10.3959220705746],[-75.5594664763472,10.3959333669027],[-75.5595064318024,10.3959503113619],[-75.559545249272,10.3959842100777],[-75.5596784028302,10.3959877583737],[-75.5597813084956,10.3961429467219],[-75.5599728107266,10.396414709436],[-75.5600030658759,10.3964474774968],[-75.5602947744002,10.3967819383445],[-75.5603256007284,10.3968169673739],[-75.5603518597731,10.3968440855538],[-75.5603775477121,10.3968689445395],[-75.5604100849129,10.39689493166],[-75.5604460454206,10.3969130076091],[-75.56049855788,10.3969310810105],[-75.5605476461592,10.3969514151136],[-75.5605904561189,10.396971750176],[-75.5606247050856,10.3969943467356],[-75.5606523453884,10.3970068611797],[-75.5606923304306,10.3970248487852],[-75.5607060294877,10.3970304953218],[-75.560744843635,10.3970474416089],[-75.5607842285435,10.397064387803],[-75.5608236125641,10.3970756826296],[-75.5608378832962,10.3970813299761],[-75.560877267122,10.3970971451631],[-75.5608932493931,10.3971039241419],[-75.5609212184581,10.3971163490084],[-75.5609474759888,10.3971276476625],[-75.5609840076689,10.3971479836457],[-75.5610273875275,10.3971683185609],[-75.5610667721074,10.3971830027285],[-75.5611021610313,10.3971954291376],[-75.5611501076961,10.3972146323297],[-75.5611632360128,10.3972202816476],[-75.5611906348951,10.3972304463958],[-75.5612334420426,10.3972383521711],[-75.5612636930828,10.3972439979093],[-75.5612945156146,10.3972485134636],[-75.5613287608652,10.39725302848],[-75.5613635777874,10.3972575434033],[-75.5614012484974,10.3972620569721],[-75.5615039862774,10.3972710825129],[-75.5615188261512,10.3972722102768],[-75.5615610623815,10.3972733328353],[-75.5616055814606,10.3972733258418],[-75.56164724639,10.3972710600117],[-75.5616917654742,10.3972654016435],[-75.5617271498857,10.3972552261496],[-75.5617825109884,10.3972405253268],[-75.5618059114982,10.3972314818057],[-75.5618498563513,10.3972156526806],[-75.5618858107825,10.3971953062536],[-75.561917198604,10.3971715693655],[-75.561971789825,10.3971322082992],[-75.562067882722,10.3972461615787],[-75.5624337851312,10.3977394115148],[-75.562456826908,10.3977840662628],[-75.5623456589181,10.3978802994132],[-75.5629015715269,10.3987753162202],[-75.5628426669608,10.3988145749587],[-75.5628221205361,10.3988258791828],[-75.5627992921676,10.3988383138644],[-75.5627593428427,10.3988620513095],[-75.5627382267502,10.3988744866155],[-75.5627034142595,10.398898224132],[-75.5626708848053,10.3989219621825],[-75.5626566189284,10.398935524667],[-75.5626303663639,10.3989558705271],[-75.5626178114824,10.3989671734563],[-75.5626058271756,10.3989773462021],[-75.5625949845739,10.3989886488559],[-75.5625847127318,10.3989999505139],[-75.5625761533558,10.3990123837969],[-75.5625693064455,10.3990259468969],[-75.5622982284165,10.3992305358797],[-75.5622833897333,10.3992373187933],[-75.5622582793663,10.3992508838914],[-75.5622445823866,10.3992587949049],[-75.5622308852234,10.3992655803467],[-75.5622149042849,10.3992734917223],[-75.5621966412149,10.3992814052683],[-75.5621755248884,10.3992927095416],[-75.5621504137823,10.399307404723],[-75.5621238775671,10.3993230812947],[-75.5621178835115,10.3993266223509],[-75.5620870655201,10.3993458387996],[-75.5620716564315,10.3993548819771],[-75.5620248582164,10.3993808815042],[-75.5620083076018,10.3993899248595],[-75.5619917569862,10.3993989682141],[-75.5619386818438,10.3994283589974],[-75.5619015847255,10.3994487065134],[-75.5618810391385,10.399460010677],[-75.5618610650423,10.3994701837533],[-75.5618188310609,10.3994905320713],[-75.5617760272256,10.3995108795695],[-75.5617326529867,10.3995334882391],[-75.5617121073884,10.3995447942],[-75.561693273528,10.3995527069031],[-75.5616732983254,10.3995617516845],[-75.5616550354063,10.3995707952912],[-75.5616373437981,10.3995775777197],[-75.5616207920674,10.3995854909637],[-75.5616059533528,10.3995922747501],[-75.561587690611,10.3996024475404],[-75.561574564361,10.3996103602437],[-75.5615608675296,10.3996194031276],[-75.5615494537444,10.3996284456525],[-75.561524342944,10.399645401872],[-75.5615112168716,10.3996544455683],[-75.5614835517937,10.3996714003771],[-75.5614538750724,10.3996894864944],[-75.5614287639007,10.3997041816192],[-75.5614173497473,10.3997109639563],[-75.5613916678102,10.3997256591676],[-75.5613614204968,10.3997448745531],[-75.5613465823099,10.399755047698],[-75.5613089154459,10.399776525326],[-75.5612524148703,10.3998070475265],[-75.5612341519247,10.3998160911092],[-75.561215318216,10.3998251347799],[-75.5611970552682,10.3998341774564],[-75.5611802048902,10.3998420916282],[-75.561158817263,10.3998533958767],[-75.5611257168461,10.399871482497],[-75.5611068825767,10.3998827863445],[-75.5610891914772,10.3998929590174],[-75.5610686449188,10.3999042649372],[-75.5610498111997,10.39991330679],[-75.561030407076,10.3999246107216],[-75.5610144273455,10.3999347849326],[-75.560978472903,10.3999573923472],[-75.5609390945968,10.3999845215592],[-75.560917978535,10.3999980850286],[-75.5608945794217,10.4000116488504],[-75.5608443569719,10.4000410399143],[-75.5608215282578,10.4000523434593],[-75.560796988703,10.4000670384461],[-75.5607747298348,10.4000783428037],[-75.5607547551068,10.4000907778024],[-75.560735921724,10.400102081628],[-75.5607170885179,10.4001145155439],[-75.5606999674202,10.4001258191029],[-75.5606839878465,10.4001371224847],[-75.5606685788566,10.4001472965903],[-75.5606554536514,10.4001563384433],[-75.5606160747344,10.4001857268946],[-75.560602948613,10.4001947696496],[-75.5605818325223,10.4002083321927],[-75.5605675650513,10.4002185070217],[-75.5605544387496,10.4002264196832],[-75.5605401710992,10.4002354626113],[-75.5605053584681,10.4002603290761],[-75.5604916640592,10.4002851931954],[-75.5603107590632,10.4004569957716],[-75.5602850775426,10.4004750811685],[-75.5602679569391,10.4004897749788],[-75.5601806426961,10.4005643734655],[-75.5601327038151,10.4006039339883],[-75.5601155830218,10.4006174995071],[-75.5600904722404,10.4006355848013],[-75.5600722099159,10.4006491477795],[-75.5600596543474,10.4006570603337],[-75.5600419622571,10.4006672338529],[-75.5600208470241,10.400680799071],[-75.5599923103859,10.400696623792],[-75.5599791838742,10.4007034054342],[-75.5599523613497,10.4007192316991],[-75.5599278200507,10.4007350558068],[-75.5599027090739,10.4007520109948],[-75.5598285185297,10.4008085277352],[-75.5598153932728,10.4008175704576],[-75.5598028367778,10.4008254830019],[-75.5597840036661,10.4008390469543],[-75.5597566097921,10.4008571325682],[-75.5597366349739,10.4008695665992],[-75.5596955438047,10.4008944339261],[-75.5596795639811,10.4009046062622],[-75.5596538822135,10.4009215624209],[-75.5596304834995,10.4009385182328],[-75.5596048022485,10.400958863758],[-75.55957855023,10.4009792093673],[-75.5595517276177,10.4010006851519],[-75.559526616947,10.4010199004933],[-75.5594997939804,10.4010391160907],[-75.5594706877796,10.401057201938],[-75.5594392990383,10.4010786774965],[-75.5593177409879,10.4011691030824],[-75.5592874930143,10.4011917112585],[-75.5592486858625,10.4012233587343],[-75.559183056387,10.4012787421419],[-75.5591276992764,10.4013250850768],[-75.5590700596061,10.4013748168093],[-75.5590546510193,10.4013883802073],[-75.5590067129555,10.4014290697483],[-75.5589713298213,10.4014573291175],[-75.5589576330061,10.4014675019813],[-75.5589342352985,10.4014855869293],[-75.5589102648248,10.4015025409655],[-75.5588823005918,10.4015240168636],[-75.5588708866601,10.4015330592928],[-75.5588560484794,10.4015443633175],[-75.5588337922905,10.4015624471844],[-75.5588115346154,10.4015827930412],[-75.558786995645,10.4016087887883],[-75.5587750117976,10.4016234817558],[-75.5587419135626,10.4016641681503],[-75.5587196587264,10.4016912954531],[-75.5587013978189,10.4017150300799],[-75.5586837071027,10.4017410248042],[-75.5586688711247,10.4017670191048],[-75.5586557480132,10.4017907529682],[-75.5586323518495,10.4018314388189],[-75.5584508677213,10.4019602969479],[-75.5584297492106,10.4019591690643],[-75.5584034946555,10.4019636942009],[-75.5583732459252,10.4019761287551],[-75.5583441392336,10.401991955221],[-75.558328729907,10.4020009982182],[-75.5583156036439,10.4020100417832],[-75.5582904938992,10.4020303862144],[-75.5582762255268,10.4020416892244],[-75.5582648118974,10.4020529918146],[-75.5582533986054,10.4020665536833],[-75.5582374207059,10.4020902888524],[-75.5582111678275,10.4021061121752],[-75.5582003246217,10.4021151563048],[-75.5581883402206,10.4021264589759],[-75.5581729315587,10.4021400223313],[-75.5581575232332,10.4021558449647],[-75.5581238534211,10.4021920137248],[-75.5581078752375,10.4022078373432],[-75.5580924661608,10.402224790065],[-75.5580787701267,10.4022406142522],[-75.5580331170627,10.4022959963091],[-75.5580154259927,10.4023140785477],[-75.5579977350894,10.4023332935891],[-75.5579543628781,10.4023739823049],[-75.5579309644684,10.4023943291704],[-75.5578014166732,10.4025039659925],[-75.5577740230421,10.4025254417104],[-75.5577454882079,10.4025491768705],[-75.557713528767,10.4025729134289],[-75.5576758626533,10.4026034331682],[-75.5576393378993,10.4026328199341],[-75.5576033840724,10.4026633358005],[-75.5575680010062,10.4026938542924],[-75.5574236156657,10.4028215745691],[-75.557349997195,10.4028871331895],[-75.5573066237443,10.4029266917257],[-75.5572689587929,10.4029594697913],[-75.5572301508027,10.4029945081994],[-75.5571959091986,10.403025025582],[-75.5571639503291,10.4030532824509],[-75.5571411229157,10.403075887551],[-75.5571240045008,10.4031075307546],[-75.5570344094135,10.4032137739761],[-75.5570138637339,10.4032273380097],[-75.5569916064064,10.403245421748],[-75.5569670663324,10.4032657678015],[-75.556921981389,10.4033053256254],[-75.5568706195514,10.403349406511],[-75.5568523570945,10.4033641021084],[-75.5568306692753,10.4033799273796],[-75.556804987807,10.4034014018664],[-75.556778164634,10.403421746422],[-75.556748488106,10.4034454834632],[-75.5567216649257,10.4034658289181],[-75.5566874225662,10.4034918258806],[-75.5566577458609,10.4035144310136],[-75.5566274983827,10.4035370380331],[-75.5565995338123,10.4035585137309],[-75.55654189294,10.4035992051786],[-75.5565173517329,10.4036184202022],[-75.556493382205,10.4036376351431],[-75.5564716955875,10.4036557187644],[-75.5563461416599,10.4037619650598],[-75.5563261674957,10.4037811803295],[-75.5563056228842,10.4038026549569],[-75.5562867907402,10.4038252594334],[-75.5562668173787,10.4038501233477],[-75.5562468441764,10.4038761191604],[-75.5562257295936,10.4039032443194],[-75.5562051857767,10.4039303693968],[-75.5561874954807,10.4039552338897],[-75.5561686644514,10.4039857489983],[-75.556142416484,10.4040377368812],[-75.5561298631052,10.4040626006505],[-75.5561207343433,10.4040874621312],[-75.5557663407776,10.4044717435563],[-75.5557475070641,10.4044773975351],[-75.5557263889216,10.4044864412],[-75.5557052723314,10.4045000034204],[-75.5556852972809,10.4045135681932],[-75.5556476310569,10.4045463469707],[-75.5556270860292,10.4045655613714],[-75.5556076825407,10.4045847756125],[-75.5555888499803,10.4046051207688],[-75.5555705883477,10.4046265941281],[-75.5555523263937,10.4046458091119],[-75.5555340651912,10.4046638930992],[-75.5555152312294,10.4046808452651],[-75.555495827408,10.4046977984128],[-75.5554752822021,10.4047158845205],[-75.5554547369937,10.4047339688186],[-75.555409080878,10.4047735274107],[-75.5553839702878,10.4047972636945],[-75.5553634255453,10.4048187373565],[-75.5553457355694,10.4048402115282],[-75.5553291853074,10.4048616864459],[-75.5553160605838,10.4048831590831],[-75.5553040772428,10.4049035032797],[-75.5552932352841,10.4049227163233],[-75.5552841054796,10.4049407972317],[-75.5552732635186,10.4049600120828],[-75.5552658455508,10.4049747033853],[-75.5552607105099,10.4049882660908],[-75.5552515827622,10.4050210399926],[-75.5552453078821,10.4050402515027],[-75.5552350405264,10.4050933672037],[-75.5552316195026,10.4051125792254],[-75.5552259140402,10.4051351827387],[-75.5552184970164,10.4051566554917],[-75.555210509378,10.4051792584141],[-75.5552036632823,10.4052018611795],[-75.5551968171854,10.4052244630407],[-75.5551911127898,10.4052481948362],[-75.5551854085519,10.4052730594352],[-75.5551774247057,10.4053227845464],[-75.5551751447816,10.4053453866844],[-75.5551745765408,10.4053634673185],[-75.5551734389517,10.405391719756],[-75.5551717286918,10.4054064120811],[-75.5551717347037,10.4054493555479],[-75.5551671745361,10.405492298737],[-75.5551648938193,10.4055092513227],[-75.5551508233052,10.405526770571],[-75.555116488303,10.4055589322502],[-75.5550673053424,10.4056067165315],[-75.5550102316689,10.4056324506395],[-75.5549845473718,10.4056358462313],[-75.5549594341612,10.4056414983093],[-75.5549320378595,10.4056471543132],[-75.554904070941,10.4056539386756],[-75.5548429998318,10.4056652479102],[-75.5548098959551,10.4056720329639],[-75.5547802171837,10.4056822069181],[-75.5547562459817,10.4056912518108],[-75.5547396948245,10.4057002947898],[-75.5547220025905,10.4057127281965],[-75.5547077348356,10.4057240310461],[-75.5546889015226,10.4057398539756],[-75.554648952112,10.4057737621312],[-75.5545530744276,10.4058619231357],[-75.5545388072835,10.4058777463426],[-75.5545273935359,10.4058901779853],[-75.5544982892468,10.4059274740253],[-75.5544880167312,10.4059376480422],[-75.5544748912826,10.4059546011832],[-75.5544594832065,10.4059749449054],[-75.5544474993013,10.4059918969872],[-75.5544355152396,10.4060077207853],[-75.5544086944888,10.4060484067825],[-75.5543984242975,10.4060755303564],[-75.5543932896675,10.4060924824167],[-75.5543830205609,10.4061275157243],[-75.5543778866873,10.4061433395012],[-75.5543698985163,10.4061693326752],[-75.5543653346569,10.4061862846582],[-75.5543601997127,10.4062009765356],[-75.5543539232204,10.4062156676625],[-75.5543459356302,10.4062326210102],[-75.5543368069752,10.4062597444281],[-75.554332242647,10.4062733061369],[-75.5543276784736,10.4062879970328],[-75.5543248257084,10.4063026895064],[-75.5543231163171,10.4063173809221],[-75.5543214055646,10.4063354617075],[-75.554320266344,10.4063524132288],[-75.5543191271234,10.4063693647501],[-75.5543168468201,10.4063897076026],[-75.5543065803323,10.4064439533612],[-75.5543014455362,10.4064597744244],[-75.5542951693464,10.4064767275405],[-75.5542866114372,10.4064970703327],[-75.554279193094,10.4065162828803],[-75.5542712048887,10.4065354946002],[-75.5542603642053,10.4065648784279],[-75.5542173702611,10.4066480616255],[-75.5541804746622,10.406702760277],[-75.5541587876858,10.4067140640967],[-75.5541370991905,10.4067276290017],[-75.5541171239304,10.4067411927716],[-75.5541005730081,10.4067524949954],[-75.5540851633255,10.4067615377874],[-75.5540686123889,10.4067660612706],[-75.5540509179214,10.4067694530066],[-75.554032653438,10.4067717165348],[-75.5540138183337,10.4067751093253],[-75.5539932712126,10.4067807625257],[-75.5539757031211,10.4067867281363],[-75.5539732950195,10.4067875457397],[-75.5539487550787,10.4068056304731],[-75.5539270673366,10.4068248449153],[-75.5539042400219,10.4068451877912],[-75.5538831232031,10.4068655340538],[-75.55387285079,10.4068768354294],[-75.5538563004659,10.4068926598134],[-75.5538414623114,10.4069073520693],[-75.5538174925223,10.4069276978031],[-75.5537958055236,10.4069457821452],[-75.5537484370114,10.4069887309984],[-75.5537244675161,10.4070113369074],[-75.5536993569256,10.4070373323353],[-75.5536742460252,10.4070610675791],[-75.5536474240137,10.4070870632298],[-75.5536308727536,10.4071028848898],[-75.5536200303093,10.4071130589539],[-75.5535920649116,10.4071390547513],[-75.5535652427343,10.4071639203039],[-75.5535407019806,10.4071899156439],[-75.553518445695,10.4072192991457],[-75.5534979020366,10.4072509444103],[-75.5534802124049,10.4072837211963],[-75.5534665175909,10.4073119743775],[-75.5534459757458,10.4073571816362],[-75.553429999038,10.4073944767498],[-75.5534168752945,10.4074249900357],[-75.5534026098447,10.4074543742844],[-75.5533906268891,10.4074792378674],[-75.5533780748278,10.4075097528846],[-75.5533632404122,10.4075594779425],[-75.5532800879261,10.4076141183823],[-75.5531564243853,10.4076717484519],[-75.5530082435157,10.407747120488],[-75.5529654378201,10.407773118166],[-75.552916355989,10.4078104175666],[-75.5528941011145,10.4078443222926],[-75.5528906788419,10.4078691856465],[-75.5528707078041,10.4079155210759],[-75.5528598670922,10.4079460349455],[-75.5528336219935,10.4080262757293],[-75.55282791662,10.4080443570242],[-75.5528147941391,10.4080850429125],[-75.5528062366744,10.4081166856705],[-75.5527891222044,10.4081765836245],[-75.5527799947055,10.408213876911],[-75.5527731474562,10.4082364805255],[-75.5527663024811,10.4082624735085],[-75.5527560335557,10.408307678484],[-75.5527531844535,10.4083438417682],[-75.5527566134561,10.4083766121567],[-75.5527600435069,10.4084172967988],[-75.5527594779641,10.4084568500598],[-75.5527577689209,10.408481711381],[-75.5527537770652,10.4085088349886],[-75.5527486435033,10.4085348277489],[-75.5527423682349,10.4085596905662],[-75.5527343815446,10.408584552701],[-75.5527252520847,10.4086071557056],[-75.5527069928626,10.408650102436],[-75.552689873532,10.4086873976583],[-75.5526756085541,10.4087213013329],[-75.5526596319843,10.4087608565876],[-75.5526505026633,10.408784590585],[-75.5526339568181,10.408828664468],[-75.5526219738801,10.408861440466],[-75.5526157007009,10.4088953431043],[-75.5526179894612,10.4089450677185],[-75.5526237015717,10.408977838716],[-75.552624276376,10.4090083520039],[-75.5526180033245,10.4090501652792],[-75.5525928963725,10.4090987633423],[-75.5525655024055,10.4091247589741],[-75.5525329709552,10.4091541446352],[-75.5524992985566,10.4091812711621],[-75.5524673381926,10.4092061372829],[-75.5524342361168,10.4092298734565],[-75.5524005635532,10.4092558698819],[-75.5523691751629,10.4092829970054],[-75.5522881327548,10.4093530721482],[-75.5522544612001,10.4093869782912],[-75.5522316334164,10.4094129733089],[-75.5522093777648,10.4094423603329],[-75.5521848386388,10.4094830467494],[-75.552165436995,10.409520340426],[-75.552157448732,10.4095406839895],[-75.5521409033678,10.4095892800175],[-75.5521369095004,10.4096084929789],[-75.5521386278816,10.4096548264904],[-75.5520348035386,10.4100978354066],[-75.5520079809536,10.4101294813715],[-75.5519891501771,10.4101679068624],[-75.5519800201776,10.4101871195711],[-75.5519537711808,10.4102334566408],[-75.5519337968895,10.410263970733],[-75.5519103994068,10.4102990065268],[-75.5519001278362,10.4103182193782],[-75.5518841497699,10.4103476028686],[-75.5518744492705,10.4103690776366],[-75.5518561899764,10.4104131535015],[-75.5518419262938,10.4104583589493],[-75.5518327992021,10.410500173472],[-75.5518299474883,10.4105171251979],[-75.5518293834343,10.4105691094527],[-75.5518328123659,10.410601881655],[-75.5518333875357,10.4106357843101],[-75.5518322506524,10.41067194646],[-75.551829970304,10.410693419381],[-75.5518225565736,10.410743144322],[-75.5518168546379,10.4107815663284],[-75.5518134325414,10.4108086907525],[-75.5518105838935,10.4108493734827],[-75.5518077351351,10.4108821464805],[-75.5518060259681,10.4109137901469],[-75.5518037472239,10.4109476931631],[-75.5518020367769,10.4109623845617],[-75.5517946230358,10.4110121085973],[-75.5517906322342,10.4110482711079],[-75.5517957781916,10.411117206905],[-75.5517986394487,10.4111669305419],[-75.5517975000391,10.4111906634992],[-75.5518117757492,10.4112381246031],[-75.5517296304338,10.4116054154471],[-75.5517199306143,10.4116325379509],[-75.5517102325432,10.4116732215446],[-75.5517062401198,10.4116969539576],[-75.5517051046771,10.4117444197254],[-75.5516994032544,10.411794144444],[-75.5516897061961,10.4118427386725],[-75.5516817190097,10.4118721229482],[-75.5516680258746,10.4119161964134],[-75.5516549029377,10.4119557530587],[-75.5516400682268,10.4119998275708],[-75.5516337922201,10.4120201699982],[-75.5516263760994,10.4120518143818],[-75.5516189595406,10.4120800675887],[-75.5515995582521,10.4121218833972],[-75.5515761623387,10.412170480253],[-75.5515624669961,10.4121976023508],[-75.5515413529033,10.412236029907],[-75.5515248049801,10.4122665435389],[-75.5515088278988,10.4123117500869],[-75.5514871467778,10.4123795582638],[-75.5514774493788,10.4124258923027],[-75.5514700347262,10.4124620570451],[-75.5514432115492,10.4124982224182],[-75.5514283750453,10.4125287376378],[-75.5514032861155,10.4127287668594],[-75.5513804585976,10.4127592812712],[-75.5513758969412,10.4127954447488],[-75.5513741948994,10.4128689008633],[-75.5513724853892,10.4128982834381],[-75.5513673546796,10.4129480089799],[-75.5513599398117,10.4129898232684],[-75.5513542348426,10.4130124257992],[-75.5513456768089,10.413041808328],[-75.5513376901842,10.4130689306034],[-75.5513182909178,10.4131344792025],[-75.5513114468257,10.4131762943221],[-75.5513074550754,10.4132056762777],[-75.5513051761173,10.4132384500992],[-75.5513000443807,10.4132802631956],[-75.5512966236062,10.4133039955297],[-75.5512886384643,10.4133571116987],[-75.5512857881388,10.4133853634201],[-75.5512812254526,10.4134136171639],[-75.5512766627654,10.4134418690994],[-75.5512738129186,10.4134667314524],[-75.5512721029633,10.4134927246574],[-75.5512703939208,10.4135187169583],[-75.5512658336835,10.4135661795316],[-75.5512635552956,10.4136034737149],[-75.5512595651224,10.4136452875711],[-75.5512561468893,10.4136961429854],[-75.5512532987215,10.4137413469706],[-75.5512521620501,10.4137797701974],[-75.5512544493827,10.4138125425421],[-75.5512652999729,10.4138566147227],[-75.5512721511562,10.4138701749542],[-75.5513138274672,10.4139391052699],[-75.5513326680889,10.4139752658121],[-75.5513555040858,10.4140102957613],[-75.5513697768668,10.4140272444278],[-75.5514885183158,10.4141639713898],[-75.5515079272495,10.4141876999479],[-75.5515204895696,10.4142193409057],[-75.5515193520162,10.4142577650363],[-75.5515119355414,10.4142871474236],[-75.55150223697,10.4143176619967],[-75.5514868311507,10.4143673870209],[-75.5514788430117,10.4143899907433],[-75.5514600122066,10.4144306763755],[-75.5514360435732,10.4144657112946],[-75.5514217764613,10.4144860538149],[-75.551407510406,10.4145075291372],[-75.5513943843893,10.414531262689],[-75.5513818306514,10.4145595156269],[-75.5513681354782,10.4145889006064],[-75.5513527280796,10.4146194131783],[-75.5513230545632,10.4146781816118],[-75.5513082175122,10.4147053074543],[-75.5512916686682,10.4147369520649],[-75.5512802559141,10.4147606844932],[-75.5512591421923,10.4148036314839],[-75.5512425937708,10.4148386663636],[-75.5512294702265,10.4148748290969],[-75.551217488691,10.414914384671],[-75.5512100740947,10.4149516794926],[-75.5512192128305,10.4149923616136],[-75.551242616122,10.4150138304099],[-75.5512700172522,10.4150319084324],[-75.5512842873827,10.4150420774622],[-75.5513088335108,10.415059024844],[-75.5513385180513,10.4150861432995],[-75.551366489694,10.415101961965],[-75.5514024495586,10.4151098680867],[-75.5514258523801,10.4151132554195],[-75.5514737993144,10.4151177688512],[-75.5514909238833,10.4151245481448],[-75.5515280298775,10.4151607054696],[-75.5515765541541,10.4152160756031],[-75.5515868324485,10.4152477150359],[-75.5515799863519,10.4152669283438],[-75.551567431107,10.4152906618297],[-75.5515206356416,10.4153562129807],[-75.5514675610848,10.4154330658205],[-75.551443022354,10.4154669716234],[-75.5514270423469,10.4154907055339],[-75.5514025044313,10.4155381715166],[-75.5513950866131,10.415557384892],[-75.5513882422348,10.4155901583783],[-75.5513876757412,10.4156308417106],[-75.5513905341826,10.41566587416],[-75.5513951057215,10.4157065568472],[-75.5514019609049,10.4157438489757],[-75.5514065295504,10.4157619298514],[-75.5514322236553,10.4158353816074],[-75.5514522089307,10.4158873623577],[-75.5514716207248,10.4159325653477],[-75.5514876076729,10.4159698563252],[-75.5515001692948,10.4160026273707],[-75.5515195815804,10.4160444382774],[-75.5515281462145,10.4160659089194],[-75.5515389972544,10.4161054607219],[-75.5515458507823,10.4161438820331],[-75.5515504207501,10.4161721346249],[-75.5515578451142,10.4162037762245],[-75.551568123585,10.4162365475546],[-75.5515784022034,10.4162704489748],[-75.5515903932003,10.4163043492745],[-75.5516029560508,10.416339380496],[-75.5516183707477,10.41637215208],[-75.5516354990291,10.4164071827238],[-75.551665758599,10.4164659436084],[-75.5516891666285,10.4165088831849],[-75.5517051524649,10.4165371334259],[-75.5517188557178,10.4165699052211],[-75.5517297050101,10.4166026755689],[-75.5517399847175,10.4166377079774],[-75.5517502623084,10.4166704793007],[-75.5517645381178,10.4167168102991],[-75.5517822375198,10.4167541019469],[-75.5517947998249,10.4167846118938],[-75.5518125018317,10.4168490248072],[-75.5518307729182,10.4168930969225],[-75.5518581749443,10.4169236058871],[-75.5518806355174,10.4169559787703],[-75.5518917210246,10.4170071578036],[-75.5518880323688,10.4170426720439],[-75.5518884467703,10.4170761642568],[-75.5518935893351,10.4171179769509],[-75.5519044432437,10.4171790004567],[-75.5519084415519,10.417207251306],[-75.5519164377974,10.4172468034556],[-75.5519398431316,10.4172682712929],[-75.5520026031756,10.4173464203567],[-75.5520246695791,10.4174373834968],[-75.5520848611453,10.4175473869565],[-75.55208429418,10.4175767693804],[-75.552103137615,10.4176321405009],[-75.5521242620239,10.4176705599719],[-75.5521413892534,10.4176965507661],[-75.5521590872803,10.4177225405822],[-75.552175643573,10.4177473995489],[-75.5522001938015,10.4177937319213],[-75.5522173234079,10.4178378023494],[-75.5522304561244,10.4178717042832],[-75.5522441593428,10.4179033441543],[-75.5522590045979,10.4179383750535],[-75.5522715674158,10.4179790576009],[-75.5522829877584,10.4180129588478],[-75.5522926964828,10.4180457293194],[-75.5523075403928,10.4180773717531],[-75.552344648017,10.418122568794],[-75.5524388597344,10.4183474446591],[-75.5524451439642,10.41839603864],[-75.5524531392679,10.4184276801403],[-75.5524628469613,10.4184593214196],[-75.5524748378408,10.4184909615002],[-75.5524919673756,10.4185339036292],[-75.5525079550249,10.4185745839157],[-75.55252337218,10.4186175262638],[-75.5525502070541,10.4186740255084],[-75.5525661932283,10.4187034076004],[-75.5525816083105,10.4187305277765],[-75.5525981652868,10.4187599079849],[-75.5526135805237,10.4187881573456],[-75.5526264133391,10.4188118884865],[-75.5524953901828,10.4188117697592],[-75.5523058347913,10.4187810891996],[-75.552083839067,10.4187973022209],[-75.5518622440494,10.4189677317319],[-75.5518078914263,10.4190850591645],[-75.5517801606828,10.4190704577254],[-75.5516239935309,10.4189973222196],[-75.551615555571,10.4189984817143],[-75.5516097310719,10.4189500465382],[-75.5514212831403,10.4188025417797],[-75.5513699012504,10.4188635945047],[-75.551241417,10.4187856070311],[-75.5512671064375,10.4187432105713],[-75.5513596159257,10.4188059409818],[-75.5513921568745,10.4187601521929],[-75.5512688031825,10.4186160306221],[-75.551275652973,10.4185990724663],[-75.5511762939846,10.4185549959141],[-75.5509227434986,10.4183328868662],[-75.5508182692387,10.4184753411213],[-75.5507805809249,10.4184549970252],[-75.5508696395936,10.4183227190721],[-75.5508250987022,10.4182972886404],[-75.5507702858829,10.4183193399088],[-75.5506366457757,10.4181039987047],[-75.5504756087028,10.4179734472994],[-75.5503248930278,10.4181905191823],[-75.5503403126605,10.418212561786],[-75.5502820799737,10.4182837895558],[-75.5502135537279,10.418229534558],[-75.5502721662184,10.4181562013568],[-75.5502854913707,10.4181667837769],[-75.5504344945002,10.4179531035819],[-75.5501895139517,10.4177632117597],[-75.550146684074,10.4177208237245],[-75.5501466813374,10.4176987792355],[-75.5501072812277,10.4176869139166],[-75.5500713033073,10.4176445250381],[-75.5499937477088,10.4175951100728],[-75.5499646327232,10.4175589516086],[-75.54994065587,10.417530701345],[-75.5498914215892,10.4174953225915],[-75.5498006211734,10.4173952854832],[-75.549690998193,10.4174597364212],[-75.5496652984591,10.4174190419903],[-75.5497590602892,10.4173516154364],[-75.5497208731303,10.4173114903115],[-75.5497065985658,10.4172730680479],[-75.5496934661472,10.4172391678164],[-75.5496866118512,10.4171928358341],[-75.549681470329,10.4171645832855],[-75.5496717642855,10.4171363330935],[-75.5496557764411,10.417097911033],[-75.5496255166321,10.4170346305018],[-75.5496043927932,10.4169905595063],[-75.5495963977303,10.4169656984739],[-75.5495901167368,10.4169397071452],[-75.5495809799516,10.4169137161587],[-75.5495724148744,10.4168877251034],[-75.549566705092,10.416865123073],[-75.5495490023553,10.4167984489488],[-75.5495352964727,10.4167498585055],[-75.5495278734036,10.4167272566794],[-75.5495096026502,10.4166831862393],[-75.5494833405278,10.4166368547644],[-75.5494679259544,10.4166108654287],[-75.5494519408663,10.4165871354374],[-75.5494353851258,10.4165645347],[-75.5494062697501,10.4165238558199],[-75.5493914266688,10.4165035159608],[-75.5493765845027,10.4164831761009],[-75.549348038609,10.4164391059717],[-75.5493388997497,10.4163882511771],[-75.5493400350153,10.4163362677801],[-75.5493360346629,10.4162967159909],[-75.5493246160268,10.4162662049053],[-75.5492972149428,10.4162334355403],[-75.5492201453805,10.4161441666415],[-75.5491048293234,10.4160108305287],[-75.5490825670038,10.4159837100851],[-75.5490381705008,10.4159573973979],[-75.5490056229589,10.4159489225916],[-75.5489816355959,10.4159014449785],[-75.5489336668055,10.4158556659206],[-75.5488480064985,10.4157590193839],[-75.5487983300586,10.4157573294906],[-75.5487417972614,10.4157183343296],[-75.5486527279039,10.4157624337448],[-75.5486938492011,10.415845519711],[-75.5486561661988,10.4158658728833],[-75.5485345226307,10.4156776610396],[-75.5485653527163,10.4156488300302],[-75.5486167506034,10.4157217404265],[-75.5486818393419,10.4156861224801],[-75.5486390174136,10.4156255244353],[-75.548592206232,10.4155724156458],[-75.5485682305678,10.4155441661789],[-75.5483804184564,10.4153588531768],[-75.5483610106224,10.4153430332566],[-75.5483444541362,10.4153283449032],[-75.5483102035081,10.4153012266989],[-75.54827595342,10.4152786288533],[-75.5482382785956,10.4152560314002],[-75.5480070858929,10.4150628125545],[-75.5479802562528,10.4150413439144],[-75.5479539976707,10.4150221344839],[-75.5479260271195,10.4150063173276],[-75.5479003406433,10.4149904990031],[-75.5478723694372,10.4149690304847],[-75.5478523885088,10.4149486911401],[-75.5477447424343,10.4148231041038],[-75.54770362389,10.4147603667724],[-75.5476830641311,10.414724758779],[-75.5476676432806,10.4146891501989],[-75.5476453691843,10.4146416722859],[-75.5476419400986,10.414614540991],[-75.547632591196,10.4145757862926],[-75.5476069026766,10.4145497971277],[-75.5475640904949,10.4145238099056],[-75.5475481094471,10.4145170302716],[-75.5475087220118,10.4145068648273],[-75.5474796126923,10.4144989574915],[-75.5474556370814,10.4144933079449],[-75.5474407960501,10.4144887910701],[-75.5474310872909,10.4144424584492],[-75.5474350798109,10.4144164650068],[-75.5474385025854,10.4143836928926],[-75.5474407810423,10.4143588297348],[-75.5474442022497,10.4143204071669],[-75.5474424841421,10.4142785931002],[-75.5474037955639,10.4142499859785],[-75.5474106458605,10.4142364193611],[-75.5473883733998,10.4142025072713],[-75.5473369863961,10.4142194703777],[-75.5471056866097,10.4137870851433],[-75.5471159608944,10.4137565608438],[-75.547491061703,10.4134275468546],[-75.5475544406698,10.4134224524753],[-75.5476349518027,10.4134394006307],[-75.547725747026,10.4135106109672],[-75.5479810154393,10.4138276833404],[-75.5480274974536,10.4138886459588],[-75.5480588870781,10.4138649095378],[-75.5480999800708,10.4138332613605],[-75.5481319412525,10.4138083974879],[-75.5485217550349,10.4135213092442],[-75.5485542873414,10.4134998319186],[-75.5485839657089,10.4134783585391],[-75.548614213377,10.4134444504756],[-75.5486296213894,10.4134173283047],[-75.5486393234921,10.4133913350828],[-75.5486827343826,10.4133288767708],[-75.5486729863434,10.4132730992759],[-75.548606172007,10.4131984949466],[-75.5482532532625,10.4127830820027],[-75.5480648016547,10.4125592673201],[-75.5480236861298,10.4125202702475],[-75.5479782509352,10.4125336718438],[-75.5479431823582,10.4125643684866],[-75.5478969361078,10.412594896938],[-75.5478678192162,10.4126237276916],[-75.5478421268471,10.4126406879372],[-75.5478061587122,10.4126746066604],[-75.5477650511058,10.4127034387748],[-75.5477145711569,10.412739378546],[-75.5474046640143,10.4129948151588],[-75.5473869713388,10.413009508339],[-75.5473527271647,10.4130355042951],[-75.547322477448,10.4130524581664],[-75.5472825239722,10.4130660228557],[-75.547259693302,10.4130728077801],[-75.5472374343301,10.4130795908303],[-75.5472043288508,10.4130886352801],[-75.5471415461278,10.4131055927898],[-75.5471112927563,10.4131067262742],[-75.5470359489633,10.4131067347131],[-75.5470171130151,10.4131067368201],[-75.546965171859,10.4131022231653],[-75.5469440514665,10.4130988352506],[-75.5468681358614,10.4130898020832],[-75.546826468735,10.4130841571708],[-75.5467578711786,10.413046089737],[-75.5467218967387,10.4130257449628],[-75.5467133367413,10.4130681391747],[-75.5466790769857,10.4130630557801],[-75.5466824944691,10.4129884432592],[-75.5466567985577,10.4129748802608],[-75.5466499564912,10.413061363274],[-75.5466071323251,10.4130596722806],[-75.5462953131176,10.4125170728282],[-75.5462987248088,10.4123898926614],[-75.5459218301805,10.4119880455856],[-75.5460416746033,10.4114267457252],[-75.5462009838763,10.4114708173557],[-75.546089693746,10.411935459696],[-75.5463449550472,10.4122152273417],[-75.5463432381061,10.4121796171875],[-75.5463655023312,10.4121423086707],[-75.546348365766,10.4120795685191],[-75.5463397962522,10.412037176194],[-75.546346646357,10.4120219138669],[-75.5463303293369,10.4119654220145],[-75.5463400302653,10.4119439483191],[-75.5463520135699,10.4119156956356],[-75.5463651394801,10.4118885711089],[-75.5463822577835,10.4118501461381],[-75.5463936710833,10.4118207634246],[-75.5464062252889,10.4117936398629],[-75.5464319049594,10.4117518236755],[-75.5464518801346,10.4117235673966],[-75.5464758482043,10.4116885337475],[-75.5464838386925,10.4116761009632],[-75.5464935389664,10.4116489786163],[-75.5465347401321,10.4116168019657],[-75.5466352067212,10.4113816495484],[-75.5465286194447,10.4113485003657],[-75.5470431352022,10.4102058975207],[-75.5471223153917,10.4102420642423],[-75.5470522918998,10.4103897890792],[-75.5470583861563,10.4104229493546],[-75.546811786424,10.4109897277608],[-75.5468787837667,10.4110078081002],[-75.5469336066741,10.4110831677989],[-75.5470036499728,10.4111072770369],[-75.5472289988782,10.411116295668],[-75.5475151776541,10.410477161284],[-75.5475760855042,10.410504286066],[-75.5474969327308,10.4107062754173],[-75.5475121606619,10.4107213468536],[-75.547475630698,10.4108328923914],[-75.5474786769819,10.4108419359435],[-75.5475273875481,10.4107273743921],[-75.5475608862108,10.4107364144889],[-75.5476552658301,10.4105404526548],[-75.5477192192914,10.4105705916951],[-75.5476339761172,10.4107725817735],[-75.5476583401233,10.410790666796],[-75.5476187642645,10.4108961834313],[-75.5476279013818,10.4109082409219],[-75.5476827009792,10.4107816201254],[-75.5477009741613,10.4107966912059],[-75.5478714642004,10.4104258719462],[-75.5479323717184,10.410449982028],[-75.5478014652718,10.410781606578],[-75.5480085517241,10.4108690071895],[-75.5481516382216,10.4105313518877],[-75.5482719740828,10.4105831001612]]]},"properties":{"FID":135,"CODIGO":"1750","NOMBRE":"BOCAGRANDE","UCG":1,"LOC":"LH","ZONA":"UCG 1","Shape__Area":1278690.2392578125,"Shape__Length":8719.1262959861433}},{"type":"Feature","id":136,"geometry":{"type":"Polygon","coordinates":[[[-75.5494131784607,10.4283172014926],[-75.549374524469,10.4282570418455],[-75.5483032822367,10.4289335764735],[-75.548307979273,10.4287644406366],[-75.5483079304814,10.4283523727261],[-75.5484340820982,10.4268073431528],[-75.5484655103556,10.4262092215056],[-75.5487259085146,10.4252080223255],[-75.5471643385712,10.425689904162],[-75.5470028882466,10.4250760479849],[-75.5473843448865,10.4248902745288],[-75.5472288370906,10.424636665101],[-75.5486710465398,10.4232854637634],[-75.5487468060751,10.4229601774757],[-75.548669598991,10.4228624586782],[-75.5477410291872,10.4219684434517],[-75.5480488025642,10.4216936777411],[-75.5484878476414,10.4220632641767],[-75.5485424420599,10.4220069493108],[-75.548647155938,10.4218985430931],[-75.5491101520241,10.4222681406211],[-75.5491386881534,10.4222331043723],[-75.5491563806739,10.4222059801106],[-75.5491729296128,10.4221788542477],[-75.5491906211136,10.4221505996771],[-75.5492100243621,10.4221178265666],[-75.5492322809065,10.4220782689585],[-75.5492494016305,10.4220500164774],[-75.5492739415037,10.4220127206556],[-75.5492904920033,10.4219889868649],[-75.5493270171778,10.4219381285301],[-75.5493732436041,10.421868057284],[-75.549566144133,10.4216182834904],[-75.5497795205737,10.4212339247134],[-75.5504404449034,10.4204396236617],[-75.55058829744,10.4204021813734],[-75.5506048474714,10.4203761871879],[-75.5506202559661,10.4203524552031],[-75.5506345230745,10.4203298507723],[-75.5506470780346,10.4203083783057],[-75.5506704762223,10.4202722125324],[-75.5507292571951,10.4201817980563],[-75.5507498029977,10.4201501521225],[-75.5507703470356,10.4201207673806],[-75.5507914634291,10.4200947726206],[-75.5508188564995,10.4200529559628],[-75.5508365483235,10.4200224412624],[-75.5510094681238,10.4197771911486],[-75.5515798416721,10.4190443675592],[-75.5516155556824,10.4189984817957],[-75.5516239935309,10.4189973222196],[-75.5517801606828,10.4190704577254],[-75.5518078914263,10.4190850591645],[-75.5518622440494,10.4189677317319],[-75.552083839067,10.4187973022209],[-75.5523058347913,10.4187810891996],[-75.5524953901828,10.4188117697592],[-75.5526264134168,10.4188118886855],[-75.5529093938668,10.4189378643606],[-75.5532544951737,10.4189378192078],[-75.5535048953102,10.4191789324542],[-75.5529364936129,10.4191857055782],[-75.5530651136166,10.4195809006719],[-75.5533087869812,10.4201167492196],[-75.553883993537,10.4203779147681],[-75.5539449214346,10.4205788618192],[-75.5537825436179,10.4207530446209],[-75.5539044442043,10.4214831655127],[-75.5545202681595,10.4218448020433],[-75.5544593987833,10.4220725594616],[-75.5541346034828,10.4221395882571],[-75.5546829006423,10.4235060092516],[-75.5547173787857,10.4238198456908],[-75.5547452241615,10.4240733070537],[-75.5547389517563,10.4241207697956],[-75.5547332483955,10.4241546733013],[-75.5547269744185,10.4241908387579],[-75.5547172757808,10.4242270028679],[-75.5547081482268,10.4242642972323],[-75.5546967378608,10.4242993315436],[-75.5546853253479,10.4243321057937],[-75.5546761966983,10.4243637484941],[-75.5546670683521,10.4243953924024],[-75.5546567984585,10.4244292962245],[-75.5546459577898,10.4244643307583],[-75.5546328352313,10.4244993662057],[-75.5546060162807,10.4245705653946],[-75.5545928924926,10.4246055999341],[-75.5545797683888,10.4246383735057],[-75.5545672147434,10.4246677584182],[-75.5545478145871,10.4247197442644],[-75.5545386849753,10.4247446082874],[-75.5545284132038,10.4247717310156],[-75.5545055902285,10.4248327599833],[-75.554492466255,10.4248644023122],[-75.5544781993473,10.4248949174831],[-75.5544622219378,10.4249265632173],[-75.5544456734385,10.4249570777891],[-75.5544285521617,10.4249830723152],[-75.5543720528406,10.4250621844971],[-75.5543372408556,10.4251141742214],[-75.5543104183498,10.4251537316233],[-75.5542887317516,10.4251842471811],[-75.5542756055733,10.4252023294368],[-75.5542510652345,10.4252351063433],[-75.5541877164816,10.4253142209238],[-75.5541700248385,10.4253379554513],[-75.5541534744447,10.4253616895226],[-75.5541363537319,10.4253876837305],[-75.5541169509715,10.4254148067638],[-75.5540964048239,10.4254441927287],[-75.5540752877372,10.4254713187079],[-75.554054172323,10.4254973134467],[-75.5540330544567,10.4255187871561],[-75.5540107967064,10.4255391318925],[-75.5539873960206,10.4255583473538],[-75.5539594294081,10.4255798219743],[-75.5538019033725,10.4257064130501],[-75.553781356403,10.425723367149],[-75.5537608097364,10.4257403209445],[-75.553671773087,10.4258126586549],[-75.5536529382885,10.4258273533635],[-75.5536152689908,10.4258567397566],[-75.5535764579748,10.4258872581393],[-75.5535285143252,10.425925687637],[-75.5534897040551,10.4259550750724],[-75.5534611662884,10.4259754193921],[-75.5534097983917,10.426010459837],[-75.5533829723455,10.4260274147387],[-75.5533144805753,10.4260658451007],[-75.5532499824223,10.4260986280935],[-75.5532282941466,10.4261110618829],[-75.5531843446777,10.426132539441],[-75.5531506693999,10.4261506252524],[-75.5531278386411,10.4261630591847],[-75.5530941633566,10.426181144084],[-75.5530713325935,10.4261935789185],[-75.5530485028947,10.4262071422714],[-75.5530039821546,10.4262331400012],[-75.5529451934129,10.4262670513106],[-75.552913230295,10.4262851368735],[-75.552877271258,10.4263009619868],[-75.5528504450128,10.4263145264503],[-75.5528219065718,10.4263303524035],[-75.5527916565391,10.4263506980943],[-75.5527596938531,10.4263721728269],[-75.5527134614755,10.4264026923706],[-75.5526740803043,10.4264264293265],[-75.5526535320184,10.426438862929],[-75.552632985107,10.4264501646871],[-75.5526124369673,10.4264637301298],[-75.5525816150595,10.4264840758747],[-75.5525393796417,10.4265134627312],[-75.5525079878552,10.426534938573],[-75.5524880113969,10.4265496321519],[-75.5524577617676,10.4265733688085],[-75.5524269399796,10.4265971046297],[-75.5523670125384,10.4266468364053],[-75.5523042308634,10.4266976976605],[-75.5522836828323,10.4267146516629],[-75.5522420181231,10.4267474306123],[-75.5522037776389,10.4267790769725],[-75.5521495567394,10.4268242884579],[-75.552078213374,10.426886452579],[-75.5520502469538,10.4269113171229],[-75.5520222802243,10.4269361834769],[-75.5519714827509,10.4269791326217],[-75.5519486530601,10.4270006073169],[-75.551926395216,10.4270220825418],[-75.5519041364417,10.4270458172219],[-75.551880736699,10.4270718124084],[-75.5518573369404,10.4271000667478],[-75.5518327960658,10.4271294530732],[-75.5518076840933,10.4271599685934],[-75.5517797186516,10.4271927448365],[-75.5517517530577,10.4272243901404],[-75.5515257348983,10.4274063629723],[-75.5514960568038,10.4274312297976],[-75.5514709425521,10.4274515744137],[-75.5514486835826,10.4274719189706],[-75.551426424465,10.4274911331934],[-75.5514047358297,10.4275092173127],[-75.5513636416975,10.4275431251993],[-75.5513145570016,10.4275849436913],[-75.5512671841833,10.4276267640757],[-75.5512220967802,10.4276674529285],[-75.5511992666995,10.4276866672068],[-75.551176436777,10.4277047514532],[-75.5511541761175,10.4277217055964],[-75.5511307763138,10.4277409199411],[-75.5511056618696,10.4277601348],[-75.5510794070769,10.427779349497],[-75.5510514396356,10.4277974334687],[-75.5510206169027,10.4278155196059],[-75.5509903669509,10.4278313447018],[-75.5509606864059,10.4278471688179],[-75.5509327186653,10.427862994531],[-75.5508946217517,10.4278810797471],[-75.550871790491,10.4278912543634],[-75.550836401959,10.4279059488435],[-75.550814141916,10.4279183825393],[-75.5507913110783,10.4279319475429],[-75.5507348044632,10.4279647269233],[-75.5501902904599,10.4282925188797],[-75.5501286460138,10.4283286903804],[-75.5500995367354,10.4283479044378],[-75.5500755657433,10.4283659896502],[-75.5500030787112,10.4284247621448],[-75.5499819607261,10.4284417169736],[-75.5499597014497,10.4284609323021],[-75.5499363007157,10.4284835360459],[-75.5499134709152,10.4285061394167],[-75.5498912123276,10.428531005194],[-75.5498700960813,10.428554739593],[-75.5498501198484,10.4285807330073],[-75.5498324279712,10.4286067282588],[-75.5498164484311,10.4286338515205],[-75.5497993277369,10.4286643677287],[-75.5497816362409,10.4286960104102],[-75.5497622322618,10.4287253962573],[-75.5497388321888,10.428753651044],[-75.5494131784607,10.4283172014926]]]},"properties":{"FID":136,"CODIGO":"1200","NOMBRE":"CENTRO","UCG":1,"LOC":"LH","ZONA":"UCG 1","Shape__Area":550654.2255859375,"Shape__Length":3850.3638734407555}},{"type":"Feature","id":137,"geometry":{"type":"Polygon","coordinates":[[[-75.4754111804841,10.4123034153041],[-75.474079163717,10.4117943751718],[-75.4740084009119,10.4120324466732],[-75.4737607728561,10.4125085772281],[-75.4735909884789,10.4126836159339],[-75.4734141405491,10.4127746255849],[-75.4731311885761,10.4128796272269],[-75.4727987177315,10.4130196344017],[-75.4727492024699,10.4130266308028],[-75.4725652849268,10.4130826274132],[-75.4723672186073,10.4131526268893],[-75.4719781574459,10.413306631026],[-75.4716103243446,10.4133976162201],[-75.4713486390014,10.4133888022554],[-75.4713671521958,10.4123927431862],[-75.4712586135552,10.4109306246053],[-75.4715704551162,10.41072385978],[-75.4718861616928,10.4095543156464],[-75.472559846763,10.406527857121],[-75.4726910558011,10.4057597541627],[-75.4735899431993,10.402176288183],[-75.4735899508345,10.4021762577447],[-75.4736118457386,10.4021160485898],[-75.4743581215062,10.4024821524609],[-75.4748614236211,10.4027817306008],[-75.4749985734074,10.404047480861],[-75.4759651148103,10.4053055937075],[-75.4763951186124,10.4058976938947],[-75.4765058300014,10.4061576912108],[-75.4766162507808,10.4067224719195],[-75.4766369250664,10.4070824486934],[-75.4765744369693,10.4073975404058],[-75.476274279429,10.4086169442581],[-75.4761155625339,10.4089732416322],[-75.4757218522616,10.4117918369194],[-75.4756279448879,10.4118886194109],[-75.4754111804841,10.4123034153041]]]},"properties":{"FID":137,"CODIGO":"2300","NOMBRE":"FREDONIA","UCG":6,"LOC":"LV","ZONA":"UCG 6","Shape__Area":455970.8251953125,"Shape__Length":3174.317002351615}},{"type":"Feature","id":138,"geometry":{"type":"Polygon","coordinates":[[[-75.5115617633464,10.4524697203892],[-75.5120551570212,10.4404243901905],[-75.5137297030654,10.4406223376842],[-75.5142563629121,10.4409506083902],[-75.5147958338259,10.4411264564269],[-75.5147525045943,10.4412701422028],[-75.5148045018961,10.4412915871872],[-75.5150388435004,10.4413869296104],[-75.5152406139615,10.4415147685085],[-75.515373367165,10.4415428247833],[-75.5157030713681,10.4416966201198],[-75.5158773982132,10.4418016516322],[-75.5162563700272,10.4420304699651],[-75.5166391322123,10.4422667902096],[-75.517025684665,10.4425031099226],[-75.5174313101636,10.4426799987201],[-75.517950376309,10.4428444522609],[-75.518190184545,10.4430005338855],[-75.5187921837256,10.4429906686337],[-75.5199745672093,10.4429224867126],[-75.5201298657893,10.4429148223601],[-75.5212353771782,10.4428565358977],[-75.5214459922501,10.4428459490023],[-75.5237454313376,10.4425645314825],[-75.5253530661946,10.4422775603083],[-75.5259186475548,10.4421131456879],[-75.5259443562538,10.4421434671005],[-75.5260064196309,10.4421856301428],[-75.5260446136003,10.4422350642675],[-75.5261139151231,10.442529500206],[-75.526089035673,10.4426303703927],[-75.5263682436772,10.4430763739501],[-75.5255189994507,10.4437885393042],[-75.5234999261596,10.4452242532428],[-75.5234433346264,10.4452644937128],[-75.5201105432651,10.4478883692903],[-75.5192822053623,10.4483899934513],[-75.517615786116,10.449875545176],[-75.5174208901035,10.450444674455],[-75.5169238757013,10.4504543299391],[-75.5149509672164,10.4524428071782],[-75.5132781687394,10.4539353336934],[-75.5115114749136,10.4555752420263],[-75.5114797202804,10.4551905675188],[-75.5115617633464,10.4524697203892]]]},"properties":{"FID":138,"CODIGO":"0050","NOMBRE":"CRESPO","UCG":1,"LOC":"LH","ZONA":"UCG 1","Shape__Area":1247676.451171875,"Shape__Length":5682.6113466366633}},{"type":"Feature","id":139,"geometry":{"type":"Polygon","coordinates":[[[-75.4865916756343,10.3793203169219],[-75.4866661328726,10.3788458245796],[-75.4867890653952,10.3783781595272],[-75.4870949262688,10.3771040659867],[-75.4866960472882,10.3769655177246],[-75.4866950688022,10.3766526614975],[-75.486601857846,10.3766379167644],[-75.4867767213386,10.3754815825362],[-75.4868621928457,10.3754851136695],[-75.4872852010757,10.3754441863333],[-75.4876655879372,10.3753813925038],[-75.4884789949409,10.3752651563089],[-75.4885989246418,10.374415561296],[-75.4893498331029,10.3745221030354],[-75.4893486634485,10.3743047560996],[-75.4893236445445,10.3737782362883],[-75.4893158442805,10.3736140812446],[-75.4893400176096,10.3729053520497],[-75.4894725608793,10.3722294580346],[-75.4889444807194,10.3721383793265],[-75.4882640401097,10.3717403453993],[-75.4878358205929,10.3715160733982],[-75.4873243296041,10.3712385551801],[-75.4867818093443,10.3718900625879],[-75.4871046885031,10.3720626167009],[-75.4869302082262,10.3724647970751],[-75.4867283102404,10.3732403812092],[-75.4862679513567,10.3731471481446],[-75.4858252023795,10.3730399926867],[-75.4854878291598,10.3729188242733],[-75.4854472224206,10.3728917491911],[-75.4850755072814,10.3727713227684],[-75.4844364082088,10.3724640819142],[-75.4838860271546,10.3722103354915],[-75.4834929282549,10.3720932471146],[-75.4834456371986,10.3720903166655],[-75.4834101661317,10.3721195772809],[-75.4829357781178,10.3720858826734],[-75.4824850327933,10.3720858427123],[-75.4821847889473,10.3721306106569],[-75.4823713000674,10.3718748007509],[-75.48288748716,10.3712348674872],[-75.4836297116501,10.3703355582436],[-75.4836819838441,10.3703043892913],[-75.4839585805323,10.3700207636347],[-75.4843620801032,10.3701666417711],[-75.4846805345325,10.3702487989713],[-75.4847945016965,10.3700603849501],[-75.4849227523573,10.3698448576089],[-75.4856033049886,10.370208423821],[-75.4856324746806,10.3702169390878],[-75.4860440700979,10.3694935910936],[-75.4859456695572,10.369363670146],[-75.4858651577101,10.3692868969002],[-75.4857250036699,10.3692012611921],[-75.4856504521412,10.3691746821135],[-75.4855166875618,10.3691331881608],[-75.4854089030611,10.3691156113531],[-75.4853490879146,10.3690996010229],[-75.48524787104,10.3690683572161],[-75.4849854552052,10.3689118495266],[-75.4849067054042,10.3688694232501],[-75.4849170185492,10.3688503482952],[-75.4852123694652,10.3683876970081],[-75.4855871931411,10.367790786881],[-75.485661608445,10.3678263170962],[-75.4858740654826,10.3679571684665],[-75.4863367300204,10.3672433716739],[-75.4859844685355,10.3669101187918],[-75.4861502796538,10.3669113762836],[-75.486131744101,10.36680121155],[-75.4860844937671,10.3666917078437],[-75.4866324600063,10.3665503227076],[-75.4867413369372,10.3667269118504],[-75.4869898759521,10.3666917772973],[-75.4875402142202,10.3665863581724],[-75.488339093345,10.3664106491411],[-75.4894220126473,10.3662349574873],[-75.4910447302172,10.3658017470996],[-75.4918927851361,10.3669282559102],[-75.4925477859726,10.3678840760207],[-75.4929841755052,10.3683255166185],[-75.4933440198099,10.3688645653309],[-75.4935081510841,10.3691257918723],[-75.4937130922602,10.3694157955617],[-75.4939099316843,10.3697051152881],[-75.4941306156457,10.3700900020538],[-75.4944758449584,10.3705761177952],[-75.4952540104562,10.3711882744048],[-75.4955708162691,10.3713892836248],[-75.4957861145438,10.3716664216354],[-75.495893757385,10.3719374636703],[-75.4959121958649,10.372284635388],[-75.4958372481905,10.3728963333949],[-75.4957337645082,10.3728876077619],[-75.4943271571725,10.372817823368],[-75.4933277990101,10.3726757497357],[-75.4930950019583,10.3735144069786],[-75.4930639439627,10.3736262938356],[-75.4926499471869,10.3753299766064],[-75.4935077054912,10.3755593577499],[-75.4934171983378,10.376000101627],[-75.4930624433884,10.3771109122326],[-75.4926859748521,10.378139304671],[-75.4924434490239,10.3786660391643],[-75.4921632389789,10.3785461313551],[-75.492144152401,10.3785792700636],[-75.4919696452804,10.3789691354684],[-75.4919433829265,10.3790517360878],[-75.491506008706,10.3798515076998],[-75.4912047733036,10.3796281517812],[-75.4908294605532,10.3792985966799],[-75.4906547850369,10.3791747190953],[-75.4902287058612,10.3790265223474],[-75.4897436051324,10.3790694898717],[-75.4896515412608,10.3790835063248],[-75.489585340618,10.3791198857327],[-75.4894690168,10.3792521599639],[-75.4890169396286,10.3799082769459],[-75.4881095691521,10.3799252626364],[-75.4879308975887,10.3799191598918],[-75.4864934001824,10.3798390152905],[-75.4865916756343,10.3793203169219]]]},"properties":{"FID":139,"CODIGO":"6350","NOMBRE":"SAN PEDRO MARTIR","UCG":15,"LOC":"LI","ZONA":"UCG 15","Shape__Area":1163684.3076171875,"Shape__Length":6877.7315464033827}},{"type":"Feature","id":140,"geometry":{"type":"Polygon","coordinates":[[[-75.4684486173305,10.4123328534097],[-75.4684542809053,10.411436046846],[-75.4685696294963,10.4094983777789],[-75.468652793953,10.4080078492177],[-75.4687415090674,10.4067282857832],[-75.4687247170473,10.4066658832298],[-75.4687605707196,10.4062507369879],[-75.4688037645077,10.4055543013427],[-75.4688601683969,10.4046448675917],[-75.4689153094314,10.4037557902878],[-75.4689268750035,10.4034747676997],[-75.4689375583407,10.4033027464092],[-75.4689624091237,10.4030201612456],[-75.4689946115169,10.4025134435389],[-75.4692668455413,10.4024996979344],[-75.469296875548,10.4016151335103],[-75.4693198440095,10.4010498408598],[-75.4693597872742,10.4003443274105],[-75.4694742914229,10.4003926709998],[-75.4720932481244,10.4014815321926],[-75.4736118457386,10.4021160485898],[-75.4735899508345,10.4021762577447],[-75.4735899431993,10.402176288183],[-75.4726910558011,10.4057597541627],[-75.472559846763,10.406527857121],[-75.4718861616928,10.4095543156464],[-75.4715704551162,10.41072385978],[-75.4712586135552,10.4109306246053],[-75.4713671521959,10.4123927431862],[-75.4713486390014,10.4133888022554],[-75.4711929899484,10.4133835596542],[-75.4706907700482,10.4133975011898],[-75.470414895569,10.4134604872566],[-75.4701319529822,10.4134814581176],[-75.4702805758578,10.4128722732504],[-75.4701251370926,10.4128012915595],[-75.4697976653729,10.4128366137903],[-75.4694880648265,10.4128012091966],[-75.4691486969925,10.412748118191],[-75.4685414767913,10.4128781998355],[-75.4684486173305,10.4123328534097]]]},"properties":{"FID":140,"CODIGO":"2350","NOMBRE":"NUEVO PARAISO","UCG":6,"LOC":"LV","ZONA":"UCG 6","Shape__Area":546506.26171875,"Shape__Length":3691.1972772152085}},{"type":"Feature","id":141,"geometry":{"type":"Polygon","coordinates":[[[-75.5615087993869,10.3952425678755],[-75.5614614253711,10.3952391832178],[-75.561423184871,10.395239189207],[-75.5613838037652,10.3952448449254],[-75.5613638277449,10.3952471091377],[-75.5613010459132,10.3952538995004],[-75.5612765036816,10.3952550343284],[-75.5612485378401,10.3952561678805],[-75.5612217116799,10.3952573030607],[-75.561194886073,10.3952561762466],[-75.5611418059728,10.3952561845147],[-75.5611161227872,10.3952550593243],[-75.5610904379546,10.39525506332],[-75.561064183102,10.3952539364062],[-75.5610379287872,10.3952562006699],[-75.5609648712318,10.3952494314605],[-75.5609214930529,10.3952437886316],[-75.5608798266009,10.395234754352],[-75.5608324524359,10.3952245917622],[-75.5608124755206,10.3952212018646],[-75.5607673849089,10.3952144282836],[-75.5607262892191,10.3952053957039],[-75.560705741553,10.395202009504],[-75.560659509641,10.3951907148124],[-75.5606412451687,10.395188457444],[-75.5606269748813,10.3951850693674],[-75.5605824552099,10.3951794266684],[-75.5605362233053,10.3951681310549],[-75.5604922738327,10.3951647484395],[-75.5604711563034,10.3951670118674],[-75.5604095165053,10.3951771912519],[-75.560361575144,10.3951896287093],[-75.5603473071861,10.3951952822591],[-75.5603102103164,10.3952088499472],[-75.5602719715833,10.395220157622],[-75.5602371566645,10.3952269425931],[-75.5602011997083,10.3952303374592],[-75.5601669548368,10.3952326037761],[-75.5601173001753,10.3952326113518],[-75.5600984643889,10.3952326142235],[-75.5600550869297,10.3952314907407],[-75.5600248380706,10.3952326254379],[-75.5599905919334,10.3952326306484],[-75.559954634273,10.3952315060235],[-75.5599158224939,10.3952281216441],[-75.5598775811195,10.3952224769897],[-75.5598399103252,10.3952157021523],[-75.5598039514441,10.3952066659632],[-75.5597674218116,10.3951976307606],[-75.5597337456005,10.3951863349383],[-75.5597034939137,10.3951750394987],[-75.5596526947508,10.3951614869766],[-75.5596264386921,10.3951524483978],[-75.559585913622,10.3951422845897],[-75.5595431055402,10.3951321202164],[-75.5595008682147,10.3951219557515],[-75.5594734706567,10.3951129182361],[-75.5594426489262,10.3951061423211],[-75.559394132453,10.3950903292308],[-75.5593667357666,10.3950869430698],[-75.559333630854,10.3950790373952],[-75.5593182201647,10.3950767795233],[-75.5592816912522,10.3950722646327],[-75.5592474460453,10.3950722697636],[-75.5591966496785,10.3950767977353],[-75.5591270170676,10.3950722877782],[-75.5590927718606,10.3950722928927],[-75.5590613816781,10.3950745577613],[-75.5590180048774,10.3950836049654],[-75.5589917519354,10.3950949088928],[-75.558958651151,10.3951141253851],[-75.5589421015295,10.3951288190435],[-75.5589004421781,10.3951661191782],[-75.558883322882,10.3951819421061],[-75.5588564998017,10.3952034178385],[-75.5588273946164,10.3952248957156],[-75.5587954358288,10.3952475004891],[-75.5587651884434,10.3952644563542],[-75.5587258074561,10.3952712427424],[-75.5587098265795,10.395266725646],[-75.5586875628542,10.3952441271042],[-75.5586664417232,10.3952226584836],[-75.558640754054,10.3951977993571],[-75.5586082171749,10.395171812053],[-75.5585819598447,10.3951480849059],[-75.5585459963498,10.3951141865538],[-75.5585362929219,10.3951040180625],[-75.5585071786484,10.3950712487871],[-75.5584752106779,10.395032831278],[-75.5584546599893,10.3950091023751],[-75.5584204081697,10.3949650338329],[-75.5584129874238,10.3949526030097],[-75.5584004241711,10.3949141808282],[-75.5583929964078,10.3948610685035],[-75.5583889982531,10.3948418584325],[-75.5583798580649,10.394787614459],[-75.5583655797482,10.3947243314089],[-75.5583575837851,10.3946881705457],[-75.5583484468267,10.3946553992217],[-75.558350153323,10.394616975844],[-75.5583530011546,10.3945774222065],[-75.5583552794194,10.3945457792964],[-75.5583564163483,10.394515266646],[-75.5583592651952,10.3944824935599],[-75.5583615404075,10.3944305080903],[-75.5583569704911,10.3944045166465],[-75.5583392695475,10.3943536642045],[-75.5583249960015,10.3943220246298],[-75.5583095816315,10.3942949046859],[-75.5582827510398,10.3942598766769],[-75.5582639128412,10.3942372757929],[-75.5582467875779,10.3942191986409],[-75.5582222410208,10.3941909490355],[-75.5581976949751,10.3941660915122],[-75.5581754333599,10.3941446230245],[-75.5581520289241,10.3941265449785],[-75.5581172105385,10.394109597788],[-75.5580749741406,10.3940983039457],[-75.5580264573141,10.3940847490225],[-75.558005909413,10.3940791006568],[-75.5579499723906,10.3940565087806],[-75.5578911814502,10.3940327845056],[-75.5578734873129,10.3940271375241],[-75.5578278253446,10.3940147131515],[-75.5577941494966,10.3940045472158],[-75.5577564780556,10.3939921216724],[-75.5576959758007,10.3939683985139],[-75.5576451743354,10.3939435429436],[-75.5575920887854,10.3939051274951],[-75.557554988782,10.3938972231174],[-75.5575344360725,10.3938588029572],[-75.5575549802858,10.393839588425],[-75.5576485856566,10.3938542660834],[-75.5577005267717,10.3938666886678],[-75.5577353425223,10.39387233408],[-75.5577598862428,10.3938757216993],[-75.55781239026,10.3938474608707],[-75.5578397831348,10.3938259860452],[-75.557877449862,10.3938067680988],[-75.5579710445529,10.3937434693144],[-75.5580121320671,10.3936993897327],[-75.5580503677647,10.3936745230309],[-75.5580994479616,10.3936451334672],[-75.5581650789103,10.3936089609215],[-75.5582278530481,10.3935524471242],[-75.5582843504296,10.3935061050642],[-75.5583254387156,10.3934676759022],[-75.5583733731152,10.3934100332594],[-75.5584116067779,10.3933659549497],[-75.5584544057525,10.3933173546907],[-75.5584857896039,10.393261974652],[-75.5585223104723,10.3932145063051],[-75.5585805093811,10.3931037477894],[-75.5586033303481,10.3930438504428],[-75.5586227200529,10.392933099458],[-75.5586341201537,10.3928404293178],[-75.5586415286442,10.3927658421445],[-75.5586540719977,10.3926788231982],[-75.5586580555193,10.3926011436942],[-75.5586660356006,10.3925322077993],[-75.5586688816689,10.3924813523292],[-75.5586768614035,10.3924101553453],[-75.5586791341616,10.3923423503858],[-75.5586848343095,10.3922937546769],[-75.5586996665995,10.3922462886122],[-75.5587184989633,10.3922248149776],[-75.5587595996755,10.3922700125736],[-75.5587687424177,10.3923412052141],[-75.5587784529484,10.3923988402806],[-75.5587813174629,10.3924700356591],[-75.5587898892963,10.3925401000988],[-75.5587921806716,10.392595474272],[-75.5588076006444,10.3926598854262],[-75.5588292968112,10.3927107372548],[-75.5588441419393,10.3927480280899],[-75.5588795357592,10.3927966176964],[-75.5589172115588,10.3928384255029],[-75.558949178501,10.3928711934177],[-75.5589976952962,10.3928915269474],[-75.5590696133447,10.3929152490636],[-75.5591289738798,10.3929321915832],[-75.5591780595492,10.3929400948917],[-75.5592231496287,10.3929457386066],[-75.5592847914974,10.3929457293747],[-75.5593475688863,10.3929185977509],[-75.5593743927297,10.3929095529881],[-75.5594029276073,10.3928925964174],[-75.559427466716,10.3928722519767],[-75.5594485785508,10.3928338256722],[-75.5594765362952,10.3927694053144],[-75.5595039241018,10.3927162868647],[-75.5595261742444,10.3926631700904],[-75.5595392948723,10.3926202246146],[-75.5595564145619,10.3926021405616],[-75.5595786727284,10.3925953566539],[-75.5595895251308,10.3926484684416],[-75.5595764039873,10.3926880245472],[-75.5595695600383,10.3927207973453],[-75.5595672843416,10.3927682624598],[-75.5595541670571,10.3928270283208],[-75.5595564548759,10.3928643219186],[-75.5595713013142,10.3929095233636],[-75.5595827196081,10.3929309933913],[-75.5596084096007,10.3929716728309],[-75.5596312442849,10.3930021809666],[-75.5596535075275,10.3930281697227],[-75.559692894487,10.3930620665341],[-75.559736846274,10.3930824015454],[-75.5597899270161,10.3930948254279],[-75.559825884082,10.3930936889845],[-75.5598470013022,10.3930902964114],[-75.5598949397393,10.3930609058421],[-75.5599217602523,10.3930303901891],[-75.5599383093675,10.3930134362949],[-75.5599845365874,10.3929908274285],[-75.5600022301777,10.3929930849219],[-75.560041615766,10.3930179400502],[-75.5600553155148,10.393029239789],[-75.560091276086,10.3930507051564],[-75.5601141081864,10.3930642636852],[-75.560158061232,10.3930925083787],[-75.5601774681019,10.3931071975176],[-75.5601997305162,10.3931275339672],[-75.5602254174659,10.393142223048],[-75.5602687924899,10.3931354358653],[-75.5602944742956,10.3931230000201],[-75.560317872394,10.3931060459625],[-75.5603406993865,10.3930868290943],[-75.5603606726275,10.393067615374],[-75.560375509295,10.3930495325317],[-75.5603960499222,10.3930088460692],[-75.5604137389182,10.3929817211473],[-75.5604388494253,10.3929658960061],[-75.5604867922156,10.3929647576491],[-75.5605010618419,10.3929704068212],[-75.5605375933637,10.3929930030468],[-75.5605632813821,10.3930144708447],[-75.5606083744892,10.3930449763893],[-75.5606334883666,10.3930506220771],[-75.5606608847107,10.3930528771351],[-75.5606911351842,10.3930517441865],[-75.5607202419753,10.3930483494195],[-75.5607482080012,10.3930438238298],[-75.5607744615993,10.3930381702184],[-75.5607995736966,10.3930325149731],[-75.5608212614732,10.3930279912516],[-75.5608817561235,10.3929974703092],[-75.5609085792142,10.3929839041462],[-75.5609319838815,10.3930087634484],[-75.5609371258117,10.3930415335123],[-75.5609394148882,10.3930799580949],[-75.5609417057526,10.3931296817892],[-75.5609417084339,10.3931466331693],[-75.5609434285684,10.3931907055877],[-75.5609462885563,10.3932359097294],[-75.5609559991946,10.3932799818125],[-75.5609794067311,10.3933285721386],[-75.5610073794008,10.3933658599298],[-75.5610941492309,10.393465295449],[-75.5611215495612,10.3934924124909],[-75.5611677850259,10.3935217885897],[-75.5612140196004,10.3935455133177],[-75.561286510154,10.3935782737732],[-75.561308200302,10.3935884412144],[-75.5613504367577,10.3935940850751],[-75.5613669892622,10.3935929523954],[-75.5614229213807,10.393589554273],[-75.5614503175967,10.3935906800752],[-75.5614799969964,10.3935929347053],[-75.5615136729176,10.393603100254],[-75.5615507742505,10.3936189166255],[-75.5615873057417,10.3936403826381],[-75.5616004348217,10.3936516796877],[-75.5616204147256,10.3936742792921],[-75.561646103048,10.3937025275536],[-75.5616757869947,10.3937330344643],[-75.5616906283351,10.3937443330488],[-75.561722022728,10.3937635414784],[-75.5617551302908,10.3937827478267],[-75.5617842409553,10.3938030848938],[-75.5618213435987,10.3938268109732],[-75.5618675773564,10.3938448842424],[-75.5619263689227,10.3938708670675],[-75.5619537657122,10.3938753840065],[-75.5619840144332,10.39386859686],[-75.5620199703003,10.3938539008751],[-75.5620416566541,10.3938459867954],[-75.5620884555078,10.3938233775366],[-75.5621032926612,10.3938143344472],[-75.5621381061008,10.3937996377262],[-75.5621729233844,10.3938086738362],[-75.5621951863438,10.3938312721376],[-75.5622145972005,10.3938640417186],[-75.5622317263397,10.3939047214009],[-75.5622397192427,10.3939194122289],[-75.5622785374923,10.3939634787332],[-75.5623122175147,10.39399285576],[-75.5623407584017,10.3940188424224],[-75.5623818587647,10.3940572598984],[-75.5624223876495,10.3940911561885],[-75.5624435076703,10.3941047148231],[-75.5624566358797,10.3941103631856],[-75.5624988737158,10.3941239166338],[-75.5625393970864,10.3941239101517],[-75.5625856266813,10.394115993011],[-75.5626095969585,10.3941080776232],[-75.5626395593908,10.3940846359085],[-75.5626694622043,10.3940589708104],[-75.562696910847,10.394034608548],[-75.5627117446602,10.3940052228721],[-75.5627379934736,10.3939645362506],[-75.5627534017367,10.3939577532234],[-75.5627882168301,10.3939532272593],[-75.5628093400102,10.3939859956243],[-75.5628007833609,10.3940085997435],[-75.5631099463764,10.3941822196808],[-75.5650637669055,10.397076128663],[-75.5652267110307,10.3972611424679],[-75.5652184904181,10.397357495468],[-75.5651928084639,10.3973699308009],[-75.5651682682167,10.3973834960311],[-75.5651226118741,10.397408364823],[-75.5650940770925,10.3974264519898],[-75.5650752451332,10.3974388861621],[-75.5650518456714,10.3974535812835],[-75.5650273056052,10.3974682765945],[-75.5649987704256,10.3974841026656],[-75.5649337119067,10.3975247959678],[-75.5649011814643,10.3975462731578],[-75.5648583796384,10.3975756636087],[-75.5647944626487,10.3976220080539],[-75.564762504243,10.3976457453175],[-75.5647322579144,10.3976683522005],[-75.5646814671721,10.3977079138819],[-75.5646426609952,10.3977395620128],[-75.564618122424,10.3977632989296],[-75.5646078508871,10.3977757316483],[-75.5645941565268,10.3977983348573],[-75.5643801737695,10.3981034969609],[-75.5643590570277,10.3981114101992],[-75.5643425061654,10.398118193492],[-75.5643310928547,10.398123844033],[-75.5643042683715,10.3981362803879],[-75.5642763038129,10.3981464567459],[-75.5642631762062,10.3981509792847],[-75.5642352118357,10.3981622857308],[-75.5642089579135,10.3981735900836],[-75.564192407235,10.3981815025561],[-75.5641638711868,10.3981928081864],[-75.5641478912652,10.3982007205623],[-75.564133052671,10.3982075044656],[-75.5640617138287,10.3982380296104],[-75.5640354598942,10.3982493357571],[-75.563980671188,10.3982742049864],[-75.5639652618274,10.3982809889759],[-75.5639384391425,10.3982934243958],[-75.5639030536185,10.3983081195959],[-75.563879653814,10.39831603589],[-75.5638551124893,10.3983239496576],[-75.5638425574549,10.3983284729893],[-75.5638151623318,10.3983363881264],[-75.5637991809133,10.3983409093063],[-75.563784342116,10.398346564006],[-75.5637695044201,10.3983533469883],[-75.5637540941377,10.3983601300638],[-75.5637398262864,10.3983669111431],[-75.5637255586237,10.3983748250257],[-75.563696453261,10.3983895209825],[-75.5636679170174,10.3984053478391],[-75.5636530784031,10.3984121317203],[-75.5636376690284,10.3984189138859],[-75.5636222594645,10.3984245659592],[-75.5636062804309,10.3984324801162],[-75.5635743190565,10.3984449163453],[-75.5635532026478,10.3984550906178],[-75.5635183896739,10.3984697883942],[-75.5634984136795,10.3984788314813],[-75.5634801505003,10.3984856150089],[-75.5634630290275,10.398493529345],[-75.5634265030402,10.3985093547699],[-75.5634088119061,10.3985183992875],[-75.5633899772372,10.3985263120904],[-75.5633700023366,10.3985364870692],[-75.5633505978193,10.3985444008666],[-75.5633294810216,10.3985523140371],[-75.5633100765024,10.3985602287362],[-75.5632741214469,10.3985771859508],[-75.5632575707235,10.3985850983751],[-75.5632410201866,10.3985941426983],[-75.5631993588338,10.3986190114717],[-75.5631685407915,10.3986370988372],[-75.5631519900622,10.398645011256],[-75.563131445486,10.3986563145956],[-75.5631137525084,10.3986653572891],[-75.5630932072034,10.3986777943342],[-75.5630486924005,10.398704922829],[-75.563020728868,10.398721878723],[-75.5629961875078,10.398735443787],[-75.5629419699525,10.3987637048296],[-75.5629015715269,10.3987753162202],[-75.5623456589181,10.3978802994132],[-75.562456826908,10.3977840662628],[-75.5624348085308,10.3977404764863],[-75.562067882722,10.3972461615787],[-75.561971789825,10.3971322082992],[-75.5620204919608,10.3970811447724],[-75.5620501656623,10.3970517576841],[-75.5620752749463,10.3970212421293],[-75.562097528797,10.3969918553093],[-75.5621203530327,10.3969545595631],[-75.5621403238425,10.396913872185],[-75.5621585812838,10.396877707253],[-75.5621705611277,10.3968404123217],[-75.5621791178954,10.3968121577639],[-75.5621979449792,10.3967635608255],[-75.5622099237141,10.3967194862463],[-75.5622207609329,10.3966754118479],[-75.5622298878976,10.3966437669226],[-75.5622384439209,10.3966109929],[-75.5622470003095,10.3965804790607],[-75.5622566961897,10.3965375340303],[-75.5622623980554,10.3964968489147],[-75.5622652448644,10.3964595554329],[-75.5622675214629,10.3964200018582],[-75.5622686558151,10.3963759290022],[-75.5622697901668,10.396331854338],[-75.5622646469407,10.3962923019443],[-75.5622629311863,10.3962708313775],[-75.5622600693322,10.3962211077943],[-75.562257783002,10.3961951160469],[-75.5622554948458,10.3961691242999],[-75.5622480669514,10.396119402347],[-75.5622434948537,10.3960821091411],[-75.5622257876803,10.3959917046138],[-75.5622137932084,10.3959442426655],[-75.5622069401146,10.3959193817353],[-75.5621966619425,10.3958911310741],[-75.562184100203,10.3958594905001],[-75.5621738218516,10.3958301097462],[-75.5621624025423,10.3958041194487],[-75.5621412782074,10.3957645686862],[-75.5621178726899,10.3957363201066],[-75.5620687784664,10.3956786932123],[-75.5620465148362,10.3956527046298],[-75.5620242512098,10.3956267169499],[-75.5618798235599,10.395460616299],[-75.5618547058263,10.39543236797],[-75.561829588461,10.3954063789185],[-75.5618056137032,10.3953815215847],[-75.561775359011,10.395357794427],[-75.5617365437465,10.3953329385233],[-75.5616623395724,10.3952945270813],[-75.5616315166902,10.395280969922],[-75.5615938445843,10.395266285552],[-75.5615567432355,10.3952516001839],[-75.5615344831153,10.3952470824059],[-75.5615087993869,10.3952425678755]]]},"properties":{"FID":141,"CODIGO":"3600","NOMBRE":"EL LAGUITO","UCG":1,"LOC":"LH","ZONA":"UCG 1","Shape__Area":213239.091796875,"Shape__Length":2762.7277671309962}},{"type":"Feature","id":142,"geometry":{"type":"Polygon","coordinates":[[[-75.5093464215922,10.3984460124096],[-75.5090293296498,10.3982090321673],[-75.508999278471,10.3981874884847],[-75.5090656007123,10.3978838284929],[-75.5087348935073,10.3977799920687],[-75.5085178055997,10.3977224538506],[-75.5083092647743,10.3976412240746],[-75.5080938861958,10.3976039925746],[-75.507738340805,10.39753460671],[-75.507647081762,10.3976053062757],[-75.5073039758751,10.3975673626411],[-75.5070534560829,10.397528472421],[-75.5065627364579,10.3973710180736],[-75.5062965822832,10.3973830745903],[-75.5062756413902,10.3972311843455],[-75.5061939937343,10.3970596303344],[-75.5061845977908,10.396893311253],[-75.5062342509333,10.3962888723768],[-75.5062245355192,10.3961445649191],[-75.5061846294217,10.3959321372048],[-75.5064339733015,10.3958707024837],[-75.5065203860269,10.3958402196249],[-75.5066324182261,10.3957681607864],[-75.5067383255011,10.3957190149056],[-75.5068759874447,10.3957066272597],[-75.50703867909,10.3956715257347],[-75.5074446041408,10.3955695922895],[-75.5075671662733,10.3955239426108],[-75.5078944656248,10.3963029555315],[-75.5079682745619,10.3962706450439],[-75.5082078380071,10.396783865592],[-75.5088204571491,10.3966192771269],[-75.5092743832649,10.3964375455204],[-75.5093576925957,10.396423484698],[-75.5094232418258,10.3964124213823],[-75.5097359821885,10.3961071769533],[-75.5097842901023,10.396187589466],[-75.5100381465573,10.3965475231743],[-75.5104098140804,10.3971232307522],[-75.5105023811939,10.397380418147],[-75.5104426594509,10.3976287366609],[-75.5104635615864,10.3977469836852],[-75.510569689819,10.3978849846301],[-75.5106230377073,10.3979981326048],[-75.5108424195396,10.3985099976911],[-75.510997403314,10.3988670135331],[-75.510719429176,10.3985500574944],[-75.5106964773658,10.3985192366053],[-75.5103807567615,10.398615039678],[-75.5102597909857,10.3986437804628],[-75.5102541751046,10.3986176269834],[-75.5102018962439,10.3984718929881],[-75.5101246753417,10.3982915036048],[-75.5100170601811,10.3981193197103],[-75.5097692181598,10.398049369142],[-75.5096094253147,10.3980084748008],[-75.509575785163,10.3980772786703],[-75.5093464215922,10.3984460124096]]]},"properties":{"FID":142,"CODIGO":"3750","NOMBRE":"LAS BRISAS","UCG":9,"LOC":"LH","ZONA":"UCG 9","Shape__Area":86688.88671875,"Shape__Length":1715.8103729988475}},{"type":"Feature","id":143,"geometry":{"type":"Polygon","coordinates":[[[-75.5435437878881,10.4263331275845],[-75.5438485268173,10.4261325373473],[-75.5441481831643,10.4261746409279],[-75.544255763475,10.4262052175446],[-75.5442512614308,10.4260071688524],[-75.5441253825691,10.4256853654003],[-75.5438526515115,10.4250417604669],[-75.5422240681066,10.424779358019],[-75.5421879121872,10.424457526728],[-75.5434331319082,10.4246784618495],[-75.5437367977925,10.4245042953859],[-75.5440830671389,10.4246064710911],[-75.5486695989911,10.4228624586782],[-75.5487468060751,10.4229601774757],[-75.5486710465398,10.4232854637634],[-75.5472288370906,10.424636665101],[-75.5469397937309,10.4248764811344],[-75.5458656108872,10.4257321760015],[-75.545244220627,10.4261433951451],[-75.5446640431135,10.4265232230878],[-75.5444230979042,10.4267115622785],[-75.5442709624297,10.4268738302879],[-75.5440326918562,10.4269241456984],[-75.5439996679834,10.4269311193085],[-75.5438947935412,10.4268999865211],[-75.5437374544384,10.4265885673228],[-75.5436255329834,10.4265437908206],[-75.5435489018558,10.426393800463],[-75.5435437878881,10.4263331275845]]]},"properties":{"FID":143,"CODIGO":"1300","NOMBRE":"LA MATUNA","UCG":1,"LOC":"LH","ZONA":"UCG 1","Shape__Area":99596.2080078125,"Shape__Length":2026.8261984365856}},{"type":"Feature","id":144,"geometry":{"type":"Polygon","coordinates":[[[-75.543679452527,10.4216702425285],[-75.5438660636292,10.4203963700742],[-75.5437980493677,10.4202469940931],[-75.5437980275225,10.420036797433],[-75.5437403558483,10.4198243454426],[-75.543779723691,10.4196683888198],[-75.5438820771981,10.4194818150472],[-75.5440409174297,10.4194284124475],[-75.5444555273061,10.4188170440422],[-75.5449509148954,10.4180498348417],[-75.5452238019813,10.4177154177304],[-75.5452716063981,10.4176374552477],[-75.5451851811101,10.4174948986243],[-75.545317961634,10.4172553859866],[-75.5454509685359,10.4173649916527],[-75.5455268848748,10.4173706347704],[-75.5455765427579,10.4173593286816],[-75.5457529179075,10.4173712709265],[-75.5467636761472,10.418027879102],[-75.5472304785431,10.4184333177275],[-75.5476712772638,10.4185574126441],[-75.5478216147469,10.4185513249765],[-75.5479472482051,10.4186041109872],[-75.5480267401876,10.4186895972127],[-75.5480421770099,10.4190774433164],[-75.5486672580586,10.4197249299031],[-75.5489754311221,10.4198530153781],[-75.5492713003373,10.4201641330087],[-75.5492651430995,10.4202129420049],[-75.5493945858512,10.420347149309],[-75.5495055228185,10.4203471360513],[-75.5498753616099,10.4207436587074],[-75.5493022621591,10.4213660327779],[-75.5490804096107,10.4215490900891],[-75.5488426514183,10.4217361411135],[-75.5488090171816,10.4217737879613],[-75.5487534456556,10.421820124202],[-75.5486993368415,10.4218679080651],[-75.548647155938,10.4218985430931],[-75.5485424420599,10.4220069493108],[-75.5484878476414,10.4220632641767],[-75.5480488025643,10.4216936777411],[-75.5477410291872,10.4219684434517],[-75.5486695989911,10.4228624586782],[-75.5440830671389,10.4246064710911],[-75.5437367977925,10.4245042953859],[-75.5435601366514,10.423754862353],[-75.5434151027637,10.4232310552549],[-75.5433165540352,10.4231797235184],[-75.5433113528162,10.4230359674402],[-75.5434254166664,10.4226560278102],[-75.5425540685603,10.4224764186122],[-75.5425903631697,10.4223685975987],[-75.5428133825072,10.4223737098098],[-75.5432594096552,10.4222709821466],[-75.5433942487138,10.4221785536479],[-75.543679452527,10.4216702425285]]]},"properties":{"FID":144,"CODIGO":"1450","NOMBRE":"GETSEMANI","UCG":1,"LOC":"LH","ZONA":"UCG 1","Shape__Area":357860.6318359375,"Shape__Length":2804.2354398129332}},{"type":"Feature","id":145,"geometry":{"type":"Polygon","coordinates":[[[-75.5402880746272,10.4301993645953],[-75.540194826808,10.4299297881487],[-75.5401223647438,10.4295795529336],[-75.5400124089129,10.4293998912783],[-75.5398968881295,10.4291993706712],[-75.5396956963296,10.4291966956587],[-75.5388954123857,10.4295578362644],[-75.5382004058881,10.4298393790457],[-75.538114565692,10.4298391108462],[-75.5376986563181,10.4299880383791],[-75.5375122633484,10.4297986415919],[-75.5373908807109,10.4297045348947],[-75.537533939084,10.4293442162469],[-75.5381731034985,10.4277445712396],[-75.5384964126533,10.4271336309319],[-75.5389614707163,10.4263479336218],[-75.5396939024635,10.4251424512262],[-75.5399672260716,10.4253625260236],[-75.5403352361688,10.4247846628263],[-75.5409603632095,10.4251971235042],[-75.541083152576,10.4249852605529],[-75.5412933073549,10.4245781616063],[-75.5415736944272,10.424850363475],[-75.541799161924,10.4249120598083],[-75.5420213357649,10.4250176003361],[-75.5421457551608,10.4250967597155],[-75.542216842289,10.4250439719057],[-75.5423412442687,10.4249471947895],[-75.5429189022642,10.425272620418],[-75.5434205942357,10.4261986013631],[-75.5436384712035,10.4266041782391],[-75.5440192057389,10.4270709681447],[-75.5443710887169,10.4277711683827],[-75.54427452545,10.4287037485537],[-75.5434887959607,10.4285071520751],[-75.5432823629777,10.4285214275326],[-75.5432525495809,10.428587847781],[-75.5431904324591,10.42866903065],[-75.5431084306562,10.4287059373186],[-75.5430264270852,10.428725624677],[-75.5429444230056,10.4287403922175],[-75.5428798150363,10.4287649976082],[-75.542854968586,10.4288018985453],[-75.5427729706737,10.4288781635027],[-75.5427381900674,10.4289741029736],[-75.5426835250775,10.4290282261251],[-75.5426040165217,10.4291487689647],[-75.5424648693465,10.4292889968068],[-75.5423182579399,10.4293382090736],[-75.542156732949,10.4293529841397],[-75.5420498786804,10.4293702137536],[-75.5419877548084,10.4293874390289],[-75.5419156915615,10.429412044942],[-75.5419057560495,10.4294587839654],[-75.5418560565469,10.4294686283268],[-75.541853574411,10.4294981473453],[-75.5418113314132,10.4295227503751],[-75.5418113405442,10.4296162265122],[-75.5418113508768,10.4297220021403],[-75.541791475957,10.4297761218055],[-75.5416796588891,10.4298696086186],[-75.5416249890222,10.4298769935194],[-75.5415653521981,10.4299163575606],[-75.5414858344282,10.4299483437791],[-75.5412770966336,10.429995101547],[-75.5412149690606,10.4299754281976],[-75.5411826613512,10.429950832245],[-75.5410211331802,10.4299360879582],[-75.5409341576999,10.4299410158534],[-75.5407999653069,10.4299311887087],[-75.5407204453689,10.4299410356523],[-75.5406384406298,10.4299533427032],[-75.5405986801945,10.4299533463608],[-75.5405464980786,10.4299902496285],[-75.5404943122712,10.4299877945147],[-75.5404371642128,10.4300689763892],[-75.5403775281187,10.4301181798021],[-75.5403178910914,10.4301575436106],[-75.5402880746272,10.4301993645953]]]},"properties":{"FID":145,"CODIGO":"1250","NOMBRE":"CHAMBACU","UCG":1,"LOC":"LH","ZONA":"UCG 1","Shape__Area":296233.2294921875,"Shape__Length":2483.830680201982}},{"type":"Feature","id":146,"geometry":{"type":"Polygon","coordinates":[[[-75.5402140571327,10.434130008163],[-75.540376463532,10.4339492187787],[-75.5406113637605,10.4337644699818],[-75.5404444876486,10.4335623719198],[-75.5403171337541,10.4333950423639],[-75.5398136796509,10.4336783575621],[-75.5394044586462,10.4331181475303],[-75.5396573425566,10.4331034000939],[-75.5398953245402,10.4328015157594],[-75.5403564492585,10.4326026861669],[-75.5404456924184,10.4324922403078],[-75.5409737248802,10.4319620905637],[-75.5413158320463,10.4316454704147],[-75.542364472145,10.4307913182599],[-75.5429280700971,10.4306811700493],[-75.5431584870403,10.4304958116992],[-75.5434032912824,10.430167886034],[-75.5436337149448,10.430053810187],[-75.5439073391054,10.4298827034777],[-75.544152164572,10.4297686257829],[-75.5442329560128,10.4296471112923],[-75.5443235945503,10.4296698732304],[-75.5443980456239,10.4298105340714],[-75.544858276571,10.4305540197624],[-75.5453523656796,10.4314917576976],[-75.5457787258071,10.4318668279857],[-75.5450843003975,10.4319676594628],[-75.5442111866998,10.4322674412913],[-75.5403409258224,10.4344828951306],[-75.5402502339792,10.434273517872],[-75.5402140571327,10.434130008163]]]},"properties":{"FID":146,"CODIGO":"0650","NOMBRE":"EL CABRERO","UCG":1,"LOC":"LH","ZONA":"UCG 1","Shape__Area":145973.35546875,"Shape__Length":1974.6408162970361}},{"type":"Feature","id":147,"geometry":{"type":"Polygon","coordinates":[[[-75.5188030023627,10.4257646063163],[-75.518774159102,10.4257312475896],[-75.5174517280623,10.4254869563218],[-75.5169709565538,10.4254467595386],[-75.5169572002379,10.425481354106],[-75.5168449092609,10.425451973761],[-75.5168144824187,10.4254591822843],[-75.516085615508,10.4252816965538],[-75.5159049179259,10.4252501335064],[-75.5153397333481,10.4251325701823],[-75.5146148237193,10.4250190617769],[-75.5140493032867,10.4250799520373],[-75.5140975101435,10.4245311123713],[-75.5142114071938,10.4242681421663],[-75.5144108826714,10.424101583016],[-75.5146278304171,10.4236243292339],[-75.514555506249,10.4230039029814],[-75.514772017387,10.4224662798683],[-75.5152304545434,10.4219062165773],[-75.5153750837574,10.4215244134465],[-75.5153991872097,10.421357375069],[-75.5155438143151,10.4208562589434],[-75.5154714918957,10.4204505960292],[-75.5155450409944,10.4202663217238],[-75.5153284993033,10.4199490797419],[-75.5151581076316,10.4195438219162],[-75.5152786312706,10.4192336068209],[-75.5153750491858,10.4189233919892],[-75.5152810007721,10.4182665127795],[-75.5155225195892,10.4181923103095],[-75.5159555885008,10.4181236011171],[-75.5160638544331,10.4180246670854],[-75.5162498523257,10.418024664209],[-75.5164923476077,10.41806704092],[-75.5169688607194,10.4181125919906],[-75.5174935413777,10.4181070858705],[-75.5176744974344,10.4178880919574],[-75.5178497374611,10.4176626417655],[-75.5179836704326,10.4174961337422],[-75.5180553073169,10.41733271043],[-75.5181144849305,10.4171692873692],[-75.5184477702765,10.4172494491834],[-75.5186595773235,10.417277195192],[-75.5186782626723,10.4171322735469],[-75.5188995606873,10.4171028787602],[-75.5193261405522,10.4171230074794],[-75.5197123763254,10.4171507483198],[-75.5197186024927,10.4170243275241],[-75.5202517916367,10.4170781193427],[-75.521055584649,10.4171677683904],[-75.5213008811492,10.4172034112231],[-75.521727213929,10.4172478225139],[-75.5220463408555,10.417297172998],[-75.5223893857395,10.4174126448682],[-75.5225576348631,10.4170632746103],[-75.5226689508435,10.4171057548549],[-75.5228584592814,10.417179841849],[-75.523136739146,10.4172946095464],[-75.5238024380831,10.4176361961922],[-75.5237128418045,10.4178643030758],[-75.523607774701,10.4180676125278],[-75.5237068818949,10.4181219810371],[-75.5238007971223,10.418160296499],[-75.52398377999,10.4181649338439],[-75.5239368698366,10.4183739425773],[-75.5239321860728,10.4185736604312],[-75.5238571236503,10.4187594472816],[-75.5240458702703,10.4189900082017],[-75.5237711708858,10.4193668868465],[-75.5233270530336,10.4192245044236],[-75.5229378631284,10.4195171053349],[-75.522491781314,10.4196756414427],[-75.5223386005115,10.4200114411136],[-75.5222431111357,10.4219790282952],[-75.5230649197559,10.4219600798191],[-75.5231605096308,10.4227641369091],[-75.5225776524822,10.424296603044],[-75.5220614715259,10.4255213304641],[-75.5214873569666,10.4265946944698],[-75.5212523034264,10.4265292952253],[-75.5206313135619,10.4263527689646],[-75.520113435829,10.4261164011331],[-75.5200791981235,10.4261053778992],[-75.5197237790171,10.4260491840591],[-75.5195253836812,10.4259271073376],[-75.5188168522597,10.4257892829771],[-75.5188030023627,10.4257646063163]]]},"properties":{"FID":147,"CODIGO":"1350","NOMBRE":"LA MARIA","UCG":4,"LOC":"LV","ZONA":"UCG 4","Shape__Area":817851.876953125,"Shape__Length":4115.550870077318}},{"type":"Feature","id":148,"geometry":{"type":"Polygon","coordinates":[[[-75.4835844327912,10.4035247605946],[-75.4835176935841,10.40356167451],[-75.4827010586138,10.404032432594],[-75.4820761656992,10.4044073446024],[-75.4817979584391,10.4045852701993],[-75.4817773270214,10.4045511836782],[-75.4812587607993,10.4039094301262],[-75.4812159655504,10.4038755306935],[-75.4809127621489,10.4034816799309],[-75.480584767888,10.4030556252541],[-75.4800300578967,10.4034831912329],[-75.4799740030066,10.4034077787348],[-75.479580101442,10.4029622835328],[-75.4793404372134,10.4031874715539],[-75.4790648785618,10.4028308820879],[-75.4793075427802,10.4026364133108],[-75.4793132216073,10.4026292937076],[-75.4794710853175,10.4025063927848],[-75.4796649130239,10.4023553893956],[-75.4798647978157,10.4021980158024],[-75.4799121195031,10.4021556741599],[-75.4796036673984,10.4017269231181],[-75.4801771305571,10.4012473963503],[-75.4812687679976,10.4004091455463],[-75.4817902428771,10.4014048516967],[-75.4824077070869,10.4010765334818],[-75.4849938601726,10.3997121682472],[-75.4853383509477,10.4005532070736],[-75.4856825091398,10.4014227653936],[-75.4861939533801,10.4012349345263],[-75.486658743933,10.4025594930738],[-75.4867540789828,10.4026044445878],[-75.4879240546789,10.4048834001937],[-75.4879548930378,10.4050972151674],[-75.4885082860858,10.4060453437092],[-75.4883109417979,10.4059964878121],[-75.4872740477556,10.4057434358981],[-75.4865633364609,10.4055484926709],[-75.485977488508,10.4053833769763],[-75.4850228801791,10.4051329915138],[-75.4844474593129,10.4049608583979],[-75.4842256917757,10.4047887542191],[-75.484123801057,10.4046819338818],[-75.4840818515017,10.4045751185907],[-75.4835844327912,10.4035247605946]]]},"properties":{"FID":148,"CODIGO":"2850","NOMBRE":"TRECE DE JUNIO","UCG":7,"LOC":"LV","ZONA":"UCG 7","Shape__Area":346971.6015625,"Shape__Length":3183.0721294461468}},{"type":"Feature","id":149,"geometry":{"type":"Polygon","coordinates":[[[-75.4772155150682,10.4002787903547],[-75.4775382257608,10.40015995858],[-75.4777629945816,10.4000466817398],[-75.4778564293733,10.4001725175725],[-75.4799356159416,10.3995033767604],[-75.4800299524213,10.3996241879942],[-75.480265209892,10.3994697834253],[-75.4803727276151,10.3993533593472],[-75.4808092399172,10.3997710126864],[-75.4812687679976,10.4004091455463],[-75.4801771305571,10.4012473963503],[-75.4796036673984,10.4017269231181],[-75.4799121195031,10.4021556741599],[-75.4798647978157,10.4021980158024],[-75.4796649130239,10.4023553893956],[-75.4794710853175,10.4025063927848],[-75.4793132216073,10.4026292937076],[-75.4793075427802,10.4026364133108],[-75.4790648785618,10.4028308820879],[-75.4782219691005,10.401753381963],[-75.4780477157412,10.4015362102798],[-75.4775507570352,10.4008597304572],[-75.4772155150682,10.4002787903547]]]},"properties":{"FID":149,"CODIGO":"2870","NOMBRE":"CHAPACUA","UCG":7,"LOC":"LV","ZONA":"UCG 7","Shape__Area":86547.7900390625,"Shape__Length":1324.5378589065067}},{"type":"Feature","id":150,"geometry":{"type":"Polygon","coordinates":[[[-75.4926275213976,10.3900941467911],[-75.4937714660797,10.3899109086837],[-75.4944586809608,10.3934021936285],[-75.4939867271925,10.3935266232781],[-75.493112472021,10.393710432432],[-75.4930818987208,10.3934672012053],[-75.492908279522,10.3921910835957],[-75.4928023133561,10.3911722848015],[-75.4926275213976,10.3900941467911]]]},"properties":{"FID":150,"CODIGO":"4950","NOMBRE":"LA TRONCAL","UCG":8,"LOC":"LH","ZONA":"UCG 8","Shape__Area":57286.9052734375,"Shape__Length":1098.3168592453956}},{"type":"Feature","id":151,"geometry":{"type":"Polygon","coordinates":[[[-75.4903583297068,10.3939489056465],[-75.4902638929256,10.3934323047414],[-75.4901913111603,10.3931214511581],[-75.4901507671869,10.3928784933572],[-75.4901311304581,10.3928530676679],[-75.4901050768367,10.392645677745],[-75.4900871572637,10.3926066255458],[-75.490041984805,10.3923199152982],[-75.4900439455767,10.3922985780699],[-75.4900224026211,10.392154064543],[-75.4895744754155,10.3922257148404],[-75.4896301586447,10.3920502952962],[-75.4896817628248,10.391919000496],[-75.4904189302133,10.3918034120228],[-75.4903975526354,10.3916004917541],[-75.4903618462318,10.3912295150643],[-75.4903575984124,10.3911728861576],[-75.4903220159013,10.3906992323282],[-75.4903980475965,10.3906879484388],[-75.4903801076812,10.390482704951],[-75.4906188900271,10.3904389948605],[-75.4910473660408,10.3903657244546],[-75.491325455355,10.3921297162494],[-75.491482173658,10.3929484195077],[-75.4916525604665,10.3939544420603],[-75.491750660243,10.3946217540907],[-75.4904835515423,10.3940098161523],[-75.4903583297068,10.3939489056465]]]},"properties":{"FID":151,"CODIGO":"4700","NOMBRE":"TACARIGUA","UCG":8,"LOC":"LH","ZONA":"UCG 8","Shape__Area":55925.3134765625,"Shape__Length":1271.12081267684}},{"type":"Feature","id":152,"geometry":{"type":"Polygon","coordinates":[[[-75.4749637418788,10.4003561586779],[-75.4747710941294,10.3999051081271],[-75.4745446400344,10.3993382759186],[-75.4741067668867,10.3984390836536],[-75.4752612192434,10.397809005517],[-75.4752258430338,10.3976980582899],[-75.4754027981698,10.3976046521926],[-75.4754844015084,10.3977634388934],[-75.4755354740258,10.3978907838073],[-75.4756413063268,10.3978486001725],[-75.4759257668216,10.3977505108043],[-75.4772784407739,10.3973129001687],[-75.4775733607165,10.397193229291],[-75.4777178695121,10.3971523705794],[-75.4778653285787,10.3970998338706],[-75.4781108075313,10.3968749114134],[-75.4781566575725,10.3968206260423],[-75.4782443735594,10.3968353310474],[-75.4785484543072,10.3968846237899],[-75.4789741616781,10.3970105576971],[-75.4791897695961,10.3971747847344],[-75.4793224395442,10.3973937385357],[-75.4795324854109,10.3978918491675],[-75.4797181131867,10.3985059720997],[-75.479786134413,10.398843356553],[-75.4803727276151,10.3993533593472],[-75.480265209892,10.3994697834253],[-75.4800299524213,10.3996241879942],[-75.4799356159416,10.3995033767604],[-75.4778564293733,10.4001725175725],[-75.4777629945816,10.4000466817398],[-75.4775382257608,10.40015995858],[-75.4772155150682,10.4002787903547],[-75.477151873371,10.4003040278058],[-75.4768663496593,10.4004371188765],[-75.4750812716039,10.401049126069],[-75.4750016604869,10.4005289320154],[-75.4749637418788,10.4003561586779]]]},"properties":{"FID":152,"CODIGO":"3450","NOMBRE":"VIEJO PORVENIR","UCG":7,"LOC":"LV","ZONA":"UCG 7","Shape__Area":189316.3798828125,"Shape__Length":1914.5734827862304}},{"type":"Feature","id":153,"geometry":{"type":"Polygon","coordinates":[[[-75.4665581895825,10.3862846504931],[-75.4661535855191,10.3859984596605],[-75.4659504153129,10.3858485966077],[-75.4653516019058,10.386448913989],[-75.4648543243406,10.3869653013189],[-75.4647423403839,10.3870855568259],[-75.4646513621767,10.3871789768519],[-75.4644953572736,10.3870519135106],[-75.4643572771209,10.3870263554027],[-75.463969361865,10.3869650208408],[-75.4637591042098,10.3868793301998],[-75.4636152866394,10.3868604249908],[-75.4631894495847,10.3866720659784],[-75.4628917904871,10.3864550720414],[-75.4625947147779,10.3859424830492],[-75.4623799982856,10.3857186005789],[-75.4622675481647,10.385608106721],[-75.4621517564111,10.3854979813765],[-75.4621285498086,10.3854060200247],[-75.4621569560403,10.3852450982061],[-75.4621879399568,10.385099503078],[-75.4623708295192,10.3847926319782],[-75.4624274915096,10.3845705874752],[-75.4624674106139,10.3844207378168],[-75.4624418818812,10.3841530338786],[-75.4624083046196,10.3839459877406],[-75.4624195352446,10.3837685256995],[-75.4625129333764,10.3835171328978],[-75.4625540325533,10.3833803441521],[-75.4626511631118,10.3831400433534],[-75.4627729914427,10.3827600491333],[-75.462890271811,10.3824265272168],[-75.463219733633,10.3820263426431],[-75.4634916114463,10.381709367728],[-75.463760537782,10.3813544800189],[-75.4640294740377,10.3809293459947],[-75.4642017640061,10.3806364866881],[-75.464876353773,10.3813763656799],[-75.4656002313281,10.3819784310634],[-75.4657448480677,10.3820780724565],[-75.468162905957,10.3837297792401],[-75.4712137242491,10.3857477229727],[-75.4704637911648,10.3868264009572],[-75.4697195375543,10.3878215583261],[-75.4686813073857,10.3894334668699],[-75.4681432366194,10.3887284948789],[-75.467691647358,10.3879281952898],[-75.4675169363041,10.3871320940355],[-75.4665581895825,10.3862846504931]]]},"properties":{"FID":153,"CODIGO":"5550","NOMBRE":"TERNERA","UCG":13,"LOC":"LI","ZONA":"UCG 13","Shape__Area":447887.5869140625,"Shape__Length":3178.726096644396}},{"type":"Feature","id":154,"geometry":{"type":"Polygon","coordinates":[[[-75.4955882869066,10.4153151607973],[-75.4957426663999,10.4142979034683],[-75.4959241654952,10.4131776291308],[-75.49627226837,10.4108105549457],[-75.4967866099657,10.4076782043901],[-75.4991768634655,10.4080854528355],[-75.5016353845985,10.4085293690068],[-75.5026532469243,10.4087131506522],[-75.5021247234725,10.4114097157758],[-75.5019697829358,10.4123544854325],[-75.501761233355,10.4132889480021],[-75.5015637304317,10.4146358476734],[-75.5014182866909,10.4153446185912],[-75.5013695213875,10.4153170311923],[-75.5012364012988,10.4152417227291],[-75.500933255594,10.4151816938325],[-75.5005551813144,10.4152144801138],[-75.5003009688385,10.4153960276041],[-75.4998852232592,10.4153960131718],[-75.4997379825407,10.4153274144321],[-75.499105703276,10.4153188169701],[-75.4986899560904,10.4153616719224],[-75.4983348394121,10.4153788062163],[-75.4980316959333,10.4152759036365],[-75.4979537469274,10.4151987327327],[-75.4977285519171,10.415190149144],[-75.4974860323241,10.4152244355919],[-75.4972521748033,10.4152415738588],[-75.4970009945325,10.4152587111867],[-75.4968017839861,10.4152415539107],[-75.4966363192907,10.4152631727079],[-75.4965015611113,10.4153056119667],[-75.4963600512857,10.4153101272291],[-75.4962820965649,10.4153615687282],[-75.4961465386037,10.4154200835776],[-75.4957654393105,10.4154029170489],[-75.4955882869066,10.4153151607973]]]},"properties":{"FID":154,"CODIGO":"1953","NOMBRE":"OLAYA ST. RAFAEL NUÑEZ","UCG":5,"LOC":"LV","ZONA":"UCG 5","Shape__Area":532201.087890625,"Shape__Length":2975.6825723454222}},{"type":"Feature","id":155,"geometry":{"type":"Polygon","coordinates":[[[-75.4970307557095,10.4066201344486],[-75.4948713617317,10.4062157512697],[-75.4928747586275,10.4058644706942],[-75.4931724119772,10.4039630322362],[-75.4933726865063,10.4024620307346],[-75.4933128311143,10.4023045710025],[-75.4933967415717,10.4015807360159],[-75.4936255176385,10.400408403445],[-75.4937184734595,10.4001015065061],[-75.4940562156063,10.4008514973918],[-75.4944956364621,10.4015040999096],[-75.494830700201,10.4019228555793],[-75.4952921122141,10.4022763592608],[-75.4961413186212,10.402840618436],[-75.497391238377,10.4036776246049],[-75.4996847044078,10.4052259761577],[-75.4993090893333,10.4070856071539],[-75.4970307557095,10.4066201344486]]]},"properties":{"FID":155,"CODIGO":"1962","NOMBRE":"OLAYA VILLA OLIMPICA","UCG":5,"LOC":"LV","ZONA":"UCG 5","Shape__Area":287117.501953125,"Shape__Length":2504.947761159623}},{"type":"Feature","id":156,"geometry":{"type":"Polygon","coordinates":[[[-75.4948616764592,10.4145212289925],[-75.494610499812,10.414478345133],[-75.4942120776757,10.4144868984207],[-75.4940706999571,10.4144237519537],[-75.4939436711844,10.4143549272355],[-75.4938595650523,10.4143325062422],[-75.4938320690173,10.4142630631382],[-75.4937661912667,10.4142521458092],[-75.4935998957351,10.4141362547712],[-75.4935787121437,10.4141383718265],[-75.4935501725129,10.4141417606506],[-75.4935216329453,10.4141440191386],[-75.4934930933773,10.4141462779261],[-75.4934651248474,10.4141462763776],[-75.4934371560125,10.4141462748266],[-75.4934091874827,10.4141462732732],[-75.4933812189529,10.4141462717174],[-75.4933532499894,10.4141485302221],[-75.493324139814,10.4141507886607],[-75.4932961710258,10.4141553075256],[-75.4932687727779,10.4141609564515],[-75.4932408039233,10.4141666053431],[-75.4932128348274,10.4141711242007],[-75.4931848661007,10.4141745127223],[-75.4931568974384,10.414176771512],[-75.4931289285357,10.4141778999655],[-75.4931009600031,10.4141778983852],[-75.4930735622723,10.4141745064381],[-75.4930467356492,10.4141677244264],[-75.4930193377888,10.4141665928398],[-75.4929913693229,10.4141654612184],[-75.4929634008571,10.4141643295945],[-75.4929360028,10.4141665880953],[-75.4928800652338,10.4141699752951],[-75.4928515257911,10.4141699736603],[-75.492822986521,10.4141722320861],[-75.4927950175513,10.414174490542],[-75.4927664779753,10.4141767492647],[-75.4927385093764,10.4141778776842],[-75.4926825718061,10.4141812648495],[-75.4926534616229,10.4141835232271],[-75.4926254929561,10.4141857816683],[-75.4925975240508,10.4141869103775],[-75.4925695554504,10.4141880387823],[-75.4925415871187,10.4141846467564],[-75.4925141894607,10.41418012473],[-75.4924867918709,10.4141744726696],[-75.4924593940796,10.4141722110036],[-75.4924314256152,10.4141710793332],[-75.4923766296613,10.4141778566066],[-75.4923486606879,10.4141801150235],[-75.4922927231458,10.4141880225488],[-75.4922653252865,10.4141868908977],[-75.4922373566849,10.4141880192735],[-75.4922099586206,10.4141902777122],[-75.4921825603503,10.4141959265451],[-75.4921557328527,10.4142038357748],[-75.4921300466645,10.4142151351647],[-75.492102648627,10.4142219140224],[-75.4920801071807,10.4142294363695],[-75.4920492575661,10.4142242736977],[-75.4920204545572,10.4142264617914],[-75.4920546843888,10.4140259505725],[-75.4921465849758,10.4136682017765],[-75.492277527289,10.4133500855362],[-75.4922779116935,10.4133481691458],[-75.4922813602259,10.4133407736428],[-75.4923855039161,10.4130982344968],[-75.492428394377,10.4128678189913],[-75.4924529112589,10.4126010206071],[-75.4925080610833,10.4122190149898],[-75.4927653895194,10.4110426851637],[-75.4929156925147,10.4103188231393],[-75.4932739185477,10.4086354515754],[-75.4933719481906,10.408156429965],[-75.4933964528885,10.4080836677195],[-75.493427083745,10.4079927149094],[-75.4936170116427,10.4071256256908],[-75.4935690279048,10.407117938849],[-75.4923476364258,10.4068762642368],[-75.4918094282329,10.406767906877],[-75.4920070704089,10.4057006199955],[-75.4928747586275,10.4058644706942],[-75.4948713617317,10.4062157512697],[-75.4970307557095,10.4066201344486],[-75.4993090893333,10.4070856071539],[-75.4993751966905,10.40709860613],[-75.4991768634655,10.4080854528355],[-75.4967866099657,10.4076782043902],[-75.49627226837,10.4108105549457],[-75.4959241654952,10.4131776291308],[-75.4957426663999,10.4142979034683],[-75.4955882869066,10.4153151607973],[-75.4954449786659,10.4152056951253],[-75.49523711168,10.4150942203888],[-75.4952371243361,10.414845568954],[-75.4948876462143,10.4147956043198],[-75.4948616764592,10.4145212289925]]]},"properties":{"FID":156,"CODIGO":"1955","NOMBRE":"OLAYA ST.11 DE NOVIEMBRE","UCG":5,"LOC":"LV","ZONA":"UCG 5","Shape__Area":411088.1484375,"Shape__Length":3723.7514346276448}},{"type":"Feature","id":157,"geometry":{"type":"Polygon","coordinates":[[[-75.4878753615976,10.4148174736428],[-75.4880133582533,10.4130906947763],[-75.4880595544212,10.4119642857727],[-75.4883534768091,10.409902138552],[-75.4884751944109,10.4092633085397],[-75.4884572341743,10.4089547400832],[-75.4888334105585,10.4072612432345],[-75.4888091555624,10.4066120694901],[-75.4885082860858,10.4060453437092],[-75.4897617885263,10.4063656155583],[-75.4899576330489,10.4064035724744],[-75.4914506225185,10.4066929267307],[-75.4918094282329,10.406767906877],[-75.4923476364258,10.4068762642368],[-75.4935690279048,10.407117938849],[-75.4936170116427,10.4071256256908],[-75.493427083745,10.4079927149094],[-75.4933964528885,10.4080836677195],[-75.4933719481906,10.408156429965],[-75.4932739185477,10.4086354515754],[-75.4929156925147,10.4103188231393],[-75.4927653895194,10.4110426851637],[-75.4925080610833,10.4122190149898],[-75.4924529112589,10.4126010206071],[-75.492428394377,10.4128678189913],[-75.4923855039161,10.4130982344968],[-75.4922813602259,10.4133407736428],[-75.4922779116935,10.4133481691458],[-75.492277527289,10.4133500855362],[-75.4921465849758,10.4136682017765],[-75.4920546843888,10.4140259505725],[-75.4920204545572,10.4142264617914],[-75.4919987637142,10.4142445419013],[-75.4919747898066,10.4142581014446],[-75.4919211344839,10.4142739195647],[-75.4918937365759,10.4142784383414],[-75.4918663382226,10.4142852171787],[-75.491837798351,10.4142919959447],[-75.4918104000651,10.4142976447457],[-75.4917818601912,10.4143044235066],[-75.491725922262,10.4143179810903],[-75.4916990946021,10.4143281503447],[-75.4916728374058,10.4143405796945],[-75.4916465805125,10.4143530093444],[-75.4916208942938,10.4143643086933],[-75.4915934958565,10.4143722175387],[-75.4915660975593,10.4143778663188],[-75.491551826342,10.414401597313],[-75.4915415505159,10.4144264585833],[-75.4915238563719,10.414424197433],[-75.4915158670748,10.4143982047069],[-75.4915095899734,10.4143710823564],[-75.4914918967348,10.4143496094606],[-75.4914753453921,10.4143270066026],[-75.4914513731632,10.4143134441422],[-75.4914234049038,10.4143089219872],[-75.4913960068945,10.4143100503247],[-75.4913686081706,10.414322479579],[-75.4913686063843,10.4143507318769],[-75.4913862996146,10.4143722047795],[-75.4914017094358,10.4143948075714],[-75.4914079862231,10.414421930226],[-75.4913817295268,10.4144309691553],[-75.4913531898461,10.4144343577835],[-75.4913252212909,10.414434356048],[-75.4912972525741,10.414432093945],[-75.4912698547869,10.4144343526052],[-75.4912464512959,10.4144501721922],[-75.4912201944486,10.4144614714733],[-75.4911927962811,10.4144648601584],[-75.4911385723737,10.4144479053857],[-75.4911111746408,10.4144445132707],[-75.4910837770687,10.4144433815185],[-75.4910558077722,10.4144501602504],[-75.4910295509908,10.4144603294845],[-75.4910021526758,10.4144659782162],[-75.4909747545056,10.4144693668826],[-75.490946214817,10.4144727551724],[-75.4909211008631,10.4144625829967],[-75.4908942744817,10.4144524104084],[-75.4908668768976,10.4144467582095],[-75.4908389084148,10.4144456264],[-75.4908115099508,10.4144535351785],[-75.490785823694,10.4144648344603],[-75.4907595669026,10.4144750036721],[-75.4907321692453,10.4144704814933],[-75.4907053427955,10.4144614389206],[-75.4906779453619,10.4144535266426],[-75.4906511187671,10.4144467444304],[-75.490623150211,10.4144467426336],[-75.490596893185,10.4144557814985],[-75.4905746314071,10.4144727314433],[-75.490551798864,10.4144874212868],[-75.4905244005382,10.4144930699776],[-75.4904964319034,10.4144941982012],[-75.4904684632684,10.4144953264224],[-75.4904399237217,10.4144964549061],[-75.4904119547812,10.4144975831223],[-75.4903834154642,10.4144998413304],[-75.4903554462978,10.4145043599382],[-75.4903286186529,10.4145133987439],[-75.4902429988733,10.4145337349243],[-75.4902213088138,10.4145382539314],[-75.4901933396417,10.414542772525],[-75.490165370774,10.4145472908141],[-75.4901088622005,10.41455519792],[-75.4900808930253,10.4145597165037],[-75.4900534949137,10.4145664951857],[-75.4900266674837,10.4145721438716],[-75.4899986983058,10.4145766621462],[-75.4899713002675,10.4145823107896],[-75.4899678450552,10.4145837211119],[-75.4899281563142,10.4146105799316],[-75.4898735441927,10.4146475380275],[-75.4891584160295,10.4150719274175],[-75.4886339808132,10.4154727491561],[-75.4884926527134,10.4155339021098],[-75.4884997368302,10.4155360064819],[-75.4885157177405,10.4155540890237],[-75.4885117210358,10.4155710401175],[-75.4884826105529,10.4155710380526],[-75.4884580666854,10.415572166643],[-75.4884346636242,10.4155789454696],[-75.488408406828,10.4155868541228],[-75.4883867162,10.4155936330678],[-75.4883593173274,10.4156049320317],[-75.4883381973635,10.4156151014105],[-75.4883165064846,10.415625270747],[-75.4882942448309,10.415637700104],[-75.4882714125096,10.4156467393244],[-75.4882485802697,10.4156546482097],[-75.4882223234625,10.4156625568475],[-75.4881983497245,10.4156659455216],[-75.4881686687074,10.4156648133557],[-75.4881452669351,10.4156580311804],[-75.488120723503,10.4156489885562],[-75.4880938973612,10.4156354256398],[-75.4880779163045,10.4156196031399],[-75.4880607943111,10.4155958700349],[-75.4879808844835,10.4155834332343],[-75.487976064918,10.4155484495084],[-75.4878753615976,10.4148174736428]]]},"properties":{"FID":157,"CODIGO":"1956","NOMBRE":"OLAYA ST. RICAURTE","UCG":5,"LOC":"LV","ZONA":"UCG 5","Shape__Area":468137.873046875,"Shape__Length":3036.3273830837365}},{"type":"Feature","id":158,"geometry":{"type":"Polygon","coordinates":[[[-75.4854335147616,10.4147322798756],[-75.4831201453987,10.4148447772493],[-75.4831069878099,10.4134576461963],[-75.4830738093609,10.4131683839527],[-75.4835054949395,10.412839717796],[-75.483799448721,10.4123604819614],[-75.4838464035846,10.4121970469516],[-75.4837656938769,10.4122369593792],[-75.483652707992,10.4122129980778],[-75.483511737427,10.412212107637],[-75.4833439014426,10.412176489181],[-75.483354111841,10.4120373244678],[-75.4838836353924,10.4092926197225],[-75.4839616212683,10.4085864822534],[-75.4840695802163,10.407850677351],[-75.4842135066621,10.4070792715006],[-75.4842734553602,10.4069962007578],[-75.4843646084257,10.4060960873867],[-75.4843634483503,10.4060527046885],[-75.4847961530478,10.4060183774097],[-75.485977488508,10.4053833769763],[-75.4865633364609,10.4055484926709],[-75.4872740477556,10.4057434358981],[-75.4883109417979,10.4059964878121],[-75.4885082860858,10.4060453437092],[-75.4888091555624,10.4066120694901],[-75.4888334101246,10.4072612429112],[-75.4884572341743,10.4089547400832],[-75.4884751944109,10.4092633085397],[-75.4883534768091,10.409902138552],[-75.4880595544212,10.4119642857727],[-75.4880133582533,10.4130906947763],[-75.4878753615976,10.4148174736428],[-75.487976064918,10.4155484495084],[-75.4879808844835,10.4155834332343],[-75.48797631687,10.4156015142913],[-75.4879728902833,10.4156263760394],[-75.4879728884421,10.415651238036],[-75.4879734575593,10.4156738398925],[-75.4879740264256,10.4156998320213],[-75.4879711703776,10.4157280840829],[-75.4879683142455,10.4157574662352],[-75.4879643166141,10.4157857182137],[-75.4879580358167,10.4158139700265],[-75.4879546089749,10.4158422220462],[-75.4879540364246,10.4158659539103],[-75.4879568882878,10.4158942063861],[-75.487960310943,10.4159224589032],[-75.4879643045579,10.4159484512802],[-75.4879694398402,10.4159733136492],[-75.4879768584573,10.4159959160024],[-75.4879865599076,10.4160230388838],[-75.4879956906514,10.4160490316329],[-75.4880036798968,10.4160738942081],[-75.4880093860597,10.416097626527],[-75.4880145214316,10.4161213588044],[-75.4878741062979,10.4161258689639],[-75.4878564138529,10.4160976154057],[-75.4878432872402,10.4160761427242],[-75.48782901913,10.4160535398679],[-75.487818746648,10.4160298072122],[-75.4878107573341,10.416006074723],[-75.4878027682744,10.4159789519614],[-75.4877942083401,10.4159529592486],[-75.4877862191988,10.4159269665772],[-75.4877765176844,10.4159009737803],[-75.4877668161717,10.415874980983],[-75.4877599686173,10.4158489883945],[-75.4877571166877,10.4158218660077],[-75.4877554063412,10.4157947437045],[-75.4877542667017,10.4157687515337],[-75.4877548394359,10.4157427594884],[-75.4877508457565,10.4157178971993],[-75.4877365775002,10.4156975545199],[-75.4877200259123,10.415679471854],[-75.4876971949476,10.4156704294522],[-75.4876680849438,10.4156659069501],[-75.4876429703931,10.4156625148303],[-75.4876161434699,10.4156591225823],[-75.487584750049,10.4156579901767],[-75.4875345204397,10.4156579864666],[-75.4875094056351,10.4156579846085],[-75.4874842906595,10.41566024293],[-75.4874586048926,10.4156625012072],[-75.4874323482486,10.4156658895306],[-75.4873941071367,10.4156410246919],[-75.487390113573,10.4156150323074],[-75.4873969651226,10.4155879106388],[-75.4874078119497,10.4155641795393],[-75.4874317862784,10.4155494901407],[-75.4874569008178,10.4155528822771],[-75.4875099841083,10.4155562764829],[-75.487540235937,10.4155574088115],[-75.4875921784982,10.4155495020117],[-75.4876167234381,10.4155370728228],[-75.4876361313439,10.4155235131631],[-75.4876469784053,10.4154963917831],[-75.4876389893726,10.4154692690166],[-75.4876327125434,10.4154444065575],[-75.4876401350286,10.4154150247439],[-75.4876401368112,10.4153912928377],[-75.4876292935746,10.4153675601331],[-75.4876104591884,10.4153449569298],[-75.4875807783406,10.4153415644686],[-75.4875550926004,10.4153438227536],[-75.4875276944885,10.4153460809099],[-75.4875048639805,10.4153313880404],[-75.4874854585587,10.4153121750599],[-75.4874677654249,10.4152940922959],[-75.4874506432546,10.4152737493918],[-75.4874358044188,10.4152511464747],[-75.48742210708,10.4152296737325],[-75.4874055557063,10.4152093308683],[-75.4873577901627,10.4152011960968],[-75.4870483914371,10.4151631371793],[-75.4869084162615,10.4149663240034],[-75.4868850145824,10.4149572815001],[-75.486861042115,10.4149482389517],[-75.486836498947,10.4149380662673],[-75.4868130971842,10.4149301538495],[-75.4867885535794,10.4149256316153],[-75.4867645804129,10.4149256297861],[-75.4867406073345,10.4149244978642],[-75.4867166340799,10.4149256261221],[-75.4866892360869,10.414926754116],[-75.4866629797616,10.4149267521043],[-75.4866367234363,10.4149267500904],[-75.486610467111,10.4149267480744],[-75.4865853524537,10.4149256160532],[-75.486561379376,10.4149244841179],[-75.4865374064761,10.4149210919992],[-75.486512863054,10.4149143095623],[-75.486486607353,10.4149063969006],[-75.4864569269156,10.414898483972],[-75.4864318127073,10.4148917014848],[-75.4864055570103,10.4148837888164],[-75.4863827260521,10.4148758764113],[-75.4863581827263,10.4148679638718],[-75.4863102373887,10.4148555291483],[-75.4862822688803,10.4148532667906],[-75.4862565825419,10.4148634356071],[-75.4862160544126,10.4148894245347],[-75.4861932221074,10.4148984634781],[-75.4861623993773,10.4148995911593],[-75.4861361433253,10.414896198832],[-75.4861116000042,10.4148882862736],[-75.4860836317658,10.4148826336262],[-75.4860550925577,10.414879241113],[-75.4860271238677,10.4148792389147],[-75.4859985839341,10.4148848871229],[-75.4859711855787,10.4148905354185],[-75.4859420747625,10.4148973136674],[-75.4859175304443,10.4149018320928],[-75.4858924151535,10.4149086106528],[-75.4858661584647,10.4149131289389],[-75.4858364770372,10.4149176469514],[-75.4858119327159,10.4149221653688],[-75.4857868176958,10.4149255536481],[-75.4857634150442,10.4149289420615],[-75.4857371584437,10.4149323302462],[-75.4857114725405,10.414936848565],[-75.4856869282159,10.4149413669727],[-75.4856635254701,10.4149458854697],[-75.4856344147342,10.4149515335998],[-75.4856087287358,10.4149571820011],[-75.4855819011569,10.414962830309],[-75.4855579274334,10.414969608934],[-75.485529958273,10.4149752571461],[-75.4855054142206,10.4149763852675],[-75.4854802991929,10.4149797735228],[-75.4854523304941,10.4149797712741],[-75.4854294998317,10.4149684685289],[-75.4854135192051,10.4149503857892],[-75.485398109556,10.4149300429132],[-75.4853935454699,10.4149029203663],[-75.4853964015563,10.4148769285083],[-75.4854049652587,10.4148543273826],[-75.4854232344246,10.4148068650409],[-75.4854260904147,10.4147820032733],[-75.4854295172866,10.4147560114607],[-75.4854335147616,10.4147322798756]]]},"properties":{"FID":158,"CODIGO":"1954","NOMBRE":"OLAYA ST. CENTRAL","UCG":5,"LOC":"LV","ZONA":"UCG 5","Shape__Area":535217.474609375,"Shape__Length":3462.9753672285196}},{"type":"Feature","id":159,"geometry":{"type":"Polygon","coordinates":[[[-75.477476431188,10.4069929534056],[-75.4770377756963,10.4067914118641],[-75.4768936575615,10.4071624597198],[-75.4766369250664,10.4070824486934],[-75.4766162507808,10.4067224719195],[-75.4765058300014,10.4061576912108],[-75.4763951186124,10.4058976938947],[-75.4759651148103,10.4053055937075],[-75.4749985734074,10.404047480861],[-75.4748614236211,10.4027817306008],[-75.4750846583435,10.4029482673339],[-75.4759251021677,10.4034012050615],[-75.4759759030508,10.4034254361325],[-75.4762800559772,10.4035348087882],[-75.4765956430587,10.4036482267018],[-75.4772101939389,10.403868684677],[-75.4769748313148,10.404431472643],[-75.4783692437794,10.4050266259389],[-75.4782771808168,10.4051475181305],[-75.4783919376505,10.405219577178],[-75.4781763596482,10.4056462965786],[-75.4780279674216,10.4060065176111],[-75.4782420313067,10.4061076689178],[-75.4780531075915,10.4064997669128],[-75.4782182447912,10.4066161680079],[-75.4778346987637,10.4072119037714],[-75.477476431188,10.4069929534056]]]},"properties":{"FID":159,"CODIGO":"1957","NOMBRE":"OLAYA ST. LA MAGDALENA","UCG":6,"LOC":"LV","ZONA":"UCG 6","Shape__Area":89358.4853515625,"Shape__Length":1555.1425432862786}},{"type":"Feature","id":160,"geometry":{"type":"Polygon","coordinates":[[[-75.4810770935916,10.4065031259459],[-75.4811268282595,10.4065141150865],[-75.4810305949682,10.4072273371468],[-75.4805088077223,10.410247685451],[-75.4803758052422,10.4108035786009],[-75.4804049639007,10.4104156311765],[-75.4803294709112,10.4105151901804],[-75.4802384151507,10.4107003065765],[-75.480127135664,10.4108203766314],[-75.4800613794863,10.4108854145949],[-75.4799147040265,10.4109404367798],[-75.4798084931923,10.4109354231739],[-75.4797629859951,10.4108253451676],[-75.479722560933,10.4104701010375],[-75.4797225874135,10.4102053572332],[-75.4797529584327,10.4099601946876],[-75.4796417799665,10.4100084551953],[-75.4795100059076,10.4101264577022],[-75.4794851712347,10.410144334035],[-75.4794637531432,10.4101899080809],[-75.4794306451708,10.4102170272731],[-75.4794066712937,10.4102283259492],[-75.4793821276383,10.4102271932035],[-75.4793684312991,10.4102034600022],[-75.4793764251718,10.410175208303],[-75.4793844184702,10.4101526072758],[-75.4793672962291,10.4101401747894],[-75.479342180345,10.4101537333847],[-75.4793187778507,10.4101616414763],[-75.4792953770684,10.4101469480342],[-75.4797296719068,10.4091260869221],[-75.4802992508058,10.4078028639243],[-75.4804551474855,10.4073103582153],[-75.4807196196987,10.4065104246962],[-75.4807429512873,10.4064440239389],[-75.4810770935916,10.4065031259459]]]},"properties":{"FID":160,"CODIGO":"1959","NOMBRE":"OLAYA ST. LA PUNTILLA","UCG":6,"LOC":"LV","ZONA":"UCG 6","Shape__Area":41964.630859375,"Shape__Length":1310.4585676857796}},{"type":"Feature","id":161,"geometry":{"type":"Polygon","coordinates":[[[-75.482317022585,10.4108964852774],[-75.482220647846,10.4111997647879],[-75.481979115645,10.4111221931524],[-75.4819939582407,10.4109122773931],[-75.4819745527895,10.4108975845114],[-75.4819557194078,10.4108749806816],[-75.4819397390435,10.4108568980543],[-75.4819276318262,10.4108384547211],[-75.4818973856936,10.4108801286146],[-75.4817521126841,10.4109120507904],[-75.481574560298,10.4109120344126],[-75.4814292925433,10.4108880690945],[-75.4813163131262,10.4107922514807],[-75.4812759747783,10.41064853606],[-75.4812921278249,10.4105207932296],[-75.4813324966802,10.4103531337861],[-75.4813647873308,10.4102653124886],[-75.4813694946054,10.4102094946252],[-75.4813699756527,10.4102066918281],[-75.4813661645425,10.4102070424043],[-75.4813404790392,10.4102126906827],[-75.4813142226059,10.4102172085978],[-75.4812891083072,10.4102149459261],[-75.4811050711421,10.4102482552929],[-75.4810581053758,10.4102732677174],[-75.4810016081093,10.4103131824286],[-75.4809217072968,10.4103084258178],[-75.4809123828682,10.4103222692417],[-75.4809009648052,10.4103460000018],[-75.4808866930515,10.4103663404351],[-75.4808701386088,10.4103866803622],[-75.4808507302565,10.4104058902886],[-75.4808318927561,10.4104239696705],[-75.4808102014553,10.4104397890323],[-75.4807770935725,10.4104669080742],[-75.4807531192858,10.4104827269258],[-75.4807268620534,10.4104951557915],[-75.4807000342936,10.4105053236954],[-75.4806726360067,10.4105132317943],[-75.4806463793188,10.4105200096919],[-75.4806311064362,10.4106955440313],[-75.4805625290827,10.4110283548769],[-75.4804156489858,10.4110089533686],[-75.4804254560119,10.4108570861785],[-75.4803758052422,10.4108035786009],[-75.4805088077223,10.410247685451],[-75.4810305949682,10.4072273371468],[-75.4811268282595,10.4065141150865],[-75.4811839885373,10.4061097047367],[-75.482643124387,10.4061237637734],[-75.4830787025367,10.4061057728149],[-75.4832944045787,10.4060968633177],[-75.4843634483503,10.4060527046885],[-75.4843646084257,10.4060960873867],[-75.4842734553602,10.4069962007578],[-75.4842135066621,10.4070792715006],[-75.4840695802163,10.407850677351],[-75.4839616212683,10.4085864822534],[-75.4838836353924,10.4092926197225],[-75.483354111841,10.4120373244678],[-75.4832719703886,10.4121764829146],[-75.4831940424319,10.412206146022],[-75.4831161213652,10.4121586673334],[-75.4830271463245,10.4121896032425],[-75.4830109930335,10.4123253299036],[-75.4829464204175,10.4124131480095],[-75.4827365891863,10.4123652248503],[-75.482663961613,10.4122773948768],[-75.4826881895184,10.4121017494382],[-75.4826801337785,10.4119420692168],[-75.4826559359523,10.4117903708795],[-75.4826720898022,10.4116466611969],[-75.4826559591937,10.4115348833803],[-75.4826640393057,10.4114231085887],[-75.4826156229715,10.4113512485629],[-75.4825187838001,10.4112634161],[-75.4824461549318,10.4111995377816],[-75.482397738538,10.4111196935294],[-75.4823735416441,10.4109600112602],[-75.4823816227181,10.410848236472],[-75.4823808811865,10.4108440773615],[-75.4823775300061,10.4108467667233],[-75.4823552676962,10.4108659764835],[-75.4823358598206,10.4108806658459],[-75.482317022585,10.4108964852774]]]},"properties":{"FID":161,"CODIGO":"1958","NOMBRE":"OLAYA ST. PROGRESO","UCG":6,"LOC":"LV","ZONA":"UCG 6","Shape__Area":203370.146484375,"Shape__Length":2313.771235631235}},{"type":"Feature","id":162,"geometry":{"type":"Polygon","coordinates":[[[-75.4789508817767,10.4046933229326],[-75.4787721045129,10.4045320166301],[-75.4800300578967,10.4034831912329],[-75.480584767888,10.4030556252541],[-75.4809127621489,10.4034816799309],[-75.4812159655504,10.4038755306935],[-75.4812587607993,10.4039094301262],[-75.4817773270214,10.4045511836782],[-75.4817979584391,10.4045852701993],[-75.4820761656992,10.4044073446024],[-75.4827010586138,10.404032432594],[-75.4835176935841,10.40356167451],[-75.4835844327912,10.4035247605946],[-75.4840818515017,10.4045751185907],[-75.484123801057,10.4046819338818],[-75.4842256917757,10.4047887542191],[-75.4844474593129,10.4049608583979],[-75.4850228801791,10.4051329915138],[-75.485977488508,10.4053833769763],[-75.4847961531206,10.4060183773363],[-75.4843634483503,10.4060527046885],[-75.4832944045787,10.4060968633177],[-75.4830787025367,10.4061057728149],[-75.482643124387,10.4061237637734],[-75.4811839885373,10.4061097047367],[-75.4810307044572,10.4060880120696],[-75.480617121644,10.4059574251824],[-75.480419325059,10.4058565284925],[-75.4789508817767,10.4046933229326]]]},"properties":{"FID":162,"CODIGO":"1970","NOMBRE":"OLAYA ST. STELLA","UCG":6,"LOC":"LV","ZONA":"UCG 6","Shape__Area":144788.6494140625,"Shape__Length":1962.7877395106868}},{"type":"Feature","id":163,"geometry":{"type":"Polygon","coordinates":[[[-75.4765744369693,10.4073975404058],[-75.4766369250664,10.4070824486934],[-75.4768936575615,10.4071624597198],[-75.4772109123031,10.4075930213078],[-75.4776246493576,10.4082704223909],[-75.4778457663974,10.4084256242097],[-75.4776273880536,10.4088357165647],[-75.4774699088939,10.4090927269008],[-75.4777495223093,10.4092675047632],[-75.4782690019585,10.4096058390729],[-75.4781550554578,10.4100046132503],[-75.4780911281287,10.4102851319054],[-75.4780377456634,10.4106414050622],[-75.4778448401086,10.4107133373978],[-75.47733105641,10.4107511577137],[-75.4769167830627,10.4109075309643],[-75.4765847431634,10.4109137515414],[-75.4764835302261,10.4110951851436],[-75.4761641252639,10.411239054509],[-75.4760042953943,10.4115382856945],[-75.4758746221061,10.4117197162568],[-75.4756279448879,10.4118886194109],[-75.4757218522616,10.4117918369194],[-75.4761155625339,10.4089732416322],[-75.476274279429,10.4086169442581],[-75.4765744369693,10.4073975404058]]]},"properties":{"FID":163,"CODIGO":"1961","NOMBRE":"OLAYA ST. ZARABANDA","UCG":6,"LOC":"LV","ZONA":"UCG 6","Shape__Area":75686.69921875,"Shape__Length":1408.1694671550779}},{"type":"Feature","id":164,"geometry":{"type":"Polygon","coordinates":[[[-75.48484765916,10.35798077613],[-75.4845055966784,10.3585184494347],[-75.4838708834121,10.3591753879727],[-75.4836360498623,10.358991891395],[-75.4833201520974,10.3594088492991],[-75.482792198413,10.3599769308618],[-75.4825731625556,10.3597363587505],[-75.4825463774932,10.3596219357481],[-75.4820266495773,10.3591406727475],[-75.4818484108297,10.3589769292898],[-75.4806103360014,10.3578395336146],[-75.4811194601088,10.3572351455527],[-75.4816982896703,10.3565497887263],[-75.4825723063312,10.3555865438791],[-75.4847810048874,10.3530125952243],[-75.4874583711263,10.350146614258],[-75.4884984214169,10.3489290448858],[-75.4888245050617,10.3494925246034],[-75.4887251699514,10.3497779813032],[-75.4887210747431,10.3531448021141],[-75.4872884754186,10.3548188591921],[-75.4859526714296,10.3565552247699],[-75.48484765916,10.35798077613]]]},"properties":{"FID":164,"CODIGO":"8870","NOMBRE":"VILLA HERMOSA","UCG":14,"LOC":"LI","ZONA":"UCG 14","Shape__Area":416922.83984375,"Shape__Length":3221.4906362303159}},{"type":"Feature","id":165,"geometry":{"type":"Polygon","coordinates":[[[-75.502368321977,10.373273565616],[-75.5023742877075,10.373301958564],[-75.5026919451281,10.3733119513692],[-75.5028381674532,10.3733518921387],[-75.5045676328565,10.3735665935102],[-75.5048953738948,10.373631497622],[-75.5050135884749,10.3736240738157],[-75.5055783389884,10.3721657290876],[-75.5058829276247,10.3712597401765],[-75.5059882401842,10.3709782314078],[-75.5091968275562,10.3723355728351],[-75.5092304992879,10.3723660856514],[-75.5092636003919,10.3723898177526],[-75.5093006968244,10.3724124198525],[-75.5093435000564,10.3724293715842],[-75.509384020569,10.3724497136512],[-75.5093891567701,10.3724802259981],[-75.5094057072954,10.3725242998251],[-75.5094199748471,10.3725649832844],[-75.509427964378,10.3726056667082],[-75.5094376665817,10.3726361793687],[-75.5094542169304,10.3726621716908],[-75.5094816109321,10.3727028552183],[-75.5094941666193,10.3727164164118],[-75.5095227020446,10.3727457988585],[-75.5095324039997,10.3727706611189],[-75.5094901711661,10.3727943927949],[-75.509487888305,10.3728226450568],[-75.5094998729609,10.3728486373518],[-75.5095135698444,10.372892711157],[-75.5095198477174,10.3729220934856],[-75.5095272666654,10.3729492157769],[-75.5095306909354,10.3729650372533],[-75.5095358271471,10.3729978099293],[-75.5095438170497,10.3730283225769],[-75.5095500946182,10.3730610952585],[-75.5095569431575,10.3730938679428],[-75.5095694984009,10.3731402017821],[-75.5095746349527,10.3731650640173],[-75.5095814832395,10.3731910562826],[-75.5095957507979,10.373240780483],[-75.5096025993746,10.3732679027692],[-75.5096191496163,10.373324407398],[-75.5096254275304,10.3733492696378],[-75.5096431192993,10.3734317665009],[-75.509651108853,10.3734781003138],[-75.5096625230562,10.3735255644536],[-75.5096682300019,10.3735515564216],[-75.5096762199534,10.3735775486896],[-75.5096824976341,10.3735922398666],[-75.5097024726637,10.3736272729411],[-75.5097190230917,10.3736521352264],[-75.5097361444927,10.3736769972242],[-75.5097635386501,10.373710900307],[-75.5097880791137,10.3737481934392],[-75.5098034884698,10.3737775758009],[-75.5098131903838,10.3738239099055],[-75.5098228923851,10.3738510321984],[-75.509822892256,10.3738804144922],[-75.5098234628553,10.3738984959952],[-75.5098303114066,10.3739391794008],[-75.5098354476801,10.3739685620057],[-75.5098451496584,10.3740024647156],[-75.5098611294046,10.3740352374302],[-75.5098788214833,10.3740680104402],[-75.5098868114368,10.3741007831202],[-75.509883957621,10.3741312957125],[-75.5098594168214,10.374162938236],[-75.5098285980841,10.3741663281696],[-75.5097943552963,10.3741640679781],[-75.5097641072581,10.3741629378222],[-75.5097338592149,10.374162937685],[-75.5096967627399,10.3741606771806],[-75.5096465397785,10.3741561565656],[-75.5096128676608,10.3741561564004],[-75.5095729174407,10.3741651969498],[-75.5095323965151,10.3741787578665],[-75.5094970122591,10.3741968391803],[-75.5094667640878,10.3742194408932],[-75.5094359452137,10.3742454329537],[-75.5094051262764,10.3742815957827],[-75.5093977070804,10.3742940268446],[-75.5093720245483,10.3743290593884],[-75.5093452007181,10.37435279142],[-75.5093166648451,10.3743765231498],[-75.5092909823728,10.3743991248727],[-75.509267012242,10.3744194662717],[-75.509241330069,10.3744398079478],[-75.5092116525644,10.3744578892648],[-75.5092150765492,10.3745189142035],[-75.5092527436656,10.3745336058704],[-75.5092886986702,10.3745607283367],[-75.5093252243542,10.3745889808238],[-75.5093514772931,10.3746048021441],[-75.5093828666798,10.3746149733844],[-75.5093977051981,10.374621753886],[-75.509434230918,10.3746466162963],[-75.5094467866995,10.3746567871366],[-75.5094724686343,10.3746805191723],[-75.509506711634,10.3747076416047],[-75.5095198380037,10.3747358939448],[-75.5095352470729,10.3747686669603],[-75.5095449490912,10.3747935289279],[-75.5095540804129,10.3748217812456],[-75.5095643531148,10.3748466435048],[-75.5095734844573,10.3748715054684],[-75.5095871815088,10.3749020181404],[-75.5096008785455,10.3749359211651],[-75.509615717216,10.3749743442805],[-75.5096265605971,10.375001466583],[-75.5096379746833,10.375024068513],[-75.5096533840488,10.3750613616078],[-75.5096642273919,10.3750975246585],[-75.5096790657471,10.375143858788],[-75.5096864850588,10.3751698507613],[-75.5096927627173,10.3751958430181],[-75.5097076013359,10.3752500875849],[-75.5097201566661,10.3753009417869],[-75.5097287173528,10.3753258040321],[-75.5097389903613,10.3753540563489],[-75.5097486923771,10.3753868290376],[-75.5097572530632,10.3754128213033],[-75.5097680964819,10.3754376835575],[-75.5097806522342,10.3754636755511],[-75.5097920663178,10.3754930581817],[-75.5098040513623,10.3755258308784],[-75.5098166070861,10.3755597338877],[-75.5098451426181,10.3756309296938],[-75.5098571273812,10.3756637026776],[-75.5098725368327,10.3756942150537],[-75.5098873753129,10.3757247277161],[-75.5099005017497,10.3757552403707],[-75.5099119158504,10.3757857530179],[-75.5099239009278,10.3758162653776],[-75.5099358860166,10.3758445179834],[-75.509948441475,10.3758784206976],[-75.5099592851902,10.3759100633619],[-75.5099832550297,10.3759823894471],[-75.5099935277641,10.3760174224611],[-75.5100038008147,10.3760468047896],[-75.5100220636231,10.3761010493518],[-75.510030624059,10.3761270416091],[-75.5100403264505,10.3761519038489],[-75.5100523112661,10.3761812861818],[-75.5100654377215,10.3762163192033],[-75.5100785641678,10.3762547422881],[-75.5100894076167,10.3762863849473],[-75.5101008220512,10.3763157675655],[-75.5101133778344,10.3763508005828],[-75.5101304990593,10.3763937440532],[-75.5101453378858,10.3764253867236],[-75.5101653128357,10.3764660701588],[-75.5101761563155,10.3764931924403],[-75.5101904241574,10.3765304855023],[-75.5101984142564,10.3765474370037],[-75.5102178185053,10.3765982912036],[-75.5102258085724,10.3766265437849],[-75.5102395057528,10.3766604464896],[-75.5102463544937,10.376676267965],[-75.5102629050672,10.376720341447],[-75.5102760315552,10.3767598948331],[-75.5103000015451,10.3768277005166],[-75.510307420938,10.3768570831151],[-75.5103119866611,10.376871774272],[-75.5103279668715,10.3769124576848],[-75.5103422347256,10.3769587914876],[-75.5103490831551,10.3769859137517],[-75.5103610682992,10.3770243371093],[-75.5103753361691,10.3770684105786],[-75.510383326277,10.3770910124704],[-75.5104061550035,10.3771362162705],[-75.5104278420861,10.3771768996918],[-75.5104529538184,10.3772379249482],[-75.5104677924011,10.3772797383717],[-75.5104763531822,10.3773125110318],[-75.5104854846553,10.3773430236504],[-75.5105083133896,10.3773995285226],[-75.5105191569162,10.3774334312075],[-75.5105334251239,10.3774752446261],[-75.5105476930478,10.3775147980017],[-75.510559107268,10.3775487009754],[-75.5105779409537,10.377598425128],[-75.5105944919362,10.3776311977999],[-75.5106127549767,10.3776651004952],[-75.510636725106,10.3777340364602],[-75.5106509930666,10.3777668091248],[-75.5106664026881,10.3778029721435],[-75.5106772462476,10.377835744801],[-75.5106892314715,10.3778696477704],[-75.51070521148,10.3779159815571],[-75.5107126309399,10.3779431038126],[-75.5107206210924,10.377966835716],[-75.5107320353544,10.3779962183087],[-75.5107497277348,10.3780369017002],[-75.5107662787409,10.378082105463],[-75.5107788343902,10.3781069673921],[-75.5107953854307,10.3781318296152],[-75.5108033756087,10.3781442604367],[-75.5108239214418,10.378182683785],[-75.5108336236496,10.3782222371406],[-75.5108341942961,10.3782561398011],[-75.5108330528772,10.3782945631226],[-75.5108239212508,10.3783397668508],[-75.5107645659754,10.3783770597868],[-75.5107440200604,10.3783906208795],[-75.5107103471835,10.378399661577],[-75.5106783866557,10.3784098322949],[-75.5106487091556,10.3784256536978],[-75.5106196020432,10.3784437351414],[-75.510587641499,10.3784584262241],[-75.5105522568345,10.3784708572544],[-75.5105088816672,10.3784855483057],[-75.5104666481647,10.3784991093328],[-75.5104421071409,10.3785070200018],[-75.5104187071978,10.3785149303825],[-75.5103947368527,10.3785251013809],[-75.5103467961643,10.3785431827514],[-75.5102657532495,10.3785703047672],[-75.5102383584868,10.378578215123],[-75.5102143881347,10.3785872557975],[-75.5101898468018,10.3785962964684],[-75.5101618813439,10.3786053371263],[-75.5101333451895,10.3786166381113],[-75.5101030966789,10.3786279387987],[-75.5100437413432,10.3786437600422],[-75.5100192003102,10.3786482803262],[-75.5099997957548,10.3786528006277],[-75.5099689765664,10.3786595809265],[-75.5099392987331,10.3786708818898],[-75.5099016309212,10.3786968739606],[-75.5098982063871,10.3787251262106],[-75.5098964941882,10.3787578988412],[-75.5098913575855,10.3787872813942],[-75.5098862209533,10.3788234443633],[-75.5098765184879,10.3788686480607],[-75.5098719525932,10.3788923799316],[-75.509863391509,10.3789353233017],[-75.5098554011055,10.3789793969842],[-75.509851976496,10.3790234706858],[-75.5098519762772,10.3790743248174],[-75.5098508347988,10.3790980567021],[-75.5098496933153,10.3791229188972],[-75.5098496932179,10.3791455207655],[-75.5098508343802,10.3791952448806],[-75.5098536879974,10.3792223671345],[-75.5098702385298,10.3792946931819],[-75.509898774559,10.3794009219345],[-75.5099124718203,10.3794359549577],[-75.509927310476,10.3794675976322],[-75.5099444321734,10.3795015006463],[-75.5099900898781,10.3795862576097],[-75.5100083529453,10.3796258110191],[-75.5100226208795,10.3796710148073],[-75.5100283279747,10.3796947467169],[-75.5100328937006,10.3797162185801],[-75.5100465909656,10.3797580320124],[-75.5100642833359,10.379804366121],[-75.5100756976113,10.3798314884023],[-75.5100882535561,10.3798597407081],[-75.5101042339169,10.3798925133986],[-75.5101185019394,10.379919635688],[-75.5101287748559,10.3799433676109],[-75.5101316285502,10.3799569287408],[-75.5101692962221,10.3800134336772],[-75.5101287894923,10.3801970520564],[-75.5103293558376,10.3804665418928],[-75.5104582918037,10.3805232767925],[-75.5107018377934,10.3805374609112],[-75.5110026887544,10.3805516448867],[-75.5114324759655,10.3806792976614],[-75.5116187173302,10.3808353175506],[-75.5115470862017,10.3809487867782],[-75.5117333275693,10.3809771538128],[-75.5119052423978,10.3808636843414],[-75.5119052428068,10.3810480716993],[-75.5120198531424,10.3811473569292],[-75.5122060956154,10.3814735801837],[-75.5123923382608,10.3817430687547],[-75.5125785808543,10.381927455361],[-75.5126645402958,10.3822820460298],[-75.5128507831455,10.3824238815472],[-75.5131433676909,10.3827143523507],[-75.5131211094342,10.3827572960244],[-75.5131148314583,10.3827685969934],[-75.513098851185,10.3828024998827],[-75.513087436753,10.3828352726513],[-75.5130834417744,10.3828590046309],[-75.5130783053254,10.3828816065239],[-75.5130714568215,10.382927940383],[-75.5130594715706,10.3829471520359],[-75.5131313845116,10.3830703317656],[-75.5131513600993,10.3830658112727],[-75.5131776137438,10.3830624208332],[-75.5132021551994,10.3830601604953],[-75.5132561836038,10.3830551341133],[-75.5132715021896,10.3831157964057],[-75.5132676750499,10.3834835621682],[-75.5132676784261,10.3839991924669],[-75.5131855773101,10.3855359034046],[-75.5118909260714,10.3854308167689],[-75.5115900709764,10.3858846937096],[-75.511010392932,10.3854485793497],[-75.5107512216187,10.3856102878856],[-75.5102878124078,10.3866727389862],[-75.5067101768969,10.3849444472022],[-75.5063892754316,10.3847894225538],[-75.506156361813,10.3842820984306],[-75.5058387388718,10.38361385439],[-75.505661260065,10.3828927805656],[-75.5058204270935,10.3817051743605],[-75.5038013794587,10.3814119849201],[-75.5032988192001,10.3824867872126],[-75.5017209219687,10.3817893305506],[-75.5024639708924,10.3800676093616],[-75.5031714079353,10.3785188194614],[-75.4997687269302,10.3770021241051],[-75.4998762191788,10.3767550952132],[-75.5000552571711,10.3758031506705],[-75.5006423537006,10.3760454716394],[-75.5006953226769,10.3757826504631],[-75.5007294799367,10.375493671231],[-75.500730295599,10.3754147852565],[-75.5007498151984,10.3752135460918],[-75.5007620178647,10.3749994273381],[-75.5007702211742,10.3749570928053],[-75.5012827000751,10.3749974694874],[-75.501478618388,10.3732828320936],[-75.5022426928378,10.3733193408814],[-75.5022697202962,10.3732390711841],[-75.502368321977,10.373273565616]]]},"properties":{"FID":165,"CODIGO":"5750","NOMBRE":"MAMONAL","UCG":11,"LOC":"LI","ZONA":"UCG 11","Shape__Area":1366278.3466796875,"Shape__Length":6320.3537994625085}},{"type":"Feature","id":166,"geometry":{"type":"Polygon","coordinates":[[[-75.4774699088939,10.4090927269008],[-75.4776273880536,10.4088357165647],[-75.4778457663974,10.4084256242097],[-75.4776246493576,10.4082704223909],[-75.4772109123031,10.4075930213078],[-75.4768936575615,10.4071624597198],[-75.4770377756963,10.4067914118641],[-75.477476431188,10.4069929534056],[-75.4778346987637,10.4072119037714],[-75.4782182447912,10.4066161680079],[-75.4780531075915,10.4064997669128],[-75.4782420313067,10.4061076689178],[-75.4780279674216,10.4060065176111],[-75.4781763596482,10.4056462965786],[-75.4783919376505,10.405219577178],[-75.4782771808168,10.4051475181305],[-75.4783692437794,10.4050266259389],[-75.4769748313148,10.404431472643],[-75.4772101939389,10.403868684677],[-75.4778766962858,10.404079133488],[-75.4783558240566,10.4042839897865],[-75.4787721045129,10.4045320166301],[-75.4789508817767,10.4046933229326],[-75.480419325059,10.4058565284925],[-75.480617121644,10.4059574251824],[-75.4810307044572,10.4060880120696],[-75.4811839885373,10.4061097047367],[-75.4811268282595,10.4065141150865],[-75.4810770935916,10.4065031259459],[-75.4807429512873,10.4064440239389],[-75.4807196196987,10.4065104246962],[-75.4807196627939,10.4065104304265],[-75.4804551474855,10.4073103582153],[-75.4802992508058,10.4078028639243],[-75.4797296719068,10.4091260869221],[-75.4792953770684,10.4101469480342],[-75.4792851057276,10.4101209548437],[-75.479270051499,10.4101427163727],[-75.4792478584747,10.4102439361037],[-75.4791893837403,10.4104657451094],[-75.4789919736325,10.4104594236874],[-75.4787704552363,10.4106730516149],[-75.4784994407915,10.4106116086415],[-75.4782559445051,10.4106195290871],[-75.4780377456634,10.4106414050622],[-75.4780911281287,10.4102851319054],[-75.4781550554578,10.4100046132503],[-75.4782690019585,10.4096058390729],[-75.4777495223093,10.4092675047632],[-75.4774699088939,10.4090927269008]]]},"properties":{"FID":166,"CODIGO":"1960","NOMBRE":"OLAYA ST. PLAYA BLANCA","UCG":6,"LOC":"LV","ZONA":"UCG 6","Shape__Area":171727.2275390625,"Shape__Length":2424.1428639784344}},{"type":"Feature","id":167,"geometry":{"type":"Polygon","coordinates":[[[-75.4731250476969,10.3696110419621],[-75.4733087434552,10.3697355058511],[-75.4735911536136,10.3699437768279],[-75.474520973383,10.3705657448639],[-75.47375923754,10.3714193100044],[-75.4729718843963,10.3725437013357],[-75.4724756933069,10.373320434186],[-75.4719003361314,10.3741153947765],[-75.4718145211987,10.3742860620091],[-75.4716898525369,10.3742184898552],[-75.4714805228357,10.3747235157556],[-75.470746728972,10.3744340938472],[-75.470987899441,10.3738380200378],[-75.4693377542151,10.372633635501],[-75.4692461350151,10.3723766463209],[-75.4711933487804,10.3708121364349],[-75.471800322856,10.3705147288477],[-75.4731250476969,10.3696110419621]]]},"properties":{"FID":167,"CODIGO":"8960","NOMBRE":"CIUDADELA 2000","UCG":14,"LOC":"LI","ZONA":"UCG 14","Shape__Area":150494.6494140625,"Shape__Length":1740.7021681891197}},{"type":"Feature","id":168,"geometry":{"type":"Polygon","coordinates":[[[-75.4690171779661,10.3954670619323],[-75.4689785380525,10.3954120466236],[-75.4683715882643,10.3959628942584],[-75.4675811763873,10.3966802413856],[-75.4674806620721,10.3965769457347],[-75.466409056675,10.3975526130115],[-75.4663868449252,10.3975086185721],[-75.4665221960508,10.3957493638976],[-75.4649475114732,10.3953823199671],[-75.4646504282738,10.3940110366829],[-75.4661683603424,10.3925060431663],[-75.4676939750084,10.3910619426589],[-75.4687081580667,10.3919706186852],[-75.4697627432723,10.390752039924],[-75.4706822521798,10.3909475873008],[-75.4717661941184,10.3911376839991],[-75.4740645869137,10.3915615582102],[-75.4743621550738,10.3917395792493],[-75.4749190376572,10.3922160210053],[-75.4752550741794,10.3925777270403],[-75.4756274896749,10.3930955910097],[-75.4761248982623,10.3942824447763],[-75.4763690958582,10.3946306373627],[-75.4763372464462,10.3946459368953],[-75.4754460648207,10.3951358416245],[-75.4753973779604,10.3951618152438],[-75.4749761297443,10.3954959437243],[-75.4744951051225,10.3955248757469],[-75.4742524996785,10.3955538346064],[-75.4741060925989,10.3956324959442],[-75.4739345646101,10.3959140613327],[-75.4735948094698,10.3955417444284],[-75.4732944772134,10.3958447185494],[-75.4738892189533,10.3964793930482],[-75.4738874627592,10.3970051010118],[-75.4738466589148,10.3971443468511],[-75.4737422041776,10.397188814314],[-75.4724968712367,10.3976985868187],[-75.4715489308221,10.3980983382575],[-75.4710662551879,10.3973287794235],[-75.4690171779661,10.3954670619323]]]},"properties":{"FID":168,"CODIGO":"8100","NOMBRE":"PROVIDENCIA","UCG":13,"LOC":"LI","ZONA":"UCG 13","Shape__Area":651720.818359375,"Shape__Length":3969.6072634357074}},{"type":"Feature","id":169,"geometry":{"type":"Polygon","coordinates":[[[-75.4663868449252,10.3975086185721],[-75.466409056675,10.3975526130115],[-75.4674806620721,10.3965769457347],[-75.4675811763873,10.3966802413856],[-75.4676878411199,10.3967889650451],[-75.4700481399047,10.3987297624452],[-75.4696426762931,10.3988997591398],[-75.4677937515224,10.3996877684453],[-75.4670021283574,10.4000589071554],[-75.4668720695152,10.4001369957478],[-75.4661958682177,10.4005429920918],[-75.4657183155604,10.400819644167],[-75.4655256378058,10.3988016635044],[-75.4626911466583,10.3976318492022],[-75.4598432855716,10.3965072748836],[-75.4615025086501,10.3931717307521],[-75.4649475114732,10.3953823199671],[-75.4665221960508,10.3957493638976],[-75.4663868449252,10.3975086185721]]]},"properties":{"FID":169,"CODIGO":"8110","NOMBRE":"LA CAROLINA","UCG":13,"LOC":"LI","ZONA":"UCG 13","Shape__Area":368203.0146484375,"Shape__Length":3252.9011310122883}},{"type":"Feature","id":170,"geometry":{"type":"Polygon","coordinates":[[[-75.5396919706192,10.418655387947],[-75.5396241387735,10.4186352500019],[-75.5395223973864,10.418675546969],[-75.5395224004174,10.4187091202603],[-75.5394206574831,10.4187326305494],[-75.5393765655464,10.4187057758],[-75.5392883871065,10.4187124982071],[-75.5392069928651,10.4187326493132],[-75.5391595157286,10.4187762987421],[-75.5391154238081,10.4187494439568],[-75.5390679418846,10.4187393761062],[-75.5390136751744,10.4187091648631],[-75.5389390639197,10.4187293153117],[-75.5388330351738,10.4187301649523],[-75.538705173964,10.4186985351648],[-75.5385938569958,10.4185538931232],[-75.5386166835135,10.4184928661361],[-75.5388016050345,10.418317685563],[-75.5388215750993,10.4182204967773],[-75.5388267108242,10.4182012839993],[-75.5388843550373,10.4181436451976],[-75.5388997666776,10.418133472254],[-75.5389887999437,10.4180227163875],[-75.5389750985553,10.4179967248427],[-75.5386100391611,10.4178700195171],[-75.5383686520939,10.4178134465114],[-75.5379199852008,10.4177755717423],[-75.5378768703854,10.417771930138],[-75.5377023761295,10.4176718051592],[-75.5374666267841,10.4175934356347],[-75.5371611881394,10.4175980388849],[-75.5369929654304,10.4175340051342],[-75.5370303521863,10.4174273219903],[-75.5370229310606,10.4174047207766],[-75.5370098004868,10.4173877712716],[-75.5369167529839,10.4172917202601],[-75.5365270669832,10.4173866159028],[-75.5363020136548,10.4173618353872],[-75.5362432179464,10.4173132460219],[-75.5362477819531,10.4172838634532],[-75.5361889742977,10.4170849720956],[-75.5359611038723,10.4169430224064],[-75.5357929140351,10.4168551433233],[-75.5356834982495,10.4168822307247],[-75.5355467258645,10.4168822411536],[-75.5351455020706,10.4165573232071],[-75.5350269579014,10.4164490159809],[-75.5349357784851,10.4164761017698],[-75.5348901918375,10.4165302631803],[-75.5347807740516,10.4165302712565],[-75.5346713515396,10.416467094922],[-75.5345619230238,10.4163226814975],[-75.5344433818186,10.4162504794098],[-75.5342245358449,10.4161060737909],[-75.5340786344733,10.415952636478],[-75.5339874485644,10.4158894586034],[-75.5338780218694,10.4157630976178],[-75.5336818200492,10.4157480681368],[-75.5335281675948,10.4157589436364],[-75.5334020419792,10.4157153294703],[-75.5332338053052,10.4154271279857],[-75.5331496877562,10.4152926343117],[-75.5325191791352,10.414687183861],[-75.532290288958,10.4146318255039],[-75.5322210473312,10.4145756056394],[-75.5321897243252,10.4145501733086],[-75.5321473703658,10.4145157846419],[-75.531958637823,10.4142736084397],[-75.5319175376938,10.4142227570836],[-75.5317989817662,10.4141294705291],[-75.5316986746419,10.4140031081953],[-75.531415996859,10.4137323359381],[-75.5312883387121,10.4136511069017],[-75.5311059642396,10.413443512445],[-75.5310330146322,10.4133622799005],[-75.5310512399009,10.4131907782902],[-75.5308357387027,10.4117603551896],[-75.5309173609055,10.4117660022953],[-75.5309818571843,10.4117253150412],[-75.5310235171641,10.4116111724729],[-75.5308745075346,10.4110529173829],[-75.5307985958008,10.4110924744286],[-75.530889945487,10.4114823510506],[-75.5308631229554,10.4115467672384],[-75.5307158644768,10.4115953708096],[-75.5304778424172,10.4115230593914],[-75.5303927890177,10.4114111848296],[-75.5306912887242,10.4110913518238],[-75.5306107958532,10.4108766392537],[-75.5306433237948,10.4107839699536],[-75.5308995972312,10.4106562532057],[-75.5309287067162,10.4106517310501],[-75.5310628447384,10.4107070971559],[-75.5310776855582,10.4107251776936],[-75.5311130779284,10.4107760295245],[-75.5311284932297,10.4108528756304],[-75.5311090970178,10.4110201303216],[-75.5313031921162,10.4114710246206],[-75.5312506995265,10.4117784118125],[-75.5312980833876,10.4119128906188],[-75.5316485364312,10.4117817770118],[-75.5316639400494,10.4116676366145],[-75.5316057002009,10.4113625167522],[-75.5316713275587,10.4111647456845],[-75.5320047561485,10.4110090925993],[-75.5319966523797,10.4108426479715],[-75.5320426559592,10.4106980591005],[-75.5318961593192,10.410305862852],[-75.531860198128,10.4102764829474],[-75.5318185303178,10.4102640545563],[-75.5316969571286,10.4103149163864],[-75.5316632813619,10.4103183088847],[-75.5315108770855,10.4102335616724],[-75.5313293730243,10.4102979882504],[-75.5312688826292,10.4104957580691],[-75.5305614643562,10.4107262239251],[-75.5303611145412,10.4104871853329],[-75.5302746789425,10.4100309796408],[-75.5300874655577,10.4100880170876],[-75.5298426545274,10.4102733670833],[-75.529799459058,10.4104159354836],[-75.5301501802109,10.4109862858839],[-75.5301701672045,10.4111422371302],[-75.5299789838519,10.4116259273804],[-75.5300880311093,10.4120836077765],[-75.5299795897489,10.4122135746933],[-75.5299327856733,10.412216967779],[-75.5293500003926,10.4119762920056],[-75.5291861849622,10.4119559594605],[-75.5291519367856,10.4119491789546],[-75.5288731502738,10.4119227104243],[-75.5287276005443,10.4119272387844],[-75.5286927825791,10.4119249805053],[-75.5279133289296,10.4118362380134],[-75.527534895103,10.4117605404886],[-75.5272934476046,10.411646414448],[-75.5266478572588,10.4109604817126],[-75.5265890602158,10.4108237427175],[-75.5274052342359,10.4099467505692],[-75.5271443817025,10.4098495776905],[-75.5270005362985,10.4096732905845],[-75.5269874069549,10.409646169042],[-75.5268235807153,10.4093986861489],[-75.5268110218608,10.4093659150548],[-75.5268047421033,10.4093399231895],[-75.5268526781783,10.4091365035569],[-75.5266380417093,10.4086584864391],[-75.5267938438069,10.4082663371374],[-75.5266648369586,10.4080391942335],[-75.5266762494191,10.4079736491077],[-75.5271887924843,10.4076854505805],[-75.5270421003275,10.4076334738061],[-75.526571209627,10.4076301063879],[-75.526296088916,10.4075001588823],[-75.5261242700508,10.407175830914],[-75.5261516626011,10.4070775116122],[-75.5261545152196,10.407054907915],[-75.5260643244771,10.406876359256],[-75.5257087246268,10.4067260734592],[-75.5256830303256,10.4065237881791],[-75.5256990075663,10.4064243394083],[-75.5253633711177,10.4059576267029],[-75.5253724991082,10.4058604377071],[-75.5253736398679,10.4058446162309],[-75.5253953272292,10.4057982815918],[-75.5254364208967,10.4057542069963],[-75.5257628845203,10.4053507479946],[-75.5263196715453,10.4053592809753],[-75.5263378625754,10.4052584054623],[-75.5262832742306,10.4052439973702],[-75.5262869113314,10.405200765204],[-75.5264761491944,10.4052151669079],[-75.5264725126448,10.4052692070749],[-75.5264252040422,10.4052836199901],[-75.5264288463625,10.4053484678093],[-75.526887382059,10.405334035035],[-75.5271275637714,10.4052547645353],[-75.5272403771489,10.4052331429132],[-75.5273095142995,10.4050926354627],[-75.5273677201502,10.4046855312392],[-75.5273640748639,10.4045666434328],[-75.5289798739738,10.4047106645496],[-75.5290017108338,10.4047430873347],[-75.5300898307114,10.4048727210526],[-75.5307266914652,10.4049627495496],[-75.5307703559351,10.4048726802308],[-75.5312252556882,10.4049230894648],[-75.5322150070934,10.4033738795632],[-75.53253183078,10.4035463419226],[-75.5325716614275,10.403626042644],[-75.531771131856,10.4049266575667],[-75.5324677939887,10.4049975968195],[-75.5328811240639,10.4050615195919],[-75.533867193291,10.403510668337],[-75.5341838130792,10.4036907791181],[-75.5342238480471,10.4037484189084],[-75.5333651028016,10.4051138899568],[-75.5337468105091,10.4051700663998],[-75.5338170305811,10.4049411461206],[-75.5342778697259,10.4050123962416],[-75.5354587612806,10.4050693354221],[-75.5356603861862,10.4051976294379],[-75.535743674859,10.405353060535],[-75.5359916288259,10.4054257094767],[-75.5360348185459,10.4052546270186],[-75.536265236864,10.4052688656763],[-75.5366252637243,10.405268837321],[-75.5370321734747,10.4053585592475],[-75.53727331562,10.4053115550403],[-75.5374893377295,10.4053828203593],[-75.5376477604069,10.4055111166603],[-75.5376781791061,10.4056101553103],[-75.5380510066392,10.4056964188353],[-75.5382556444404,10.4056958566647],[-75.5382670672721,10.4062096379785],[-75.5383678923571,10.4064092217328],[-75.5383535060203,10.4065803020515],[-75.5385551343173,10.4067228508199],[-75.5386415660744,10.4070079752562],[-75.5384843352986,10.4070046694723],[-75.5384311152077,10.4070411509878],[-75.5383246707886,10.4070654780074],[-75.5381815938369,10.4071896173807],[-75.5380237705655,10.4072519412767],[-75.5379521236488,10.4072499207662],[-75.5379050449492,10.40729045468],[-75.5378227042996,10.4075061616978],[-75.5377314632211,10.4075313950128],[-75.537677825992,10.40754516608],[-75.5376023359136,10.4075569722777],[-75.5375566447735,10.4075668093466],[-75.5374542002235,10.4075887154843],[-75.537423950798,10.4075966286726],[-75.5373971243392,10.407607932503],[-75.5374117341228,10.4076289207997],[-75.5374199241931,10.4076512116224],[-75.5375795901983,10.4076025625351],[-75.5376976206136,10.4078968089856],[-75.5374473981609,10.408030217793],[-75.5374859004391,10.4080873810145],[-75.5377746268547,10.4080301908236],[-75.5378227632599,10.4082016859595],[-75.5379604433535,10.4081364785251],[-75.538466890402,10.408072770203],[-75.5387241605144,10.4083512853327],[-75.5385875395646,10.4088208310372],[-75.538587559693,10.4090516189281],[-75.5391323210728,10.4103477118222],[-75.5392157648632,10.410507380774],[-75.5394327020837,10.4107331108905],[-75.5395328355454,10.4109313208228],[-75.5398276460813,10.4112121045366],[-75.5400946309792,10.4113166960267],[-75.5402169992651,10.4113662396572],[-75.5404283691433,10.4115203905909],[-75.5409512212695,10.4117846341383],[-75.5412181975496,10.411790115308],[-75.5414628823337,10.4113441000754],[-75.5416130645183,10.41143218308],[-75.5419022529237,10.4110742605053],[-75.5423750503914,10.4113660369111],[-75.542280514595,10.4115477466271],[-75.541952326405,10.4112339319291],[-75.5414073159744,10.4119002190615],[-75.5415408156077,10.4120213401282],[-75.5418355666293,10.4116634170981],[-75.5419356846539,10.4116854318139],[-75.5419857506909,10.411768018155],[-75.5419468221221,10.4118230826596],[-75.5416409460066,10.4121699946931],[-75.5418856966858,10.412401226549],[-75.542225002437,10.4126379551451],[-75.5425643075993,10.4128636712245],[-75.5427090084357,10.4129952762643],[-75.5427701209428,10.4130508575929],[-75.5427701264808,10.4131059183532],[-75.5429036243719,10.4131995084597],[-75.5435099315778,10.4136564521724],[-75.5435599790429,10.4135518316782],[-75.5436656575379,10.4135518209832],[-75.5446724412081,10.4140858066909],[-75.5446335321819,10.4143225720061],[-75.5444889226549,10.4143556235237],[-75.5444221840005,10.4144106912095],[-75.5443943761238,10.4144327183953],[-75.5447003183881,10.4147134963866],[-75.5447985927679,10.4149110182735],[-75.5448505107674,10.4148731568259],[-75.5448522585994,10.4149188794499],[-75.544885925168,10.4149234419048],[-75.5449247385686,10.4149302182192],[-75.5449584164107,10.4149347341656],[-75.5449903811178,10.4149392520252],[-75.5450183504321,10.4149426394171],[-75.5450428937667,10.4149460254329],[-75.5451222350093,10.4149607090129],[-75.5451547717181,10.4149686171398],[-75.5451776012264,10.4149494023807],[-75.5452078496178,10.4149245378974],[-75.5452152725649,10.4149482689416],[-75.5452124215689,10.4149765208613],[-75.5452072878045,10.4150070345066],[-75.5451992997354,10.4150352869715],[-75.5451930226258,10.4150488487263],[-75.5451627710209,10.4150522428593],[-75.5451576310138,10.4150251212274],[-75.5451330858172,10.4150126921806],[-75.5451171033127,10.4150104335477],[-75.5450811430317,10.4150059178595],[-75.545030912922,10.4150002727888],[-75.5450109350245,10.4149968845543],[-75.5449698375536,10.4149912385096],[-75.5449218914592,10.4149867223314],[-75.5448962051053,10.4149855950169],[-75.5448546724269,10.4149820242364],[-75.5448616661685,10.415164977645],[-75.5446503092682,10.4151760119433],[-75.5443499239931,10.4148511847352],[-75.5438215024324,10.4145924534529],[-75.5437770123636,10.4146530248123],[-75.5438437643559,10.4147245969961],[-75.5437881604686,10.414884278847],[-75.5439494846165,10.4151210236302],[-75.5443202042159,10.4153942387653],[-75.5453845436831,10.4155723718158],[-75.5454790975302,10.4155613495576],[-75.545495791538,10.415632926746],[-75.5454457425868,10.4157210293034],[-75.5443110622695,10.4155394481655],[-75.5442832676366,10.415688115067],[-75.5442943964099,10.4157321625178],[-75.5443833964316,10.4157982262081],[-75.544377838441,10.4158367693094],[-75.5442944068625,10.4158312718681],[-75.5443500304351,10.4158587964897],[-75.5443444741841,10.4159138578153],[-75.544266603493,10.4158973476411],[-75.544439041003,10.4160239695128],[-75.5444223612061,10.4160845380686],[-75.5442888645369,10.4160184789919],[-75.5442666220602,10.4160735420395],[-75.5442499532462,10.416238726009],[-75.5441832234106,10.4163818908372],[-75.5443167149825,10.4163983952829],[-75.5443222851961,10.4164754797547],[-75.5442332925303,10.4164809950231],[-75.5442444450998,10.4167507915372],[-75.5441498948974,10.4168003559541],[-75.5441276783441,10.4171031923473],[-75.5438217857765,10.4173179605703],[-75.5435659312109,10.4173345047611],[-75.5433722686283,10.4173540950944],[-75.5431717214228,10.417546257216],[-75.5420551573993,10.4184710808289],[-75.541823430883,10.4186519184259],[-75.5417607921126,10.4187156290596],[-75.5415607016402,10.4187995813256],[-75.5414759225014,10.4188868799104],[-75.5414454051203,10.4189506720471],[-75.5413809697711,10.418984251419],[-75.5412487194251,10.4191756316144],[-75.5411707308114,10.4193435053749],[-75.5410961253053,10.4194240882463],[-75.5409333331772,10.4194274607376],[-75.5408417633768,10.4194375412168],[-75.5407671479537,10.4194140468147],[-75.5407332274883,10.4193569753535],[-75.5406348727943,10.4193469124255],[-75.5405500806847,10.4192999176052],[-75.5404245880086,10.4192260678484],[-75.5403296217548,10.4191824312268],[-75.5401396905652,10.4191085872147],[-75.539936191599,10.419014600333],[-75.5398242633596,10.4189206051464],[-75.5397055537068,10.4188433971694],[-75.5397157230281,10.4187863216687],[-75.5397157141781,10.4186889591245],[-75.5396919706192,10.418655387947]]]},"properties":{"FID":170,"CODIGO":"1700","NOMBRE":"MANGA","UCG":1,"LOC":"LH","ZONA":"UCG 1","Shape__Area":1893225.52734375,"Shape__Length":10262.738683074167}},{"type":"Feature","id":171,"geometry":{"type":"Polygon","coordinates":[[[-75.5509493278923,10.3956012152068],[-75.5509139389738,10.3955842682098],[-75.5508802633781,10.395568450185],[-75.5508431617762,10.3955481122119],[-75.5507935031569,10.3955243864126],[-75.5507586843809,10.395509700416],[-75.5507370002577,10.3955458099811],[-75.550561765996,10.3954373417928],[-75.5505760304061,10.3954091446984],[-75.5505394967689,10.3953662056837],[-75.5505269387663,10.3953549063032],[-75.5504983980987,10.3953311778682],[-75.5504772787145,10.3953119688901],[-75.5504333257988,10.3952803325957],[-75.5503985072753,10.3952599951954],[-75.5503602650056,10.3952385263091],[-75.5503185962517,10.3952159304563],[-75.5502763594897,10.3951933346671],[-75.5502312660853,10.3951696082237],[-75.550187314195,10.3951458816353],[-75.5501485015533,10.3951198933287],[-75.5501091145117,10.395093905991],[-75.550073724857,10.3950701783482],[-75.5500446148279,10.3950498402173],[-75.5500252083088,10.3950351513699],[-75.5500132196835,10.3950272430802],[-75.5499744053839,10.3950023857486],[-75.5499424409659,10.3949843072333],[-75.5499190384082,10.3949707489539],[-75.5498973499388,10.394957189562],[-75.5498807950154,10.3949470225381],[-75.5498494012229,10.3949278147567],[-75.5498162951744,10.3949086062741],[-75.5497860431732,10.3948916576291],[-75.5497512256476,10.3948713201576],[-75.5496758806161,10.3948329051682],[-75.5496416347706,10.3948125694244],[-75.5496125226059,10.3947967525264],[-75.5495782754935,10.394780934432],[-75.549549165299,10.3947662458118],[-75.549502361904,10.3947526921063],[-75.5494738237944,10.3947413936873],[-75.5494430011239,10.3947323566263],[-75.5494133217872,10.3947233185221],[-75.5493899189076,10.3947142814762],[-75.5493710829653,10.3947052429812],[-75.5493237074637,10.3946803856844],[-75.5492848923033,10.394647619432],[-75.5492500720093,10.3946114606167],[-75.5492129685761,10.3945741710719],[-75.5491775778191,10.3945402734043],[-75.5491444706251,10.394510894927],[-75.5491165020762,10.3944894246755],[-75.5490925279254,10.3944758682109],[-75.5490485779079,10.3944510104683],[-75.549023462394,10.3944385833211],[-75.5489989193247,10.3944250233002],[-75.5489795133002,10.3944137246648],[-75.5489543967433,10.3944001683242],[-75.548919579497,10.3943888714985],[-75.5488836291106,10.3944397289641],[-75.5487038267763,10.3943188310803],[-75.5487380663746,10.3942724923949],[-75.5487100974705,10.3942476345434],[-75.5486690000923,10.3942205153265],[-75.5486478809233,10.394209218679],[-75.5485999336195,10.3941821011566],[-75.5485639743423,10.3941583725075],[-75.5485462789134,10.3941482055467],[-75.5485051818306,10.3941233483009],[-75.5484800667414,10.3941063989339],[-75.5484241289205,10.3940713734765],[-75.5484007270081,10.3940544248086],[-75.5483784647752,10.3940374760069],[-75.5483208136557,10.3939934090885],[-75.5482979818596,10.3939787196273],[-75.5482722965746,10.3939662924866],[-75.5482437571346,10.3939504735887],[-75.5482175014838,10.3939335261408],[-75.5481906743039,10.3939177079447],[-75.5481621357856,10.3939018890394],[-75.548133023514,10.3938838118214],[-75.5481044836906,10.3938646026346],[-75.548075374946,10.3938453953188],[-75.5480451210495,10.3938261872277],[-75.5480160127087,10.3938103683747],[-75.5479663530024,10.3937809925768],[-75.5479435218983,10.3937719526467],[-75.5479007122734,10.3937516176955],[-75.5478767391441,10.3937380593307],[-75.5478504831441,10.393725630413],[-75.5478253696934,10.393714333263],[-75.5478036787925,10.3937019038203],[-75.5477791345258,10.3936849552368],[-75.54775858565,10.3936691362884],[-75.5477380371702,10.3936567085192],[-75.5477192029024,10.3936454097416],[-75.5476866666986,10.3936318505288],[-75.5476535615735,10.3936182949937],[-75.547619885831,10.3936058668999],[-75.5475924892638,10.3935934398985],[-75.5475536749413,10.3935731026392],[-75.5475279902407,10.3935651930949],[-75.5475011639097,10.3935561572017],[-75.5474492235043,10.3935380815989],[-75.5474252510615,10.393530173661],[-75.5473344970197,10.3934895005754],[-75.547311094815,10.3934770712918],[-75.547289977441,10.3934646417495],[-75.547267714915,10.3934522150468],[-75.5472465958474,10.3934409146899],[-75.5472220518901,10.3934262280558],[-75.5472015033178,10.3934126683516],[-75.5471786713573,10.3933957186254],[-75.5471541271483,10.3933787718018],[-75.5471010434848,10.3933448740753],[-75.5470747867748,10.3933256663486],[-75.5470485311099,10.3933075869036],[-75.5470205621551,10.3932883775555],[-75.5469920215406,10.3932691709809],[-75.5469663355937,10.3932499613734],[-75.5469406495216,10.3932296234796],[-75.5469183880821,10.3932104143908],[-75.5468949847602,10.3931878151507],[-75.5468744363617,10.3931674757759],[-75.5468550273832,10.3931448760888],[-75.5468373320829,10.3931267956748],[-75.5468196388672,10.3931109772524],[-75.5467808229737,10.3930838593454],[-75.5467334471542,10.3930522211087],[-75.5466963463921,10.3930262339977],[-75.5466735146144,10.3930104143273],[-75.5466455450505,10.3929934651305],[-75.5466187188157,10.3929765185173],[-75.546589607504,10.3929573092572],[-75.5465604969822,10.3929369717102],[-75.5465319583809,10.3929188933779],[-75.5465057010815,10.3929019439803],[-75.5464840121153,10.3928895162553],[-75.5464480513187,10.3928657873663],[-75.5464143757315,10.3928454484991],[-75.5463801278259,10.3928273725879],[-75.5463418853678,10.3927991235679],[-75.5463236194933,10.3927821732798],[-75.5463059234572,10.3927652256407],[-75.5462722468816,10.3927358451163],[-75.5462351452817,10.3927098588555],[-75.5462031815954,10.3926861304062],[-75.5461706449613,10.3926590117394],[-75.5461352537086,10.392623982734],[-75.5461158466432,10.3926013830009],[-75.546061618092,10.3925347134527],[-75.5460456342052,10.3925166328083],[-75.5460119570176,10.3924895133447],[-75.5459463189016,10.3924714389822],[-75.5459120730991,10.3924635320426],[-75.5458709780638,10.3924533674629],[-75.5458373060428,10.392464671118],[-75.5458093375673,10.3924567634897],[-75.5457813698822,10.3924477266708],[-75.5457534017021,10.3924341685761],[-75.5457248620312,10.3924138290826],[-75.5456637866398,10.3923573319373],[-75.5456335333278,10.3923324722505],[-75.5456089897032,10.3923110031296],[-75.5455855859999,10.3922917949732],[-75.5455627542078,10.3922748451303],[-75.5455387807979,10.3922567662197],[-75.5455159488878,10.3922386880893],[-75.5454908360594,10.3922228685775],[-75.5454668613237,10.3922093091267],[-75.5454440296673,10.3921934920798],[-75.545421197767,10.3921754130384],[-75.5453977948754,10.3921550738717],[-75.5453738207473,10.3921302125866],[-75.5453469920236,10.3920974436695],[-75.5452767816092,10.3920115641165],[-75.5452505233522,10.391984445592],[-75.5452197002742,10.3919595868299],[-75.5451865945759,10.3919381185835],[-75.5451552010036,10.3919155200602],[-75.5451312277665,10.3918985712109],[-75.545102688854,10.3918759723805],[-75.5450684400338,10.3918477236885],[-75.5450364747586,10.3918160835709],[-75.545021062142,10.3917934833488],[-75.5450096442748,10.3917663632398],[-75.544997084249,10.391724551146],[-75.5449850945462,10.3916872584569],[-75.5449719621959,10.3916477066069],[-75.5449554061572,10.3916070259281],[-75.5449405629703,10.3915719928178],[-75.5449240089435,10.3915414829681],[-75.5449057418865,10.3915121033899],[-75.5448869036566,10.3914872424318],[-75.5448686373319,10.3914646425014],[-75.5448498001421,10.3914409134414],[-75.544832676109,10.3914171832968],[-75.5448178327563,10.3913889316386],[-75.5448064153515,10.391357290248],[-75.5447955661452,10.3913188691472],[-75.5447841467459,10.3912770551162],[-75.5447710147484,10.391231854603],[-75.5447561715485,10.3911877807441],[-75.5447401847929,10.3911414495315],[-75.5447230583757,10.3910951175327],[-75.5447047894375,10.3910476555599],[-75.5446882339464,10.391011494331],[-75.5446728206729,10.3909821135365],[-75.5446397107178,10.3909278734567],[-75.5446265800764,10.3908951003366],[-75.5446220103865,10.3908600688519],[-75.5446254313322,10.3908182559804],[-75.5446356993993,10.3907764396833],[-75.5446516759541,10.3907357546914],[-75.5446670819998,10.3906973317511],[-75.5446830591478,10.3906622954114],[-75.5446978960759,10.3906306530835],[-75.5447144449258,10.3906046583259],[-75.5447332760824,10.390580925322],[-75.5447543912514,10.3905583212666],[-75.5447760771624,10.3905357153418],[-75.5447983340572,10.3905153722529],[-75.5448223029431,10.3904927669901],[-75.544855403816,10.3904622528332],[-75.5448902153332,10.39043399687],[-75.5449233152799,10.390403480898],[-75.5449392952371,10.3903865278319],[-75.5449609822789,10.3903661829834],[-75.5449895155181,10.3903458392208],[-75.5450169099402,10.3903334044147],[-75.5450477311428,10.3903254914228],[-75.5450717012735,10.3903232287091],[-75.5450962425139,10.3903243553066],[-75.545143045487,10.3903333910999],[-75.5451681585088,10.3903356486279],[-75.5451944119855,10.3903367759408],[-75.5452166727429,10.3903356434898],[-75.5452514863585,10.3903356397982],[-75.5452743160343,10.3903345081869],[-75.5453091341048,10.3903503257827],[-75.5453171256376,10.3903604957653],[-75.5453462357857,10.3903887431724],[-75.5453713499722,10.3903932626774],[-75.5454050235088,10.3903977794602],[-75.5454352744022,10.3904022957005],[-75.5454900674073,10.3904158518645],[-75.5455868235518,10.3903239303442],[-75.5456778505856,10.3902952456295],[-75.5465265520189,10.3905264885113],[-75.5465626325443,10.3905479203406],[-75.5465876273818,10.3905682942981],[-75.5466093177411,10.3905863742884],[-75.5466332908297,10.3906021911282],[-75.5466932220118,10.3906360881822],[-75.5467274686556,10.3906530366832],[-75.5467520118623,10.3906632038929],[-75.5467953904414,10.3906801513749],[-75.54683077794,10.3906913905114],[-75.5468633105667,10.3906925178945],[-75.5468867120397,10.3907004819926],[-75.5469255257074,10.3907185591528],[-75.5469403649513,10.390725338959],[-75.5469728988667,10.3907377645426],[-75.5470065763599,10.3907524519881],[-75.5470362547261,10.390764880596],[-75.5470647916255,10.3907614871312],[-75.5470956094439,10.3907400128344],[-75.5471104461222,10.3907162792344],[-75.5471093015348,10.390689157145],[-75.547111010675,10.3906620329281],[-75.5471395452404,10.3906382986977],[-75.5471874888957,10.3906473340646],[-75.5472194518087,10.3906575022146],[-75.5472457077862,10.3906721904679],[-75.5472810980279,10.390699250848],[-75.5473033598301,10.3907229811888],[-75.547337606912,10.3907433759541],[-75.5473518751603,10.3907478947167],[-75.5473861218547,10.3907569315963],[-75.5474323525149,10.3907670972119],[-75.5474551829949,10.3907727441916],[-75.5474734473796,10.3907772624973],[-75.5475014140447,10.390778333375],[-75.5476332589255,10.3907930087318],[-75.5476583731904,10.3908134054034],[-75.5476954740276,10.3908337428495],[-75.5477257250006,10.3908461704242],[-75.5477639665497,10.3908597262741],[-75.5477776648452,10.3908631149903],[-75.5477953578297,10.3908619259243],[-75.5479625865077,10.3908630378086],[-75.5479974057032,10.3908868227147],[-75.5480276564414,10.3909048998186],[-75.5480630448104,10.3909229781378],[-75.5481087059489,10.3909354030018],[-75.5481532254435,10.3909387321033],[-75.5483432925653,10.391020075908],[-75.548362701659,10.3910438634613],[-75.5484015157653,10.3910800201115],[-75.5484323391413,10.3911060095652],[-75.5484608796707,10.3911331293733],[-75.548490562477,10.3911591180496],[-75.5485219559692,10.3911873649007],[-75.5485767535398,10.3912370843945],[-75.5485955907017,10.3912506415],[-75.5486326888484,10.3912551023958],[-75.5487211582109,10.3912856045576],[-75.5487337177455,10.3913116512651],[-75.5487594055304,10.3913466820261],[-75.548790229097,10.391373800633],[-75.5488164846666,10.3913839665793],[-75.5488444528846,10.3913975262159],[-75.5488729929343,10.3914201238092],[-75.5489055301135,10.391458544031],[-75.5489255091038,10.3914822736217],[-75.5489449174856,10.3915071333704],[-75.5489654682778,10.3915319929836],[-75.5489877297599,10.3915591125786],[-75.5490037131247,10.3915794505496],[-75.5490271170213,10.3916065718153],[-75.5490545161528,10.3916336907999],[-75.5490642198089,10.3916416003012],[-75.5490876220814,10.3916551568387],[-75.5491133069371,10.3916653264441],[-75.5491412745109,10.3916732328807],[-75.5491892189718,10.3916720410638],[-75.5493895519354,10.3916923580432],[-75.5494009688116,10.3917082349331],[-75.5494215186026,10.3917319653285],[-75.5494409271278,10.3917500444929],[-75.5494643297489,10.3917737736414],[-75.5494905898139,10.3918054112851],[-75.5495151337135,10.3918347925632],[-75.5495419621591,10.3918619115737],[-75.5495630820292,10.3918799905261],[-75.5495847722357,10.391894679132],[-75.5496047513902,10.3919116281258],[-75.5496464206751,10.3919500462736],[-75.5496852343495,10.3919805541125],[-75.5497074958146,10.3919918514606],[-75.5497348924635,10.3920054092791],[-75.5497679972306,10.3920167062248],[-75.549802243496,10.3920280030296],[-75.5498330666858,10.3920359108703],[-75.5498633146358,10.3920369803629],[-75.5499780406983,10.3920833003025],[-75.5500071535988,10.3921217750685],[-75.5500277026255,10.3921387248707],[-75.550051105116,10.3921534123335],[-75.5500767906019,10.392168100422],[-75.5501024777768,10.39218165932],[-75.5501287323293,10.3921974783317],[-75.5501498512759,10.3922076465992],[-75.5501858110813,10.3922291121771],[-75.5502109266724,10.3922505826856],[-75.5502497416324,10.3922833506396],[-75.5502754276997,10.392302559081],[-75.5503051092909,10.3923240272178],[-75.550337074934,10.3923466242615],[-75.5503747456785,10.3923647011406],[-75.5504181255993,10.3923816481294],[-75.5504666395896,10.3923918130265],[-75.5505191503675,10.3923997163381],[-75.5505745123577,10.3924019706382],[-75.5506287333393,10.3924008329841],[-75.5506806704748,10.3923929168566],[-75.5507850470974,10.3923996501961],[-75.550981471744,10.3924385173506],[-75.5512346436783,10.3925076267139],[-75.5513450425289,10.3925544376139],[-75.5513690167268,10.3925759063657],[-75.5513947046658,10.3926018943657],[-75.551422674068,10.392630142262],[-75.5514523563466,10.3926561306606],[-75.5514843211928,10.3926787303013],[-75.5515162856086,10.3926979369502],[-75.5515876346705,10.3927329608357],[-75.5516235929944,10.3927487785026],[-75.5516629771672,10.3927679851058],[-75.5517023622577,10.3927871898959],[-75.5517417465859,10.3928075283898],[-75.5517782768803,10.3928256052472],[-75.5518233682374,10.3928493314776],[-75.5518467713392,10.3928606276275],[-75.551868460222,10.392870796613],[-75.5519398081909,10.3928967796823],[-75.5519706287793,10.3929046864129],[-75.5520060167191,10.3929159837403],[-75.5520385515328,10.3929250194345],[-75.5520699436105,10.3929385774476],[-75.5520984835904,10.3929577853781],[-75.5521247411632,10.3929815130618],[-75.5521470037862,10.3930075032455],[-75.55216926656,10.3930346226158],[-75.5522337716094,10.3931137190164],[-75.5522571758985,10.3931408400424],[-75.5522834333508,10.3931634367165],[-75.5523114026142,10.3931826456048],[-75.5523410841314,10.3932018542711],[-75.5523684825036,10.3932199322313],[-75.5524010176303,10.3932380086255],[-75.5524278448145,10.3932526972815],[-75.5524586681659,10.3932673845174],[-75.5525123205944,10.3932888484606],[-75.5525380063093,10.3932967557973],[-75.5525636914096,10.3933069233165],[-75.5525888049969,10.3933182219034],[-75.5526150612974,10.3933317796211],[-75.5526407469987,10.3933464675025],[-75.5526675734581,10.3933555047736],[-75.5526989654747,10.3933611502716],[-75.5527326411088,10.3933645361906],[-75.5527680271685,10.3933679218846],[-75.5528056983559,10.3933735665585],[-75.5528439389179,10.3933826041428],[-75.5528793269424,10.393393899565],[-75.5529130033177,10.3934097173826],[-75.5529449678946,10.3934289229835],[-75.5529809290809,10.3934583016021],[-75.5530043327086,10.393479770304],[-75.553024311986,10.3935023704468],[-75.5530636999488,10.3935486990869],[-75.5530871046424,10.3935780775233],[-75.5531099385898,10.3936074578405],[-75.5531687364918,10.3936797751459],[-75.5531875727748,10.3936978541551],[-75.553217254696,10.3937193229235],[-75.5532783285351,10.3937453061339],[-75.5533040136958,10.3937554735932],[-75.5533308408194,10.3937622506242],[-75.5533559541672,10.3937712871582],[-75.5533873469957,10.393782584857],[-75.5534204519282,10.3937927513311],[-75.5534615475313,10.3938040468416],[-75.5534963651781,10.3938176033587],[-75.5535323241782,10.3938300305332],[-75.5536048140036,10.3938560121747],[-75.5536402011954,10.3938673093206],[-75.5536738770487,10.393878604881],[-75.5537098369761,10.3938910320355],[-75.5537429417773,10.3939000683842],[-75.5537749043174,10.3939102340691],[-75.5538057274897,10.3939226618944],[-75.5538365491442,10.3939373480929],[-75.5538628057033,10.3939520367037],[-75.5538896339367,10.3939735039805],[-75.5539181748889,10.3939983622074],[-75.5539484279468,10.3940220892074],[-75.5539781104116,10.3940469490848],[-75.5540055095665,10.3940695472718],[-75.5540317673759,10.3940932757008],[-75.5540637339281,10.3941192635491],[-75.5540911324906,10.3941441219129],[-75.5541185313535,10.3941644590019],[-75.5541504971484,10.3941847972853],[-75.5541818911277,10.3942040046459],[-75.5542195623143,10.3942220801657],[-75.554265225256,10.3942424166005],[-75.5543143125605,10.3942616215726],[-75.5543691080121,10.3942853461373],[-75.554421049556,10.3943079400809],[-75.5544695669058,10.3943327964701],[-75.554510664173,10.3943553909574],[-75.5545791600479,10.3943960659208],[-75.5546008506613,10.3944107532797],[-75.5546174040381,10.3944220528643],[-75.5546510820156,10.3944480386136],[-75.5546739153912,10.3944717701651],[-75.5547087367602,10.3945113177617],[-75.5547327122498,10.3945327871619],[-75.5547589690827,10.3945553836303],[-75.5547840856143,10.3945734625956],[-75.5548086292562,10.3945892805486],[-75.5548360275771,10.3946050990155],[-75.5548657087542,10.3946197852692],[-75.5548948194955,10.3946367317819],[-75.554920505881,10.3946548106587],[-75.5549364893152,10.3946717598604],[-75.5549193683038,10.3946830631142],[-75.554871993469,10.3946661190906],[-75.5548548704158,10.3946627302409],[-75.554843458812,10.394687594722],[-75.5548468895755,10.3947260164797],[-75.5548548834387,10.3947565287803],[-75.5548714393539,10.3947859080152],[-75.5548942737126,10.3948164173901],[-75.5549216742577,10.3948480571372],[-75.5549530694507,10.3948751732568],[-75.5549918849132,10.3949056822527],[-75.5550261357425,10.3949395785272],[-75.555047827045,10.3949587880311],[-75.5550689457374,10.3949712161558],[-75.5551014802532,10.394982511721],[-75.555139152149,10.3949915482035],[-75.5551768222205,10.3950005846817],[-75.5552179180078,10.3950050994135],[-75.5552550163796,10.395007354505],[-75.5552869790433,10.39501074039],[-75.5553086681469,10.3950141276845],[-75.5553383490674,10.395026554614],[-75.5553686018548,10.3950468902978],[-75.5554159751846,10.3950525360399],[-75.5554445130158,10.3950536621972],[-75.5554747638616,10.3950536580237],[-75.5555421118549,10.3950536487217],[-75.555576357221,10.3950547740783],[-75.5556071782263,10.3950570290933],[-75.5556568354885,10.3950626726755],[-75.5556773820196,10.3950649300114],[-75.555712198781,10.3950705765463],[-75.5557492983971,10.3950750908603],[-75.5558012391598,10.395084125283],[-75.5558274935491,10.3950886419997],[-75.5558543194454,10.3950920285426],[-75.5558794334027,10.3950976746016],[-75.5559039764468,10.3951021915503],[-75.5559530623765,10.3951100962542],[-75.5559764645069,10.3951123531726],[-75.5559992942185,10.3951157393571],[-75.5560478101508,10.3951225122259],[-75.5560769183149,10.3951270303313],[-75.5561334238877,10.3951338029735],[-75.5561631033973,10.3951360589989],[-75.5561939253278,10.3951383148614],[-75.5562247454323,10.3951405707211],[-75.5562527130063,10.3951450871624],[-75.5562778266506,10.3951484711982],[-75.5562892435058,10.3951609024134],[-75.5563371917801,10.3951891479695],[-75.5563708677695,10.3952060937047],[-75.556405110605,10.395189484666],[-75.5564053909593,10.3951894846265],[-75.5564367846884,10.3952053023926],[-75.5564693204161,10.3952245093661],[-75.5564835903991,10.3952324179958],[-75.5565064242312,10.3952516263349],[-75.5565252611258,10.3952719662332],[-75.5566228761944,10.3953838306246],[-75.5566565564011,10.3954233790717],[-75.5567210631636,10.3954968249961],[-75.5567393294963,10.3955182959583],[-75.5567513180502,10.3955307234592],[-75.5567918444618,10.3955567116244],[-75.5568260911985,10.3955668766785],[-75.5568700420038,10.3955793023394],[-75.5569082824561,10.3955849473525],[-75.5569482369082,10.395596241672],[-75.5570404283222,10.3955566245429],[-75.5574554498687,10.3955203112028],[-75.5577361836371,10.3953873401293],[-75.5580596774037,10.3955020966253],[-75.5583212030598,10.3956842145074],[-75.558275516156,10.3958043675664],[-75.5581358789762,10.3958869556098],[-75.5579897364908,10.3959561866415],[-75.5569370714168,10.3967018480122],[-75.5553806629953,10.3979919018314],[-75.554558239448,10.3987395036854],[-75.5543592055093,10.3986077704327],[-75.5542738032238,10.398529927174],[-75.5543063284713,10.3984711580326],[-75.5543240186096,10.3984462936357],[-75.5543428517979,10.3984259485469],[-75.5543588304282,10.3984067357411],[-75.5543719543458,10.3983875224148],[-75.5543810838583,10.3983683078176],[-75.5543890716961,10.3983479668984],[-75.5543959180137,10.3983276234205],[-75.5544004816036,10.3983095404335],[-75.5544010509465,10.3982925898843],[-75.554399907098,10.3982756386619],[-75.554395907919,10.3982541683611],[-75.5543896270825,10.3982360877386],[-75.5543833453153,10.3982112265655],[-75.554376492169,10.3981818451021],[-75.5543713508355,10.3981490731327],[-75.5543679219173,10.3981106495696],[-75.5543673452787,10.3980744867102],[-75.5543690558484,10.3980620563744],[-75.5543724777451,10.3980360638028],[-75.5543804575204,10.397963736854],[-75.5543821651389,10.3979298329663],[-75.5543815909465,10.3978981904733],[-75.5543775908424,10.3978699405251],[-75.5543690249629,10.3978371681119],[-75.5543610306195,10.3978100460806],[-75.5543530367432,10.3977863161325],[-75.5543433301276,10.397759195235],[-75.5543319110836,10.3977309444757],[-75.5543216340231,10.3977060829337],[-75.5542965147717,10.3976631437253],[-75.5542702557141,10.3976326347737],[-75.5541960452537,10.3975456267566],[-75.5541714998661,10.3975185078424],[-75.5541469528107,10.3974925190182],[-75.5541212668418,10.3974721817078],[-75.5540944381508,10.3974563640114],[-75.5540293677563,10.3974269912236],[-75.5539968333326,10.3974179530236],[-75.5539551661726,10.3974043992869],[-75.5539140694664,10.3973885825728],[-75.5538729727644,10.3973727658534],[-75.5538375836431,10.3973569501782],[-75.5538216015097,10.3973501708473],[-75.5537856428605,10.3973433941686],[-75.5535635980446,10.3971942523534],[-75.5535361994091,10.3971773054972],[-75.5534865412434,10.397153580119],[-75.5534528632208,10.3971355030876],[-75.553414048693,10.397112904553],[-75.5533906465894,10.397098217342],[-75.5533158701275,10.3970507633109],[-75.5532918965142,10.3970372062595],[-75.5532496574681,10.3970146099624],[-75.5532285377965,10.3970021826239],[-75.5532062763103,10.3969874934417],[-75.5531571877415,10.3969615086576],[-75.5531320730887,10.3969445596596],[-75.5531075287343,10.3969310017649],[-75.5530801301462,10.3969140539652],[-75.5530527320122,10.3969004955348],[-75.5530019295348,10.3968688604909],[-75.5529722479307,10.3968519120754],[-75.5529448507203,10.3968383554436],[-75.5529157400287,10.3968225370404],[-75.5528917650869,10.3968055878752],[-75.5528672204545,10.3967897724903],[-75.5528432468799,10.3967762126927],[-75.5528198449774,10.3967626546274],[-75.552798724277,10.3967490980726],[-75.5527559148639,10.3967219796079],[-75.5527296575099,10.3967095529018],[-75.5526994053283,10.3966937355307],[-75.5526354753933,10.3966541905788],[-75.5525989443064,10.3966338518333],[-75.5525664082215,10.3966112560009],[-75.5525367266867,10.3965875269931],[-75.5525064725741,10.3965637998645],[-75.5524773623981,10.3965445920493],[-75.5524482503992,10.3965253833276],[-75.5524237059587,10.396510695288],[-75.552402015153,10.3964948776921],[-75.5523797537413,10.3964801893559],[-75.5523563520287,10.3964677613481],[-75.5523318068317,10.3964542033934],[-75.5523078333059,10.3964406444595],[-75.5522855728156,10.3964259561165],[-75.5522621689892,10.3964112688223],[-75.5522393371291,10.3963988407331],[-75.5522159346625,10.3963875437111],[-75.5521948149259,10.3963739834997],[-75.5521736951915,10.396360425999],[-75.5521520047031,10.3963468685698],[-75.5521012033185,10.3963152315732],[-75.5520766595298,10.3962982824187],[-75.5520509721125,10.3962790750322],[-75.5520230021485,10.3962564767542],[-75.5519984571623,10.3962372683139],[-75.5519744835208,10.3962225801669],[-75.5519499401856,10.3962090212784],[-75.5519259665486,10.3961943331276],[-75.5519008504898,10.3961796469283],[-75.5518734523243,10.396164958304],[-75.5518449137098,10.396151400818],[-75.5517901161866,10.3961197651819],[-75.5517621471303,10.3961039474324],[-75.5517358906342,10.3960903887439],[-75.5517107756513,10.3960768317172],[-75.5516856603794,10.3960610136006],[-75.551659403454,10.396044065534],[-75.5516285806347,10.3960282472286],[-75.5515994699391,10.3960113004208],[-75.5515401067568,10.3959751440446],[-75.5515041465749,10.3959548078134],[-75.551477319826,10.3959378579952],[-75.5514053977105,10.3958904619195],[-75.551380282613,10.3958757729666],[-75.551354026777,10.3958599549665],[-75.5513260562756,10.3958396168108],[-75.5512969450372,10.3958181487033],[-75.5512644089857,10.3957944208369],[-75.5512335856352,10.3957740830293],[-75.5512027620012,10.3957514859389],[-75.551171939572,10.3957311472211],[-75.5511399738112,10.3957108104509],[-75.5511080092544,10.3956927320531],[-75.5510452212316,10.3956531866382],[-75.5510126857885,10.3956339782097],[-75.5509807215331,10.3956181626953],[-75.5509493278923,10.3956012152068]]]},"properties":{"FID":171,"CODIGO":"3900","NOMBRE":"CASTILLOGRANDE","UCG":1,"LOC":"LH","ZONA":"UCG 1","Shape__Area":445811.4423828125,"Shape__Length":3875.5058161198594}},{"type":"Feature","id":172,"geometry":{"type":"Polygon","coordinates":[[[-75.5349242761515,10.422403059122],[-75.5345131133325,10.4222917911927],[-75.5339955396647,10.422185089935],[-75.5334060746846,10.4219716542922],[-75.5328127204161,10.4216912550132],[-75.5335220767132,10.4207660638156],[-75.5336763594944,10.420492960627],[-75.535242774597,10.4206733655041],[-75.5355701791478,10.4186980998587],[-75.535630117605,10.4183926643257],[-75.5360093672198,10.4175998601823],[-75.5361356144236,10.4176137364312],[-75.5362244598133,10.4176831597805],[-75.5362992790018,10.4177664702606],[-75.536308636126,10.4178358998072],[-75.536233832799,10.4179516227979],[-75.5362244889784,10.4180488259196],[-75.5362431958257,10.4180951113096],[-75.5363133348816,10.4181228779272],[-75.5363834798945,10.4182247034926],[-75.5364442700165,10.4182848716129],[-75.5364910346496,10.4183681842556],[-75.5365050661352,10.4184190986838],[-75.5366079320967,10.418400575796],[-75.5365892229298,10.4183265183173],[-75.536598571142,10.4182848594091],[-75.536603241312,10.4182154287604],[-75.5366593474192,10.4181737661367],[-75.5367294778666,10.4180950729031],[-75.5367341513952,10.4180673004188],[-75.536668684721,10.4179978753543],[-75.5366406254928,10.4179423333617],[-75.5367107626677,10.4179469564661],[-75.5367621985834,10.4179747244753],[-75.5368229841931,10.4179793483017],[-75.536893122895,10.4180024861071],[-75.5369165022117,10.4180071129153],[-75.5369913186171,10.4180533937497],[-75.5370380803112,10.4180996768317],[-75.5370427576252,10.4181181911952],[-75.5370754873859,10.4181089311811],[-75.5371362760872,10.4181505844294],[-75.5371783662428,10.4182477834062],[-75.5372251318331,10.4183403533116],[-75.5372064355695,10.4184236711636],[-75.5372391734249,10.41851161352],[-75.5372812648155,10.418622698536],[-75.5373186804375,10.4187337839272],[-75.537360756833,10.4186643502157],[-75.5374495938835,10.4186273134635],[-75.5375290793206,10.4185902774557],[-75.5375898670073,10.4186180445611],[-75.5376506523632,10.4186180395447],[-75.5377582023465,10.4186967182866],[-75.5378657508099,10.4187568822519],[-75.5379405667449,10.4187939054915],[-75.538034083917,10.4188077837215],[-75.538090196684,10.418844808493],[-75.5380948764522,10.4188910949497],[-75.5381509876507,10.4189096049707],[-75.5382164365068,10.4187661102195],[-75.5382865726894,10.418756846923],[-75.5383941168608,10.4187660951757],[-75.5384595848812,10.4188447772525],[-75.538646620524,10.4188864194363],[-75.5387728683598,10.4189002946423],[-75.53886170735,10.4188864009235],[-75.5389458729882,10.4189002796947],[-75.5390440664476,10.4189187859089],[-75.5393353884724,10.4189324594258],[-75.5395350309904,10.4189789157331],[-75.539665956804,10.4190159335969],[-75.5398436474406,10.4191270061837],[-75.5398624017715,10.4191439088431],[-75.5400399282793,10.4192331698285],[-75.5402260259036,10.4194230082048],[-75.5403907565772,10.4195574244445],[-75.5405216909532,10.419682386964],[-75.5407227622111,10.4198027142829],[-75.5410687918506,10.4200063443025],[-75.5411763378571,10.4200294776716],[-75.5413540220371,10.4200618617739],[-75.5415474134014,10.4201172751188],[-75.5415787509035,10.420119455517],[-75.5416302392703,10.4201336180902],[-75.5416454709859,10.4201725730451],[-75.5416466415231,10.4201884426573],[-75.54164834465,10.4202054607524],[-75.5417374895829,10.4205802380749],[-75.5419032015377,10.4206480997085],[-75.5420180650479,10.4208440461878],[-75.5419105259521,10.4208949720512],[-75.5419572946959,10.4210014272976],[-75.5421610978422,10.4211132074588],[-75.5421811204831,10.4213706433461],[-75.5423422381908,10.4216602102873],[-75.5420731176843,10.4220480870989],[-75.5420518086081,10.4220699882415],[-75.5420032155484,10.4221215053647],[-75.5419901632652,10.4221357678171],[-75.5419723542576,10.4221555248816],[-75.5419616226339,10.4221687343357],[-75.5419442897414,10.4222246906924],[-75.5419455381112,10.4222383011261],[-75.5418949978617,10.422380212355],[-75.5415038552788,10.4222049284071],[-75.5413074566945,10.4220707151106],[-75.5412279624043,10.4220198070559],[-75.5410455823391,10.4217883899166],[-75.5405405596025,10.4214505426754],[-75.5403394916563,10.4213765020985],[-75.5394463808199,10.4210896037425],[-75.5391705012835,10.4210294550745],[-75.5386888897234,10.4210202394312],[-75.5378893562563,10.4214183739504],[-75.537127225979,10.4217979887021],[-75.5378212123178,10.4228091057171],[-75.5381997793838,10.423657512368],[-75.5381828334171,10.4239739271245],[-75.5369496442381,10.4230199756142],[-75.5361827755359,10.4226775137919],[-75.5357198584349,10.4225849759148],[-75.5349242761515,10.422403059122]]]},"properties":{"FID":172,"CODIGO":"1550","NOMBRE":"PIE DEL CERRO","UCG":2,"LOC":"LH","ZONA":"UCG 2","Shape__Area":297044.3671875,"Shape__Length":3442.4305013083008}},{"type":"Feature","id":173,"geometry":{"type":"Polygon","coordinates":[[[-75.5210398666443,10.4069425039897],[-75.5203582799285,10.4046853624531],[-75.5194868447634,10.4018880027068],[-75.5191656959566,10.400885853692],[-75.5187655488209,10.3994728817311],[-75.51842079819,10.3983752681175],[-75.5176562496108,10.3958270246574],[-75.517137257053,10.3940971955569],[-75.5188598587742,10.3941430849408],[-75.5194050175433,10.3940781397762],[-75.5194614031548,10.3934047376115],[-75.51963335968,10.392534921651],[-75.5196557867978,10.3923498547806],[-75.5194875317943,10.3918020629643],[-75.5190201718273,10.3907620021127],[-75.518908007748,10.3905880425011],[-75.5187420684884,10.3902208386371],[-75.518407001485,10.3894517469972],[-75.5175732663261,10.3885967582183],[-75.5172922755368,10.3885889684453],[-75.5157750893359,10.3885287494679],[-75.5158868664541,10.3864658023257],[-75.5160320002004,10.3845620553051],[-75.5160908701591,10.3845741912246],[-75.5166275046232,10.3845592332396],[-75.5168256723326,10.3845298008451],[-75.5169742968768,10.3844415112468],[-75.5170832895483,10.3844513189329],[-75.5175489964041,10.3850300801525],[-75.5176084503559,10.3851968432292],[-75.5179750635983,10.3852556936821],[-75.5185398456874,10.3853145392509],[-75.5187126361813,10.3860961769919],[-75.5190994551782,10.3862521877681],[-75.519343009656,10.3864082017061],[-75.5196137521267,10.386380409767],[-75.5198659860204,10.3864136987554],[-75.5203956755713,10.3864220079534],[-75.520774024074,10.3863887012072],[-75.5209253636068,10.3863803727378],[-75.5209926236628,10.3863137793081],[-75.5211523711807,10.3863137743986],[-75.5213289361012,10.3863720363428],[-75.5216244019241,10.386364206025],[-75.5217661348863,10.3862221916399],[-75.5217848525277,10.3857471478523],[-75.5223042157773,10.3857726816235],[-75.5222656058318,10.3861102579543],[-75.5224375238375,10.3861102519859],[-75.522523485901,10.3861953508572],[-75.5228542700443,10.386162122612],[-75.5228468520199,10.386207326597],[-75.5227412650709,10.3861926392729],[-75.5227378416932,10.3862152412539],[-75.5227543928585,10.3862141106383],[-75.5227994813707,10.3862197594054],[-75.5228428580322,10.3862321889302],[-75.5228839517682,10.3862491386145],[-75.5229267573174,10.3862581777978],[-75.5229547214845,10.386206192647],[-75.5229980980232,10.3862152317999],[-75.5230374780952,10.3861982788851],[-75.5230740058514,10.3862129686722],[-75.5231190942409,10.3862152273327],[-75.5231314043172,10.3862487650886],[-75.5231670529868,10.386253469498],[-75.5233334128845,10.3862605218601],[-75.523364309608,10.386295813709],[-75.5233904508362,10.3862699311718],[-75.5233975803525,10.3862652251655],[-75.5234284750729,10.3862487539159],[-75.5234403570798,10.3862275776529],[-75.5234522389935,10.3862040485215],[-75.5234760034579,10.3861734603321],[-75.5235116507439,10.3861428716858],[-75.5235377916706,10.3861099305329],[-75.523573438296,10.3860628718046],[-75.5236236189912,10.386027612648],[-75.523644164313,10.3860004896228],[-75.5236658513248,10.385973366552],[-75.5236875383396,10.3859473738606],[-75.5238176120367,10.3858059214349],[-75.5239037658746,10.3856934586521],[-75.5239689518824,10.3858142393777],[-75.5240278064762,10.3858225609561],[-75.524027808172,10.3858641805733],[-75.5240278112245,10.3859390958842],[-75.5240950713121,10.3858974733189],[-75.5241633729116,10.3858983521237],[-75.5242548192017,10.3859057910441],[-75.5243220808796,10.3858974643797],[-75.5243977503065,10.3858891373559],[-75.5245238669486,10.3858974560725],[-75.5245406799852,10.3858391879105],[-75.524574084786,10.3858519196106],[-75.524711573767,10.3859118970104],[-75.5247814788381,10.3858357615971],[-75.5249842131212,10.3858380600048],[-75.5249306267902,10.386068766738],[-75.5249947087686,10.386072238586],[-75.525158981923,10.3857919115687],[-75.5254199769771,10.3858795678065],[-75.5254199785402,10.3859141734721],[-75.5252056142648,10.3863940481158],[-75.5252721789066,10.3863885356317],[-75.5254151105521,10.386380205414],[-75.5254782584198,10.3864194135978],[-75.5255271928775,10.3863871127982],[-75.5255668039868,10.3863063644775],[-75.5256203953869,10.3861956239479],[-75.5256600070841,10.386128717881],[-75.5257019484064,10.3860479694376],[-75.5257555412085,10.3859695275048],[-75.5258270655457,10.3858308079795],[-75.5259784050645,10.3858308010515],[-75.5261549713951,10.385905708189],[-75.5262894922516,10.3858391105099],[-75.5263147191024,10.3859140246341],[-75.5264072055944,10.3859389920382],[-75.5263483589277,10.3860971493621],[-75.5262895050197,10.386105476056],[-75.5262138347974,10.386097155679],[-75.5262054302136,10.3861637474579],[-75.5260372769766,10.3862053748865],[-75.5260036518043,10.386330235286],[-75.5259868452688,10.3865216862918],[-75.5259616289866,10.3866715180662],[-75.5259700430095,10.3868047004466],[-75.5259842288812,10.3869677494532],[-75.526012104222,10.3872791621084],[-75.5259112189151,10.3874539691209],[-75.5258608101465,10.3882697158186],[-75.5258524046554,10.3883196597352],[-75.5258355959879,10.3884694910994],[-75.5257683645259,10.3891437318703],[-75.5256547978467,10.3895301962055],[-75.5254947209038,10.3902661525246],[-75.5253803865279,10.3909417211463],[-75.5251935858889,10.3908436027956],[-75.5251935902529,10.390941729343],[-75.5248024137926,10.3911751373112],[-75.5247892878053,10.3912033901082],[-75.5247647464927,10.3912259929969],[-75.5247379224824,10.3912452059193],[-75.5247145225832,10.3912678087559],[-75.5246905522627,10.3912904116149],[-75.5246660112285,10.3913130144959],[-75.5246380454435,10.3913310971482],[-75.5246043713415,10.3913344886167],[-75.5245375941905,10.3913356217075],[-75.5244974102751,10.3913526638468],[-75.524657522304,10.3913696406153],[-75.5245689021256,10.3916725156705],[-75.5245174572551,10.39213390126],[-75.5244366067877,10.3921617232897],[-75.524462861612,10.3921764136251],[-75.5244965360446,10.3921786722724],[-75.5245296393777,10.3921786708995],[-75.5245964169518,10.3921764080793],[-75.5246300909001,10.3921741463426],[-75.5246637649445,10.392174144932],[-75.5246968686179,10.392175273562],[-75.5247299719506,10.3921752721684],[-75.5247625042305,10.3921673603652],[-75.5247881871378,10.3921470174699],[-75.5248121575165,10.3921244146049],[-75.5248418356441,10.3921097222151],[-75.524870371803,10.3920758180822],[-75.5248971949906,10.392036263919],[-75.5249268722641,10.3919955793219],[-75.5249399982226,10.3919661962111],[-75.5249502702799,10.3919356832018],[-75.524955976204,10.3919017803274],[-75.5249725251329,10.3918362341086],[-75.5249816556615,10.3918034611067],[-75.5249902154275,10.3917695581088],[-75.5250615473481,10.3915118939448],[-75.525249358916,10.3912931897773],[-75.5255409914512,10.3913214826157],[-75.5257170747138,10.3913877068425],[-75.5258266188524,10.3914028343056],[-75.5260822793771,10.3914344606249],[-75.5261845390169,10.3913585244994],[-75.526199464761,10.3913097532101],[-75.5262001771971,10.3912824339045],[-75.5261921851078,10.3912496616669],[-75.5261841930741,10.3912180194491],[-75.5261819085656,10.3911829866149],[-75.526188755817,10.3911502136841],[-75.5262075891217,10.3911230905833],[-75.52623555509,10.391105007794],[-75.526267516403,10.3910948352456],[-75.5262916380096,10.3910872927709],[-75.5264689494422,10.3908310713555],[-75.5264775370898,10.390806651936],[-75.5264900917424,10.3907750087466],[-75.5265055005782,10.3907444954408],[-75.5267297865633,10.3903986761966],[-75.5267389177602,10.3903839846234],[-75.526754896969,10.3903534712773],[-75.5267725887043,10.3903252181772],[-75.5267891389636,10.3902958351112],[-75.5268051181631,10.3902653217625],[-75.5268228098328,10.3902359383499],[-75.5268439260973,10.390207685079],[-75.5268878706161,10.39015456851],[-75.526908986982,10.3901285755645],[-75.5269301032315,10.3901003219984],[-75.5269483656449,10.3900720688602],[-75.5269660572904,10.3900426857287],[-75.5269837486971,10.3900144323271],[-75.5270025821007,10.3899861791576],[-75.5270208444441,10.3899567959948],[-75.5270385357841,10.3899274125698],[-75.5270556566484,10.3898968991517],[-75.527088186009,10.3898370027068],[-75.5271041654485,10.3898064893424],[-75.5271207153002,10.3897759762381],[-75.5271372654408,10.3897454628437],[-75.5271509617491,10.3897149495901],[-75.527161233404,10.3896821764655],[-75.5271680808132,10.3896494035109],[-75.5271743572216,10.3896166302952],[-75.5271823459848,10.389582727263],[-75.5271869102118,10.3895488241118],[-75.5271874791964,10.3895149214488],[-75.5271846236469,10.3894810186669],[-75.5271829098041,10.3894471161174],[-75.5271817666684,10.38941321325],[-75.5271783403564,10.3893781807653],[-75.5271754848092,10.389344277983],[-75.5271726295549,10.3893103754899],[-75.5271703447155,10.389276472679],[-75.5271731967624,10.3892414395922],[-75.5271823269866,10.3892086665228],[-75.5271971647376,10.3891792835191],[-75.5272131441331,10.3891487701481],[-75.5272256987034,10.3891182569472],[-75.5272336875062,10.389085483933],[-75.5272393931903,10.3890527110327],[-75.5272405334548,10.3890244584418],[-75.5272422435569,10.3889849053295],[-75.5272422401003,10.3889170997685],[-75.527242238372,10.3888831968433],[-75.527243378113,10.3888504241706],[-75.5272422350308,10.3888176516119],[-75.527237665637,10.3887498462783],[-75.5272365225557,10.38871707343],[-75.5272342377139,10.3886831709077],[-75.5272256730364,10.3886142357525],[-75.5272199639646,10.3885803331114],[-75.5272119705733,10.3885226987093],[-75.5272091152651,10.3884876661945],[-75.5272096842456,10.3884537632398],[-75.5272125363958,10.388420990481],[-75.5272176713077,10.3883870872985],[-75.5272222355712,10.388354314454],[-75.5272256580743,10.388320411646],[-75.527234215201,10.3882413045828],[-75.5272416306264,10.3881565471847],[-75.5272422006974,10.388144116353],[-75.5272496187693,10.3881113430758],[-75.5272558951964,10.3880797001651],[-75.5272587472808,10.3880457973847],[-75.5272593163128,10.3880130247388],[-75.5272576022356,10.3879802519177],[-75.5272530345803,10.3879463495081],[-75.5272461842248,10.3879147072532],[-75.5272404751636,10.3878808046111],[-75.5272376196811,10.3878480321359],[-75.5272341934377,10.3878141296687],[-75.5272244893329,10.3877836175762],[-75.5272204923879,10.3877497148478],[-75.5272039410432,10.3877485856527],[-75.527182823369,10.3877451963539],[-75.5271765545136,10.3879260115082],[-75.5271514418358,10.3879271430664],[-75.5271736616995,10.3871575485581],[-75.5272147552715,10.3871643272129],[-75.527220452065,10.3869575198705],[-75.5269624795856,10.3869846548644],[-75.5269544970297,10.3871417382305],[-75.5269288134851,10.3871383491387],[-75.5269470600096,10.3867959300455],[-75.5269727435265,10.386799319136],[-75.5269664730966,10.3869507520282],[-75.52725526523,10.3869179648106],[-75.5272872239476,10.3868659790857],[-75.5272883633303,10.386826425707],[-75.5272889322995,10.3867925230381],[-75.5272883599223,10.3867597501575],[-75.5272900705876,10.3867258474312],[-75.5272912103161,10.386693074754],[-75.527294062092,10.386659171681],[-75.527298626265,10.3866252688115],[-75.5273037614309,10.3865913656239],[-75.5273083256596,10.3865585927746],[-75.5273140312327,10.3865246895581],[-75.5273237303288,10.3864580138096],[-75.527328865197,10.3864241106212],[-75.5273465530082,10.3863246615601],[-75.5273516878718,10.3862907586604],[-75.5273625283549,10.3862240825631],[-75.5273665217552,10.3861890494106],[-75.5273710859136,10.386155146539],[-75.5273767917649,10.3861212433205],[-75.5274127213652,10.3856047891248],[-75.527408153728,10.385570886423],[-75.5274013033508,10.3855381141462],[-75.5273927405836,10.3855053419555],[-75.527379041345,10.3854748300645],[-75.5273579226615,10.3854488389179],[-75.5273350919985,10.3854251081865],[-75.5273128322729,10.385400247404],[-75.5272688828896,10.3853493952067],[-75.5272460521254,10.3853234044276],[-75.5272255041049,10.3852962832229],[-75.5272078101114,10.3852680315646],[-75.5271906864134,10.3852375201251],[-75.5271747041744,10.3852081383591],[-75.5271615756117,10.3851764964092],[-75.5271490179858,10.3851437244097],[-75.5271404551984,10.3851098219015],[-75.527133604567,10.385077049618],[-75.5271267542292,10.3850442773342],[-75.5271204742424,10.3850103747121],[-75.5271153359466,10.3849764723224],[-75.5271067714545,10.3849086671686],[-75.5271033454928,10.3848736343838],[-75.5271004899382,10.3848386015707],[-75.527097634955,10.3848148698318],[-75.5270930661653,10.3847572352436],[-75.5270919230572,10.3847233326554],[-75.527090209251,10.3846894298059],[-75.5270902075399,10.384655527161],[-75.5270942010079,10.3846216240291],[-75.5270951222958,10.384616813356],[-75.5270534315642,10.3844930092378],[-75.5269703261191,10.3841260106507],[-75.5269397770401,10.3839532343659],[-75.5269394984317,10.3839526165821],[-75.526925228608,10.3839221049859],[-75.5269092464043,10.3838915931835],[-75.5268909815857,10.3838644718431],[-75.5268698633992,10.3838396106823],[-75.5268481742271,10.3838147498372],[-75.5268219193614,10.3837932792748],[-75.5267959776223,10.3837804392191],[-75.5267091107202,10.383790561293],[-75.5266992119171,10.3837978055911],[-75.5266843743727,10.3838271888706],[-75.5266775270389,10.3838599618267],[-75.5266746751659,10.3838927345901],[-75.5266683985265,10.3839255075183],[-75.526662692875,10.3839582807082],[-75.5266529920512,10.3839910538008],[-75.5266444326194,10.3840238268381],[-75.526633590342,10.3840554699643],[-75.52661818179,10.3840848532677],[-75.5265976368495,10.3841119764859],[-75.5265748086588,10.3841357094606],[-75.5265474143184,10.3841537922591],[-75.52651431194,10.3841560538803],[-75.5264806382973,10.3841526654219],[-75.5264475354259,10.3841447562714],[-75.5264150031442,10.3841345870491],[-75.5263836120956,10.3841210274181],[-75.5263533623897,10.3841063374202],[-75.5262922924189,10.3840735676696],[-75.5262620426678,10.3840577479316],[-75.5262335051953,10.3840396677799],[-75.526204967726,10.3840215876256],[-75.526148463387,10.383983166952],[-75.5261193549386,10.3839650868166],[-75.5260143362036,10.3838848549985],[-75.5259492710358,10.383849825325],[-75.5259252996245,10.3838351349981],[-75.5259047524484,10.3838215748227],[-75.5258807809359,10.3838046247403],[-75.5258596630144,10.383789934278],[-75.5258374036491,10.3837741141349],[-75.5256781662953,10.3837074457884],[-75.5256496292181,10.383702926701],[-75.5256256582979,10.383698407406],[-75.5256005460373,10.3836950181813],[-75.5255754334848,10.3836916292438],[-75.5255052330782,10.3836837216538],[-75.5254829739945,10.383673551879],[-75.5254590028231,10.3836633818893],[-75.5254356021085,10.3836543421826],[-75.5254133432703,10.3836430423822],[-75.525391654838,10.3836317422657],[-75.5253699664071,10.3836204424371],[-75.5253260189045,10.3835989725319],[-75.5252815011049,10.3835797629765],[-75.5252581004415,10.3835650728637],[-75.5252421189216,10.3835458617634],[-75.5252307034565,10.3835243907108],[-75.5252284192721,10.3834995286181],[-75.5252295594055,10.3834712763137],[-75.5252335532607,10.3834418935745],[-75.5252369766206,10.3834170315217],[-75.5252415411702,10.3833876487573],[-75.5252472473124,10.3833627866046],[-75.5252529535041,10.3833390544725],[-75.5252649369233,10.3832927199144],[-75.5252729262379,10.3832701177026],[-75.5252826274361,10.3832429950432],[-75.5252906164953,10.3832147424378],[-75.5252991762486,10.3831864898071],[-75.5253145847904,10.3831616269376],[-75.5253357011224,10.3831424144987],[-75.5253317047955,10.3831164224608],[-75.5253374110271,10.3830938203477],[-75.5253551029397,10.3830757380789],[-75.5253961943095,10.3830463539895],[-75.5254110323455,10.3830260115129],[-75.5254018996687,10.3830045403646],[-75.5253842059302,10.382981939284],[-75.5253642294647,10.3829604683239],[-75.5253431113194,10.3829389974127],[-75.5253202812439,10.382920916927],[-75.5252968809313,10.3829130072305],[-75.5252672028337,10.3829084881589],[-75.5252432318385,10.3829073591868],[-75.5252181198463,10.3829084903043],[-75.5251901543876,10.3829164022475],[-75.5251684669657,10.3829265739569],[-75.5251462088474,10.382936745979],[-75.5251239507776,10.382948047731],[-75.5250765807092,10.3829604808771],[-75.5250474733611,10.3829638724847],[-75.525022361314,10.3829638735661],[-75.5249978199621,10.382963874621],[-75.5249727075733,10.3829627453885],[-75.5249487368672,10.3829616163944],[-75.5249236243803,10.3829582271164],[-75.5248973708942,10.382957098216],[-75.5248694047876,10.3829570994072],[-75.5248220343166,10.3829604917709],[-75.5247969223674,10.3829627528762],[-75.5247683858085,10.3829684047653],[-75.5247421325651,10.3829729262454],[-75.5247164496754,10.3829763173894],[-75.5246679373724,10.3829763194267],[-75.524644537265,10.3829729303443],[-75.5246205663666,10.3829672806641],[-75.5245954535943,10.3829571109463],[-75.5245731948356,10.3829458110871],[-75.5245497939602,10.3829311206327],[-75.5245275351093,10.3829175604394],[-75.5245035633998,10.3828994799429],[-75.5244835871902,10.3828825295896],[-75.5244641816776,10.3828655789222],[-75.5244105302373,10.3828034259383],[-75.5243951198422,10.3827853450815],[-75.5243797091093,10.382766134203],[-75.5243637280702,10.3827491833889],[-75.5243203521588,10.3827446647906],[-75.5242986647676,10.3827559667516],[-75.5242769777139,10.3827683984425],[-75.5242552902727,10.3827785703796],[-75.5242278956364,10.3827898722783],[-75.5242056374972,10.382800043946],[-75.5241828086618,10.3828102159245],[-75.5241537015636,10.382812477141],[-75.524121740652,10.3828136084488],[-75.5240966283708,10.3828147397679],[-75.5240675213639,10.3828192613075],[-75.5240389850971,10.3828249128425],[-75.5240150143885,10.3828305641928],[-75.5239904732304,10.3828350855432],[-75.5239665028123,10.3828407368899],[-75.5239413907571,10.3828475185902],[-75.5239128544854,10.3828531701139],[-75.5238900255455,10.3828610817407],[-75.5238620602393,10.3828735139408],[-75.5238426560311,10.3828882058432],[-75.5237815895613,10.382937932338],[-75.5237416394,10.3829661861557],[-75.5237188107172,10.3829808781843],[-75.5236959818977,10.3829921801489],[-75.52366972895,10.3830046122655],[-75.5236486122127,10.383015913871],[-75.5236046667814,10.3830419077847],[-75.5235841211156,10.3830554696947],[-75.5235618631143,10.3830701616901],[-75.5235424589242,10.3830859838843],[-75.5235259082975,10.3831040660096],[-75.523504221162,10.3831232783514],[-75.5234773974564,10.3831345801641],[-75.5234482901626,10.3831402319575],[-75.5234243196238,10.3831436229328],[-75.5234009199113,10.3831504045256],[-75.5233775203289,10.3831605761791],[-75.5233569742661,10.3831718780329],[-75.5233364286248,10.3831865699478],[-75.5233136000375,10.3832046522991],[-75.5232924836211,10.3832249946258],[-75.5232742207992,10.3832408167608],[-75.5232525336389,10.3832600290855],[-75.523233700074,10.3832747209295],[-75.523209159301,10.3832905432958],[-75.5231886132668,10.3833029751596],[-75.5231663551006,10.3833142767757],[-75.5231423848026,10.3833244484333],[-75.5231189852417,10.3833357503777],[-75.5230653374354,10.3833651346394],[-75.5230504984662,10.3833651351871],[-75.5230219617921,10.3833617461761],[-75.5230019854253,10.3833470554833],[-75.5229860043462,10.3833278445595],[-75.5229734474014,10.3833075034888],[-75.5229745877366,10.3832792509024],[-75.5229648843962,10.3832543893542],[-75.5229374893772,10.3832577807079],[-75.5229129485065,10.3832713427208],[-75.5228912610284,10.383282644297],[-75.5228690028111,10.3832928158718],[-75.5228444618093,10.3833029878171],[-75.5228210621976,10.3833131594299],[-75.5227714089905,10.38332785236],[-75.5227423015856,10.3833233330345],[-75.5227177594172,10.3833097727981],[-75.5226989245039,10.3832883016315],[-75.5226823724996,10.3832702207337],[-75.522668103284,10.3832442293189],[-75.5226623951304,10.3832193673295],[-75.5226583990232,10.3831933752583],[-75.5226583979542,10.383163992982],[-75.5226606802059,10.3831413910383],[-75.5226629620828,10.3831165287638],[-75.5226669563788,10.3830927967381],[-75.5226829354112,10.3830487224634],[-75.52270119722,10.3830046483954],[-75.5227143230507,10.3829843061045],[-75.5227308737591,10.3829673540417],[-75.5227502779828,10.3829515321856],[-75.5227776727279,10.3829413604338],[-75.5228073507937,10.3829379690113],[-75.5228284672638,10.3829266671718],[-75.5228507251639,10.3829085848754],[-75.522896382766,10.3828837213124],[-75.52292092432,10.3828814600871],[-75.5229488897907,10.3828724183206],[-75.5229711479334,10.3828611167194],[-75.5229905519692,10.3828407741868],[-75.5229968288473,10.3828125217003],[-75.5230133794043,10.3827921795605],[-75.5230333542977,10.3827763573768],[-75.52305732502,10.3827707060997],[-75.5230812954917,10.3827661848416],[-75.5231069780044,10.3827605334976],[-75.5231315190335,10.3827447111385],[-75.5231526353503,10.3827300192152],[-75.5231748934757,10.3827187173103],[-75.523201717406,10.3827062855019],[-75.5232222633577,10.3826927236161],[-75.5232410968451,10.3826769014621],[-75.5232576471735,10.3826588193511],[-75.5232759099191,10.3826418671957],[-75.5232930313172,10.3826260453924],[-75.5233112940156,10.3826079632141],[-75.5233923352689,10.38254015456],[-75.5234100273499,10.3825243324393],[-75.523430001987,10.3825028601267],[-75.5234488351889,10.3824802575461],[-75.5234653857872,10.3824621754242],[-75.5234825070778,10.3824440932796],[-75.5235190324738,10.3824090589209],[-75.5235372952352,10.3823932367713],[-75.5235544162258,10.3823751546228],[-75.5235692545529,10.3823525521886],[-75.5235738193317,10.3823254297768],[-75.5235766717357,10.3822983074309],[-75.5236063483077,10.3822587532424],[-75.5236451567116,10.3822304991953],[-75.5236731221483,10.3822225876756],[-75.5237273412059,10.3822135448208],[-75.5237501701029,10.3822056332054],[-75.5237347590554,10.3821694708254],[-75.5237250555994,10.3821423489674],[-75.5237336147447,10.3820960148855],[-75.5237444575616,10.3820722822884],[-75.5237570128397,10.3820508102445],[-75.5237724214479,10.3820259474472],[-75.5237872594958,10.3820044750233],[-75.5238032393563,10.3819863929059],[-75.5238232139325,10.3819649205681],[-75.5238449009233,10.3819445778933],[-75.5238648756303,10.3819264956154],[-75.5239019720459,10.3818948515416],[-75.5239213761446,10.3818790296139],[-75.5239407801956,10.3818620773748],[-75.5239596135971,10.3818462551779],[-75.5239773056106,10.3818304333148],[-75.5239938561444,10.3818123511649],[-75.5240338052919,10.3817705361956],[-75.5240514972514,10.381753584018],[-75.524068047823,10.3817366318852],[-75.5240851690396,10.3817185497078],[-75.5241062849651,10.381697077017],[-75.5241262599336,10.3816789947227],[-75.5241456638684,10.3816597824293],[-75.5241610725663,10.3816383099647],[-75.524190177937,10.381589714998],[-75.5242015914414,10.381567112672],[-75.5242072975862,10.3815411202247],[-75.5242107210068,10.3815162578906],[-75.5242095786415,10.3814925260515],[-75.5242067239068,10.3814687942817],[-75.5242027277879,10.3814450625579],[-75.5241924527359,10.3813964688923],[-75.524178753102,10.3813444850127],[-75.5241724740319,10.3813162330076],[-75.5241701899007,10.3812902408831],[-75.5241696182314,10.3812665090205],[-75.5241707585917,10.3812416470677],[-75.5241787477467,10.3812145245073],[-75.524189590792,10.3811907918941],[-75.5242164131389,10.381151237762],[-75.5242352466828,10.3811331555066],[-75.524254650671,10.3811162032478],[-75.5243117215217,10.381072127215],[-75.5243328380577,10.3810596952545],[-75.5243568081919,10.3810506535279],[-75.5243813493087,10.3810416117761],[-75.5244053195823,10.381035960398],[-75.5244349971586,10.381032568825],[-75.5244618214188,10.381032567719],[-75.5244880750351,10.3810336969447],[-75.5245360162463,10.3810382153316],[-75.5245639824702,10.3810449945845],[-75.5245868119819,10.3810540343803],[-75.5246102121384,10.3810619441297],[-75.5246381782667,10.3810732437492],[-75.5246610078792,10.3810845438709],[-75.5246832668983,10.3810981040567],[-75.5247038135517,10.3811116643128],[-75.5247232188719,10.3811263546366],[-75.5247414828588,10.3811421753175],[-75.5247591762043,10.3811591257531],[-75.5247814355253,10.3811794666361],[-75.524800840902,10.3811952869761],[-75.5248196759299,10.3812122376493],[-75.5248379399755,10.3812291883455],[-75.5248744684652,10.3812721301914],[-75.5248910201979,10.3812902109785],[-75.5249332563595,10.3813433236303],[-75.5249492377486,10.3813625344595],[-75.5251210359566,10.3815602934485],[-75.5251564227958,10.38160210529],[-75.5251729748542,10.381620186062],[-75.5251918097859,10.3816405270647],[-75.5252112154631,10.3816619980624],[-75.525227196835,10.3816800788565],[-75.5252437486598,10.3816992896456],[-75.5252762821565,10.3817365812253],[-75.5252934047814,10.3817580523179],[-75.5253247966117,10.3817953439427],[-75.5253430609721,10.3818179450031],[-75.5253613252844,10.3818394160417],[-75.52539956639,10.3818846180817],[-75.5254178307099,10.3819060891169],[-75.5254366657768,10.3819286901467],[-75.5254549301529,10.3819512912005],[-75.5254726238897,10.3819750222997],[-75.5255217091117,10.3820337849609],[-75.5255388322161,10.3820586461025],[-75.5255553846296,10.3820835075579],[-75.5255690830278,10.3821027184572],[-75.5255833522761,10.3821253196822],[-75.5255999044044,10.3821501811352],[-75.5256147444878,10.3821693919814],[-75.5256324382488,10.3821931230713],[-75.5256484194834,10.3822134641746],[-75.525664971758,10.382234934983],[-75.5256940807682,10.3822756170251],[-75.5257100623553,10.3822970881461],[-75.5257283267204,10.382318559163],[-75.5257848319652,10.3823841018614],[-75.5258202192249,10.3824247836065],[-75.5258521818259,10.3824609451312],[-75.5258693045294,10.382482416192],[-75.5258847154973,10.3825050173509],[-75.5258978433451,10.3825264885926],[-75.5259104004193,10.3825524802325],[-75.5259178212984,10.382579602128],[-75.5259275247454,10.3826022035462],[-75.5259383698221,10.3826236746014],[-75.5259526392793,10.3826496661609],[-75.525965196151,10.382671137426],[-75.5259817485773,10.3826948685483],[-75.5259988717009,10.3827185996434],[-75.5260291221886,10.3827592816011],[-75.5260433916322,10.3827784927423],[-75.5260593728698,10.3827977035143],[-75.5260759251497,10.3828180442798],[-75.5260924771397,10.3828383853339],[-75.5261073172856,10.3828575961563],[-75.5261227279968,10.3828801973032],[-75.5261369972129,10.3829005384608],[-75.5261683893109,10.382938960021],[-75.5261849414441,10.3829559107184],[-75.5262043472163,10.382976251344],[-75.5262220408515,10.382995462317],[-75.5262385927523,10.3830135430323],[-75.5262899614827,10.3830689151133],[-75.5263093673229,10.3830903860425],[-75.5263253485382,10.3831084667801],[-75.5263430422426,10.3831288074777],[-75.5263618772858,10.3831480180997],[-75.5263807122224,10.383164968679],[-75.5264001180942,10.3831807892093],[-75.5264229482505,10.3831988696178],[-75.5264429245298,10.3832146898293],[-75.5264634717442,10.3832293799915],[-75.5265028534524,10.3832576306622],[-75.5265462305671,10.3832847508271],[-75.5265873245587,10.3833107407854],[-75.5266095837628,10.3833231708146],[-75.5266341259736,10.383340121105],[-75.5266546729684,10.3833559412757],[-75.526674649506,10.3833706317411],[-75.5266957672007,10.3833864518816],[-75.5267203096575,10.3834022721445],[-75.5267425689291,10.3834158321853],[-75.5267659697623,10.3834327822314],[-75.5267967893909,10.3834327807365],[-75.5268276093442,10.3834452103348],[-75.5268590002883,10.3834576399023],[-75.5268909618745,10.3834689391287],[-75.5269223528234,10.38348136869],[-75.5269537437182,10.3834926682275],[-75.5269851346153,10.3835039674725],[-75.5270170962675,10.3835163969965],[-75.5270810195225,10.3835401257247],[-75.5271135518213,10.38355142519],[-75.5271455133689,10.3835615943704],[-75.527178616311,10.3835717634907],[-75.5272117192553,10.3835819326076],[-75.527244822494,10.3835921020105],[-75.5272773548617,10.3836045311905],[-75.5273087458393,10.3836169607139],[-75.5273389953662,10.3836339106638],[-75.5273692451305,10.3836497303007],[-75.5273994949561,10.3836666802448],[-75.5274303151308,10.3836825001365],[-75.5274588529901,10.3837017102029],[-75.5274868198641,10.3837209202957],[-75.5275153575553,10.3837423906878],[-75.5275438951916,10.3837627307673],[-75.5275724328316,10.3837830711336],[-75.5276009706498,10.3838011511665],[-75.5276289376003,10.3838214912675],[-75.5276563339168,10.3838429617052],[-75.5276825889027,10.3838655622199],[-75.5277350985341,10.3839096332221],[-75.5277624948655,10.3839311036506],[-75.5277893203846,10.3839503137756],[-75.5278172874202,10.3839717841699],[-75.5278446837028,10.3839921242814],[-75.5278726506262,10.3840113343402],[-75.5279006176129,10.3840316747065],[-75.5279280139062,10.3840520148108],[-75.5279548395058,10.3840723552317],[-75.527976528783,10.3840972160016],[-75.5279951508439,10.384119747362],[-75.5280951983024,10.3841386086873],[-75.5285298159815,10.3842841216227],[-75.5289005234408,10.384473929909],[-75.5292400283608,10.3847632518891],[-75.5295797763957,10.3849047139365],[-75.529846717894,10.3849660960473],[-75.5299950201832,10.3850221463415],[-75.5300462503043,10.3850221433393],[-75.5301271373521,10.3849714191072],[-75.530218811996,10.3849553971101],[-75.530302399658,10.3849714087307],[-75.5303617210634,10.3849954300687],[-75.5303617222009,10.3850141163815],[-75.5302565634683,10.3849981060572],[-75.5301675852635,10.3850114581742],[-75.5301109638478,10.3850434955798],[-75.5300381641016,10.38506752473],[-75.530003112769,10.3850835442695],[-75.5300759333309,10.385406544967],[-75.5303185980229,10.3852944127378],[-75.5303266882459,10.3853157683002],[-75.5300274329491,10.3854575954671],[-75.5300112245009,10.3854652774324],[-75.5300894286704,10.3856414570387],[-75.5302808736914,10.3857001743888],[-75.5303347990786,10.3856761463093],[-75.5304318637893,10.385620081575],[-75.5304884828224,10.3855480026621],[-75.5305289251168,10.3854946110253],[-75.5305720668769,10.3855026167163],[-75.5305558916417,10.3855453288749],[-75.5304911840182,10.3856227477486],[-75.5304102975137,10.3856841500923],[-75.5303467056829,10.3857307670577],[-75.5304885012241,10.3862804538275],[-75.5307129908079,10.386835984861],[-75.5308902140564,10.3871751474387],[-75.5310260758139,10.387280400441],[-75.5315045727864,10.3880581320123],[-75.5322253533448,10.3890233538341],[-75.5322093268609,10.3892417222325],[-75.5322253812013,10.3894402368687],[-75.532260128975,10.3895104028074],[-75.5322670960451,10.3895078475981],[-75.5322904977696,10.3895225374824],[-75.5322738927397,10.3895381958723],[-75.5323256538633,10.3896427166638],[-75.5328550555908,10.3901588226973],[-75.5330515688735,10.3902501262834],[-75.5331919341477,10.3902818795308],[-75.5333162532208,10.3902540788492],[-75.5338496486233,10.3904962313363],[-75.5340461684592,10.3906709107282],[-75.5343108998393,10.3913101127758],[-75.5345515483439,10.3916634535719],[-75.5348643787169,10.3919373831462],[-75.5350247971898,10.3919850150701],[-75.5353857382406,10.3920683644827],[-75.5357707475198,10.3922311182673],[-75.5361276915001,10.3924812208688],[-75.5362921234248,10.3925566439803],[-75.536548802292,10.3927352877942],[-75.5367774019497,10.3928186469652],[-75.5369578835959,10.3929933258196],[-75.5371463978025,10.3932990250159],[-75.5372787633755,10.3935729667411],[-75.5372105874843,10.3935848834474],[-75.5371791452189,10.3935971151703],[-75.5371861025606,10.3936085927509],[-75.5372055102621,10.3936357133936],[-75.5372123613711,10.3936628350531],[-75.537179828412,10.3936605773596],[-75.5371501481991,10.3936447586139],[-75.5371210384115,10.39362893953],[-75.5371074188928,10.3936250182511],[-75.5370983001806,10.3936285656244],[-75.5370501800066,10.3936960649445],[-75.5370501914286,10.3938350256107],[-75.5370862935871,10.3939303102724],[-75.537154479388,10.3940375035082],[-75.537248050701,10.3940635491353],[-75.5372637619635,10.3940583630329],[-75.5372871608739,10.3940357592862],[-75.5373002856674,10.3940052456555],[-75.5373094150668,10.3939736023294],[-75.5373339554915,10.3939521287955],[-75.5373647752085,10.3939408252165],[-75.5373938828625,10.3939340424327],[-75.5373858947147,10.393963425339],[-75.5373590712442,10.3939826390231],[-75.5373567908175,10.3940154121015],[-75.5373560490475,10.3940367607494],[-75.5374011846546,10.394014286732],[-75.5373952914482,10.3941311658746],[-75.5372241316958,10.3944409091555],[-75.5371999798954,10.3944516945702],[-75.5371827493154,10.3944719835095],[-75.5371593504585,10.394495717268],[-75.5371359515979,10.3945194510248],[-75.5371119816324,10.394542054806],[-75.5370862996212,10.3945623986837],[-75.5370600465053,10.3945816122962],[-75.5370303688105,10.3945974358333],[-75.5369984073993,10.3946064791426],[-75.5369658748852,10.3946143924747],[-75.5369322009517,10.394618915546],[-75.5368985270173,10.3946234386138],[-75.5368648526974,10.3946268316581],[-75.536831749109,10.3946268343044],[-75.5366685112681,10.394596334741],[-75.5366371188259,10.3945839061445],[-75.5366068679281,10.3945692174147],[-75.5365503604059,10.3945341889528],[-75.5364242155579,10.3944257100399],[-75.5364025249004,10.3944008498598],[-75.5363796929052,10.3943771197876],[-75.5362860820059,10.394281069062],[-75.5362432713616,10.3942302183272],[-75.5362221517396,10.3942053580899],[-75.5361125573248,10.3940787962844],[-75.5360937200235,10.3940505452226],[-75.5360765953663,10.3940211642964],[-75.5360606118501,10.3939917829914],[-75.5360491944633,10.3939601412922],[-75.5360389182165,10.3939284995041],[-75.5360269300301,10.3938957278281],[-75.5360138003025,10.3938652162798],[-75.5359966753706,10.3938358353488],[-75.5359801214489,10.3938064540836],[-75.5359664210149,10.3937759428665],[-75.5359544326385,10.3937443012075],[-75.5359430148903,10.3937115291947],[-75.5359304560964,10.3936798875785],[-75.5359173263873,10.3936493763151],[-75.5359019136194,10.3936199949576],[-75.5358853596293,10.393589483667],[-75.5358688053501,10.3935589726649],[-75.5358505391971,10.3935318518533],[-75.535831702333,10.3935047310843],[-75.5358117240438,10.3934776104017],[-75.5357917455542,10.393451619738],[-75.5357706258436,10.3934244991402],[-75.5357512180748,10.3933985084302],[-75.5357112615273,10.3933442670533],[-75.5356907122526,10.3933171464066],[-75.5356695926477,10.3932911558219],[-75.5356484727541,10.3932651655252],[-75.5356267823259,10.3932414350212],[-75.5356050918132,10.3932165747849],[-75.5355845435491,10.3931984948697],[-75.5356062307266,10.3931804117436],[-75.5355868232493,10.3931578113724],[-75.5355628533929,10.3931781547105],[-75.5355206143712,10.3931318242011],[-75.535498353161,10.3931069640007],[-75.5354304282987,10.3930346432267],[-75.5354064549625,10.3930097828597],[-75.5353813400851,10.3929871829063],[-75.5353562253299,10.3929623229107],[-75.5353328228049,10.3929385925151],[-75.5350736855434,10.392717113795],[-75.5350474293734,10.3926956442091],[-75.5350217442119,10.3926741742894],[-75.5349960588472,10.3926538343876],[-75.5348853278717,10.3925781266068],[-75.5348567892161,10.3925611772537],[-75.5348265381338,10.3925442280242],[-75.5347962871397,10.3925284091012],[-75.5347654658977,10.3925148502572],[-75.5347340736538,10.3925012914522],[-75.5347026814969,10.3924888626641],[-75.5345719771991,10.3924527092531],[-75.5345394440482,10.3924459309217],[-75.5345063402701,10.3924402829379],[-75.5344726657396,10.3924380253415],[-75.5344395622139,10.3924357674109],[-75.5344058880599,10.3924346398276],[-75.5343727845351,10.3924323818901],[-75.5343391101726,10.3924323843199],[-75.5343054361023,10.392432386746],[-75.5342386583817,10.3924323915468],[-75.5342049842287,10.3924312639424],[-75.5341707392365,10.3924323964155],[-75.5341364944538,10.3924323988647],[-75.5339669823383,10.3924358012845],[-75.5339333080569,10.3924369336917],[-75.5338996341492,10.3924391964047],[-75.5337324047144,10.3924403382096],[-75.5334350462884,10.3924640908176],[-75.5333374504882,10.3924946101316],[-75.5333043479175,10.392505913482],[-75.533207892987,10.3925330423285],[-75.5330794773286,10.3925737344353],[-75.5330469454529,10.3925850374309],[-75.533014984209,10.3925952103642],[-75.5329818815378,10.3926053836613],[-75.5329499203679,10.3926166866082],[-75.5329185299864,10.3926291198227],[-75.5329132802896,10.3926311046273],[-75.5328394429328,10.3926704723631],[-75.5327631123201,10.3926899791207],[-75.5327627196816,10.3926901551738],[-75.5327319000754,10.3927037183517],[-75.5327010803893,10.3927161515066],[-75.5326691191208,10.3927263244056],[-75.5326457198979,10.3927477977978],[-75.532617183117,10.3927568404425],[-75.5325926411558,10.3927591024088],[-75.5325641023914,10.3927432828719],[-75.5325309990769,10.392744415094],[-75.5324978961447,10.3927511979916],[-75.5324647933639,10.3927602409257],[-75.5324322612941,10.3927692838188],[-75.532376328772,10.3927862389726],[-75.5323432259839,10.3927952818942],[-75.5323101232698,10.3928054548325],[-75.532279303557,10.3928178879469],[-75.5322479132044,10.3928314511158],[-75.5320247560066,10.3929207427553],[-75.5320019682599,10.3929322298129],[-75.5317786023095,10.3930970588945],[-75.5316814881301,10.3932104748482],[-75.5314923975867,10.3936449712192],[-75.5314889893711,10.3936652240913],[-75.5314817239002,10.3937119974809],[-75.5314780919758,10.3937479768875],[-75.531470827429,10.3938091419474],[-75.5314417583303,10.3938847000537],[-75.5314126887553,10.3939530623218],[-75.5313799869976,10.3940538060742],[-75.5313690895605,10.3941365588648],[-75.5310575929874,10.3946359042022],[-75.5307737489966,10.395027660572],[-75.5301628061251,10.3953270681721],[-75.5299221676571,10.3954449985025],[-75.5293114317278,10.3956664512052],[-75.5290963898855,10.3958538166635],[-75.5289685599563,10.3959043701687],[-75.528951438824,10.3959326236382],[-75.5289348887634,10.3959620068055],[-75.528917767625,10.3959902599836],[-75.5288989342634,10.3960173832354],[-75.5288812423364,10.3960445064232],[-75.5288624090319,10.3960727599819],[-75.5288241713383,10.3961281365289],[-75.52880362574,10.396154129849],[-75.528780226061,10.3961767329754],[-75.5287551138659,10.3961982058847],[-75.5287294311774,10.3962185490926],[-75.5287008941793,10.3962366321251],[-75.5286712157805,10.3962501948485],[-75.5286381123326,10.396255847038],[-75.5286050082786,10.3962558488355],[-75.5285713337351,10.3962547206407],[-75.5285382297242,10.3962502020626],[-75.5285056963713,10.3962445534305],[-75.5284731626031,10.3962366444662],[-75.5284434825832,10.3962208246277],[-75.5284189390215,10.3961993544115],[-75.5283983902497,10.3961733633214],[-75.528384690509,10.3961439815143],[-75.5283749859726,10.3961123394531],[-75.5283607155179,10.3960829579647],[-75.5283430205219,10.3960547066785],[-75.5283219011085,10.3960298456336],[-75.5282996402609,10.3960049849373],[-75.5282711017091,10.3959891650217],[-75.5282385680818,10.3959778659738],[-75.5282071759553,10.3959676965926],[-75.5281769252555,10.3959518770487],[-75.5281483863616,10.3959349271023],[-75.5281187063866,10.3959191075226],[-75.5280890261222,10.395903287651],[-75.5280593461531,10.3958874680658],[-75.5280302368451,10.3958705181387],[-75.528002268685,10.3958535681493],[-75.5279731593831,10.395836618217],[-75.5279451914612,10.3958185382027],[-75.5279172235424,10.3958004581859],[-75.527886972701,10.3957868986541],[-75.5278555805451,10.3957755995078],[-75.5278281832341,10.3957552591244],[-75.5278024983739,10.3957349189394],[-75.5277819496833,10.3957089278089],[-75.5277608306298,10.3956840670157],[-75.5277414233229,10.3956569458037],[-75.5277197335579,10.3956320847478],[-75.5276980435041,10.3956072239797],[-75.5276769241718,10.3955823628915],[-75.527655805135,10.3955575020911],[-75.5275918767425,10.3954829191319],[-75.5275730402392,10.3954569279001],[-75.5275467847021,10.3954365877233],[-75.5275193887308,10.3954411094868],[-75.5272123094658,10.3951812035978],[-75.5271255497912,10.3950806297772],[-75.5271038601718,10.3950568989879],[-75.5270827408664,10.3950309078396],[-75.5269965520483,10.3949314639748],[-75.5269725792329,10.3949066032688],[-75.526945752715,10.3948851327608],[-75.526917214107,10.3948647923543],[-75.5268983786093,10.394851232169],[-75.5268704107242,10.3948308920197],[-75.5268418718338,10.3948105516065],[-75.5268133332954,10.3947913414999],[-75.526782511714,10.3947743915415],[-75.5267608229245,10.3947664821649],[-75.5267282891298,10.3947540526535],[-75.5266626516383,10.3947337140172],[-75.5266301180877,10.3947201544758],[-75.526598725862,10.3947043348363],[-75.5265684750172,10.3946873848299],[-75.5265399365618,10.3946693047188],[-75.5265113981097,10.3946512246051],[-75.526484571645,10.3946297540581],[-75.5264571745225,10.3946094138452],[-75.5264286360806,10.3945913337241],[-75.5263972439872,10.3945777741047],[-75.5263647106275,10.3945676048853],[-75.5263310360348,10.3945676064749],[-75.5262973619512,10.39457212843],[-75.5262642587452,10.3945800404148],[-75.5262328679022,10.3945924729744],[-75.5262003355704,10.3946037755642],[-75.5261672324124,10.3946128178482],[-75.5261341287993,10.3946184697796],[-75.526099883884,10.3946207314114],[-75.5260656386226,10.3946218633087],[-75.5260062803831,10.3946229960729],[-75.525971464644,10.3946229976773],[-75.5258795734243,10.3946218718738],[-75.5258453280041,10.3946196131093],[-75.5258110829291,10.3946184846503],[-75.5257774083308,10.3946184861817],[-75.5257431632561,10.3946173577154],[-75.5257089178374,10.3946150989363],[-75.5256752433756,10.3946117101078],[-75.5256078943172,10.3946083230786],[-75.5255736493992,10.3946105846542],[-75.52553940424,10.3946139765354],[-75.5255063007534,10.3946162380527],[-75.5254726261552,10.3946162395522],[-75.5254395224633,10.3946139809828],[-75.525406989437,10.3946105920754],[-75.5253847295318,10.3945992922817],[-75.5253459179302,10.3945868629073],[-75.525320803699,10.3945653921873],[-75.5253013970146,10.3945394008453],[-75.5252802783481,10.3945235806249],[-75.5253025405749,10.3945868648164],[-75.5253053959179,10.3946196372952],[-75.52530311423,10.3946524099997],[-75.5257528777822,10.3948716279671],[-75.5258110962635,10.3949055279453],[-75.525841917408,10.3949202179571],[-75.5258721681835,10.3949360377226],[-75.5259029895205,10.3949484673992],[-75.5259349521878,10.3949586366913],[-75.5259686267426,10.3949631555124],[-75.5260011600772,10.3949721947516],[-75.5260308402021,10.3949891448376],[-75.5260542421257,10.3950117456006],[-75.5260804978766,10.3950332162096],[-75.5261124605582,10.3950433854838],[-75.5261398575889,10.3950614656857],[-75.5261478484037,10.3950716360716],[-75.5259572403477,10.3955711458105],[-75.5257175333637,10.395789264471],[-75.52562564367,10.3958288219149],[-75.5250874185181,10.3957576497779],[-75.5246433668513,10.3956537002035],[-75.5246228205974,10.3956785629479],[-75.5246096945029,10.395709076059],[-75.5245977101828,10.3957407191418],[-75.5245823008695,10.3957701023272],[-75.5245646089718,10.3957994853175],[-75.5245434920316,10.3958254783896],[-75.5245189506332,10.3958480812534],[-75.5244932674064,10.3958684238336],[-75.5244641596742,10.3958842464737],[-75.5244339102095,10.3959000688689],[-75.5244036607892,10.3959170215705],[-75.5243745531425,10.3959351042422],[-75.5243460162113,10.3959531868879],[-75.5243186208556,10.3959746598333],[-75.5242923669338,10.3959961327297],[-75.524267254446,10.3960176052882],[-75.5242410007624,10.3960379481606],[-75.5242147467832,10.3960582907414],[-75.5241907760619,10.3960808935567],[-75.5241725130057,10.3961080165083],[-75.5241628115026,10.3961396594818],[-75.5241633836191,10.3961735623691],[-75.5241708046114,10.3962063346705],[-75.5241867870836,10.3962345862565],[-75.5242141841076,10.3962526666215],[-75.5242151558922,10.396253094159],[-75.5245387241433,10.3964641907983],[-75.5249842332545,10.3965836221635],[-75.5254111688167,10.396454964868],[-75.5255782319244,10.3964365804722],[-75.5257917016591,10.3964181938824],[-75.526005173099,10.3964365610565],[-75.5261351160811,10.3965284397989],[-75.5262186529014,10.39662950914],[-75.5263300311386,10.3966754462891],[-75.5266507403893,10.396253688856],[-75.5267847847707,10.3960322311666],[-75.5296156954172,10.3978881533317],[-75.5300147773912,10.3976032874305],[-75.5300519017459,10.3975849082996],[-75.530246828194,10.3978789280033],[-75.5294022547029,10.3984210970848],[-75.5287154606339,10.3989356899266],[-75.5282901109231,10.399196365457],[-75.5281696843416,10.3992686977361],[-75.5277947076018,10.3995218576622],[-75.527492787112,10.3997614526302],[-75.5270059428604,10.4000790330356],[-75.5268963642524,10.4001119088595],[-75.5257558942542,10.3983907346514],[-75.5253648366669,10.3981088926029],[-75.5251327981131,10.398017018008],[-75.5250909371173,10.3978856132033],[-75.5250692471653,10.3978618819913],[-75.5250504109701,10.3978347605954],[-75.5250395652726,10.3978031184853],[-75.5250304317434,10.3977714763011],[-75.5250207272018,10.3977398341411],[-75.5250115936763,10.3977081919561],[-75.5250018893811,10.3976754197757],[-75.5249927558594,10.3976437775901],[-75.5249847640256,10.3976110053354],[-75.5249784841158,10.3975793630267],[-75.52497220445,10.397546590698],[-75.5249573635262,10.3975172087955],[-75.5249402394271,10.3974878272796],[-75.5249168373989,10.3974652264389],[-75.5248888695072,10.3974471461599],[-75.5248609013266,10.3974290658783],[-75.5248323627691,10.3974121156383],[-75.5248038242146,10.3973951653956],[-75.5247707204298,10.3973974271264],[-75.5247381869279,10.3973895177838],[-75.5247073653489,10.3973759579775],[-75.5246799681501,10.3973567476362],[-75.5246617027399,10.3973296261926],[-75.5246577059967,10.397296853472],[-75.5246833893779,10.3972776409002],[-75.5247153514657,10.3972697288383],[-75.5247484555297,10.3972742478106],[-75.5247815597898,10.3972832871479],[-75.5248135226585,10.3972934568393],[-75.5248432028407,10.3973081467037],[-75.5248728828317,10.3973250968942],[-75.5249019920556,10.3973409167973],[-75.5249322429677,10.397355606629],[-75.5249927444089,10.3973827262444],[-75.5250247073442,10.3973940259344],[-75.5250578119171,10.3974030652431],[-75.525091486921,10.3974121045237],[-75.5251245911555,10.3974200138057],[-75.5251576953414,10.3974267927752],[-75.5252239040097,10.3974403509932],[-75.5252564375291,10.3974482602866],[-75.5252895417714,10.3974561695515],[-75.525322075294,10.3974640785488],[-75.5253551798319,10.397471987807],[-75.5253888546988,10.3974776367077],[-75.5254219583853,10.3974731148736],[-75.5255504378333,10.397530010384],[-75.5257980736572,10.3971623228689],[-75.5258226151185,10.3971408499287],[-75.5258460150296,10.3971171169992],[-75.5258677027747,10.397093383857],[-75.5258882486246,10.3970662607062],[-75.5259065115354,10.3970380076388],[-75.525918496118,10.3970074945295],[-75.5259253438152,10.396974721616],[-75.5259299083367,10.396941948807],[-75.525930477522,10.3969091761814],[-75.5259270513194,10.39687527343],[-75.5259167762873,10.3968436313216],[-75.5258956570125,10.3968187704073],[-75.5258659772251,10.3968063406794],[-75.5258328730074,10.3968040818619],[-75.5257997695023,10.3968108640675],[-75.5257683784182,10.3968232965801],[-75.5257386999416,10.3968391190716],[-75.5257101626626,10.3968560718179],[-75.5256816256727,10.3968730245616],[-75.5256548009968,10.396893367285],[-75.525604005581,10.3969351829059],[-75.5255794641207,10.3969566558297],[-75.5255537808722,10.3969769987827],[-75.5255263853556,10.3969950814811],[-75.5254967067992,10.3970097739303],[-75.5254636026653,10.3970097754037],[-75.5254339227745,10.3969950855964],[-75.5254042425433,10.3969792654773],[-75.5253717091707,10.3969736165275],[-75.5253454553773,10.3969916991602],[-75.5253448857878,10.3970233417649],[-75.525368288106,10.3970459425748],[-75.5253922609072,10.3970696733776],[-75.5254344991222,10.3971193955599],[-75.5254521938658,10.3971465169853],[-75.5254424924086,10.3971770299756],[-75.5254190924115,10.3971996328557],[-75.525395692462,10.397223365754],[-75.5253705799518,10.3972448386866],[-75.5253437551732,10.3972640513638],[-75.5253152181265,10.3972810040745],[-75.525282685281,10.3972877859121],[-75.5252501517271,10.3972787466015],[-75.5252199008076,10.3972640567997],[-75.5251902208539,10.3972482369504],[-75.5251628235866,10.3972278963412],[-75.5251411336746,10.3972041654222],[-75.5251274341431,10.3971736534578],[-75.5251302862959,10.3971408807348],[-75.5251399880245,10.397109237734],[-75.5251508309004,10.3970775946833],[-75.5251662399323,10.397048211473],[-75.5251879276739,10.3970233486461],[-75.5252118983448,10.3969996157377],[-75.5252364401258,10.3969781428422],[-75.5252621231027,10.3969577999146],[-75.5252889478096,10.3969374572241],[-75.5253180558899,10.3969216345101],[-75.5253488759381,10.3969080720469],[-75.5253814085901,10.3968978998537],[-75.525412799748,10.396886597688],[-75.5254430493093,10.3968719049318],[-75.5254738696907,10.3968594727657],[-75.5255041190058,10.3968459103129],[-75.5255349392793,10.3968312175225],[-75.5255623347811,10.3968131348232],[-75.5255863055111,10.3967916622156],[-75.5256159856301,10.3968052219891],[-75.5256462360759,10.3968165214054],[-75.5256776272682,10.3968063492335],[-75.5257055934277,10.3967871364763],[-75.5257312765987,10.3967656634911],[-75.5257558180336,10.3967441905556],[-75.5257843553,10.3967272378052],[-75.5258146045889,10.396713675323],[-75.5258437126747,10.3966989828702],[-75.5258488480787,10.3966696003846],[-75.5258431380606,10.396615356222],[-75.5258020400291,10.3965385118283],[-75.525770647768,10.3965249521494],[-75.5257381142792,10.3965159128879],[-75.5257050100409,10.3965125240373],[-75.5256713354279,10.3965102652289],[-75.5256382316907,10.3965113970293],[-75.5256039863769,10.3965159189371],[-75.5255708828454,10.3965215708099],[-75.5255377793643,10.3965283526992],[-75.5255046755895,10.3965351348743],[-75.5254715721568,10.3965430470659],[-75.5254390395446,10.3965532192684],[-75.5254065069302,10.3965633914676],[-75.5253420125166,10.3965859961598],[-75.5252786595841,10.3966097308088],[-75.5252466976786,10.3966199032561],[-75.5251822030409,10.3966379875475],[-75.5251496704094,10.3966481597205],[-75.5251171377759,10.3966583318904],[-75.5250851758602,10.3966685040321],[-75.5250526428804,10.3966775461755],[-75.5250201101909,10.3966865883156],[-75.5249875774005,10.3966933704129],[-75.5249544738392,10.396699022222],[-75.5249207995073,10.3967035440323],[-75.524887695258,10.3967001550974],[-75.5248545911053,10.3966922460799],[-75.5248220576254,10.3966832067255],[-75.5247889533785,10.3966730370827],[-75.5247564199512,10.3966651280308],[-75.5247238861846,10.3966560886665],[-75.5246913527607,10.3966481793185],[-75.52465881929,10.3966391399476],[-75.5246268564929,10.3966289705296],[-75.5245937523542,10.3966210611957],[-75.5245612189852,10.3966142818544],[-75.5245281150413,10.3966108931717],[-75.5244944402294,10.3966108945686],[-75.5244607658526,10.3966142860215],[-75.5244282330575,10.396621068062],[-75.5243945583867,10.3966244597973],[-75.5243614543962,10.3966199407882],[-75.5243300622834,10.396608641008],[-75.5243003824834,10.3965939510953],[-75.5242746974432,10.3965724803195],[-75.5242530075965,10.3965476193196],[-75.5242347422703,10.3965204978501],[-75.5242238967472,10.3964899857296],[-75.5242261782686,10.3964572130363],[-75.5242330261303,10.3964244398683],[-75.5242290294434,10.3963916674298],[-75.5242101934557,10.3963656760017],[-75.5241810844037,10.3963509860545],[-75.5241496923241,10.3963396865458],[-75.5241183002004,10.3963272567248],[-75.5240857669183,10.3963216076443],[-75.5240583712817,10.3963374298892],[-75.5240326880312,10.396358902741],[-75.5240144246689,10.3963792449855],[-75.5239898831893,10.3964018478082],[-75.5239664831452,10.3964244505835],[-75.5239447953939,10.396450443638],[-75.5239299569967,10.3964798267681],[-75.5239105521631,10.3965069497495],[-75.523886010666,10.3965295525641],[-75.5238597566228,10.3965498951153],[-75.5238323610912,10.3965691076894],[-75.5238026825861,10.3965860603113],[-75.5237718622555,10.396600752646],[-75.5237410418769,10.3966143149581],[-75.5237107925978,10.3966301375738],[-75.5236839678148,10.3966504801328],[-75.523659425998,10.3966730829299],[-75.5236434460788,10.3967013360709],[-75.5236491548242,10.3967329784299],[-75.5237298917384,10.396757469209],[-75.5238285743108,10.3967659605475],[-75.5240202196278,10.3968041813794],[-75.5241732493186,10.3968211656427],[-75.5243463018086,10.3968452283524],[-75.5242742001713,10.3975307984664],[-75.5242011306671,10.3976822474498],[-75.5241517640522,10.3980733573302],[-75.5241353098274,10.3982363196095],[-75.5241001532486,10.3983659436222],[-75.524092735178,10.3984054972139],[-75.5239754049019,10.3990898776786],[-75.5235035099495,10.3990467125018],[-75.5234732587027,10.3993575257206],[-75.5235227242466,10.399365057658],[-75.5235290826371,10.3997907190065],[-75.5236945546272,10.3998009204834],[-75.5237394959078,10.3999390459641],[-75.5237560493026,10.399968427562],[-75.5237640413608,10.4000011998427],[-75.52377032095,10.4000339724794],[-75.5237760298144,10.400066744849],[-75.5237777436415,10.4001006473948],[-75.5237857363631,10.4001571518218],[-75.5237914456141,10.4001921845193],[-75.5237954418967,10.4002147862007],[-75.5238005798594,10.4002430382243],[-75.5238097134276,10.4002769404779],[-75.5238199884511,10.4003108429757],[-75.5238308341581,10.4003436151416],[-75.5238388258247,10.4003662166648],[-75.5238502425546,10.4003989888075],[-75.5238639421487,10.40043063084],[-75.5238816366971,10.4004588826552],[-75.5239038975116,10.4004837436513],[-75.5239347193611,10.4004973035318],[-75.5239666826672,10.4005108633639],[-75.5239986459761,10.4005244231929],[-75.5240294679258,10.4005402433926],[-75.5243776445238,10.4008001502643],[-75.5244050420996,10.4008216209553],[-75.524431298224,10.4008430916911],[-75.5244586957595,10.4008634320686],[-75.5244912295664,10.4008702114179],[-75.5245243340544,10.4008758604314],[-75.524549448736,10.4008973312048],[-75.5245722804103,10.4009233221494],[-75.5245939703405,10.4009493134294],[-75.5246133776553,10.4009753048034],[-75.5246287894868,10.4010058167108],[-75.5246464844286,10.4010340681934],[-75.5246698867519,10.4010577990679],[-75.5246984257291,10.4010770093572],[-75.5247212573801,10.4011018705607],[-75.5247429476273,10.4011278618303],[-75.524809730526,10.4012047052485],[-75.5248479735207,10.4012476469685],[-75.5248702345659,10.4012747682244],[-75.5248924955657,10.4013007594592],[-75.5250517430062,10.4013911599671],[-75.5250848474093,10.4013934185747],[-75.5251173814346,10.4014035882079],[-75.5251453497419,10.4014227984817],[-75.5251516294951,10.4014487903927],[-75.5251202370715,10.4014420110612],[-75.5250882737208,10.4014307116734],[-75.5250557398431,10.401423932385],[-75.5250226353435,10.4014261941417],[-75.5249998056792,10.4014476666524],[-75.5250066564474,10.4014804392373],[-75.5250175023186,10.4015132113604],[-75.5250266359558,10.4015448535376],[-75.5250334877237,10.4016002276684],[-75.5250437633208,10.4016431708584],[-75.5250386279101,10.4016759436699],[-75.5250255016062,10.401706456787],[-75.5250078091739,10.4017369698108],[-75.5249866919216,10.4017640929224],[-75.5249621501414,10.401787826121],[-75.5249358957291,10.4018081687543],[-75.5249067875186,10.4018251214488],[-75.5249247596204,10.4018750849507],[-75.5249219200536,10.4019144644289],[-75.524848046976,10.4019229060146],[-75.5248281579713,10.4019229068603],[-75.5248082689667,10.4019229077049],[-75.5247343953995,10.4019200980198],[-75.5246576804268,10.4019144756257],[-75.5245951724876,10.401922916676],[-75.5245042516803,10.4019313588941],[-75.5244303783506,10.4019341747613],[-75.5243906008119,10.4019454276445],[-75.5243309342634,10.4019566813376],[-75.5242769511035,10.4019876244662],[-75.5242428556597,10.4019876258546],[-75.5241973950681,10.4019876277002],[-75.5241746640756,10.4019707517535],[-75.5241348861758,10.4019735661714],[-75.5241206805509,10.4019932564223],[-75.5240723792473,10.4020073224204],[-75.5240524889721,10.4019763822952],[-75.5239786147128,10.4019566955688],[-75.5239672501372,10.4019707600773],[-75.5240013467247,10.40199888683],[-75.5239530467844,10.4020467065441],[-75.5239672537933,10.4020607700347],[-75.5240070335393,10.4021029606161],[-75.5240212407826,10.4021226497266],[-75.5239445282821,10.4021789090071],[-75.5239161167606,10.4022126638686],[-75.5238734964046,10.4021873502553],[-75.5239047492169,10.402153595285],[-75.5238649707248,10.4021423456137],[-75.5238024644105,10.4021929786767],[-75.5237683706315,10.4022351721817],[-75.5237200700592,10.4022689278045],[-75.5237200733084,10.402350499327],[-75.523745645033,10.4023533111388],[-75.5237484871094,10.4023730007054],[-75.5237285983003,10.4023786271052],[-75.5237342831248,10.4024348831052],[-75.5237371252012,10.4024545726718],[-75.5237683809791,10.4024939508038],[-75.523757017049,10.4025248921709],[-75.523779752112,10.4026430293451],[-75.5237815787047,10.4027096293805],[-75.5237733494228,10.4027422220171],[-75.5235593538513,10.4027340822571],[-75.5233181621734,10.4027773452859],[-75.5232465962533,10.4028563153342],[-75.5232630593088,10.4029052031858],[-75.523378300841,10.4032474181189],[-75.5235629793957,10.4034639553543],[-75.5237230872398,10.4035349985781],[-75.5236828488922,10.403646662236],[-75.5237157755517,10.4037525859662],[-75.523773392451,10.4038177683356],[-75.5238310054444,10.4037851737598],[-75.5239215478045,10.4039236875047],[-75.5239297863433,10.404119241045],[-75.5239627128049,10.4042170166689],[-75.5240125620186,10.4043379554721],[-75.5240203418076,10.4045755297848],[-75.5240390205357,10.4049112225664],[-75.5241602773824,10.4049340395658],[-75.5242343552063,10.4049829250268],[-75.524341356321,10.4050481052775],[-75.5244648222172,10.4051947655833],[-75.5245471335709,10.4053088352476],[-75.5247117515525,10.4054229014317],[-75.5248352121116,10.4054391923589],[-75.5249257529004,10.4055206692658],[-75.5250327536242,10.405569553129],[-75.5251315237194,10.4056184373141],[-75.5251809098662,10.4056673236259],[-75.5251540690816,10.4057340978862],[-75.5251563530816,10.4057578296363],[-75.525148363691,10.4057917325847],[-75.5251272468216,10.4058267664119],[-75.5242836284729,10.4054538718909],[-75.5238760287297,10.4052832056023],[-75.5230488337073,10.4051193187769],[-75.5220044396645,10.4053990183123],[-75.5213875342619,10.4055100784113],[-75.5213258959382,10.4071423668952],[-75.5213653129724,10.4077230730825],[-75.5210398666443,10.4069425039897]]]},"properties":{"FID":173,"CODIGO":"3000","NOMBRE":"EL BOSQUE","UCG":10,"LOC":"LH","ZONA":"UCG 10","Shape__Area":2561011.4482421875,"Shape__Length":17566.734953885367}},{"type":"Feature","id":174,"geometry":{"type":"Polygon","coordinates":[[[-75.5059882401842,10.3709782314078],[-75.5062274988229,10.3703261690072],[-75.5064994182934,10.3694909508983],[-75.5065278202453,10.3694036652578],[-75.5067355030162,10.3690826176264],[-75.5069561650817,10.3688386224121],[-75.5069691450714,10.3687872549048],[-75.5072130362273,10.3685151657826],[-75.5074359805866,10.3682632679167],[-75.5076643484751,10.3679074818706],[-75.5076881013352,10.3677955652213],[-75.5079105780463,10.367832279545],[-75.5082628334451,10.3678368719589],[-75.5086753428551,10.3678689984415],[-75.5088056260428,10.3678998893406],[-75.5086989550082,10.3681345813607],[-75.5086696089704,10.3682585203108],[-75.5087583200372,10.3684065631184],[-75.5087708855602,10.3685680890047],[-75.508772597323,10.368599731654],[-75.5087914302699,10.3686392851638],[-75.5088182533898,10.3686505864503],[-75.50884735954,10.3686539767308],[-75.5088747531903,10.368684489545],[-75.5088684750174,10.3687150021137],[-75.5088610556958,10.3687590758037],[-75.5088599139554,10.3687737669469],[-75.5088633379533,10.3688155803828],[-75.5088661914504,10.3688347919317],[-75.5088713275509,10.3688641745612],[-75.508882170541,10.3689071180724],[-75.5088878776227,10.3689342403727],[-75.508887306403,10.368969273359],[-75.5088861649052,10.3689907452116],[-75.5088952957263,10.369056290592],[-75.5089021440691,10.3690947139859],[-75.5089067094741,10.3691286166975],[-75.5089101332723,10.3691591293356],[-75.5089198353116,10.3691907720399],[-75.5089575017452,10.3692099838333],[-75.5090008752573,10.3692178948649],[-75.5090311228102,10.3692201554039],[-75.5090482440942,10.3692190252083],[-75.5090750671962,10.3692416272694],[-75.5090716426679,10.3692732698818],[-75.5090676475682,10.3692902213392],[-75.5090950413481,10.3693128234024],[-75.5091395565035,10.3693218644446],[-75.5091555361302,10.3693252549016],[-75.5092000513322,10.3693275152261],[-75.5091937733908,10.3693704589074],[-75.5091863539013,10.3693998411629],[-75.5091772222892,10.3694461751803],[-75.5091698026941,10.3694913788972],[-75.5091635248625,10.3695162407827],[-75.5091606710476,10.369542233001],[-75.5091561051607,10.369577265961],[-75.5091538223005,10.3696043882045],[-75.5091498271199,10.3696337704805],[-75.5091498268248,10.3696789742437],[-75.509146402314,10.3697083568125],[-75.5091327050326,10.3697535604875],[-75.5091269979313,10.3697682516013],[-75.5091144419947,10.3698123252609],[-75.5091087348764,10.3698292764178],[-75.5090967495987,10.3698744801021],[-75.5090881887528,10.3699027326144],[-75.5090864764418,10.3699468060545],[-75.5090847641227,10.3699920098057],[-75.5090824809839,10.3700157419828],[-75.5090699252152,10.3700326930934],[-75.5090476679653,10.3700157417508],[-75.5090231274312,10.3700010501453],[-75.5090082891465,10.3699931396028],[-75.5089791832509,10.369977317941],[-75.5088605715474,10.3700358435475],[-75.5085671233694,10.3698684122107],[-75.5085602837966,10.3699298509594],[-75.508578546266,10.3699524529905],[-75.508587677342,10.3699829653876],[-75.508583682085,10.3700146079886],[-75.508572267255,10.3700767631406],[-75.5085682723821,10.3700971049454],[-75.5085568577171,10.370138918259],[-75.5085665594873,10.3701671706177],[-75.5085865342322,10.3701954230599],[-75.5086122158037,10.3702112447294],[-75.5086373270256,10.3702236760379],[-75.5086664329176,10.3702406274629],[-75.5086943974595,10.3702587091872],[-75.5087354883409,10.3702767910104],[-75.5087657358535,10.3702971330788],[-75.5087594576554,10.3703253853097],[-75.5087332051378,10.3703423365916],[-75.5086898311132,10.3703434662766],[-75.5086681442693,10.3703231245581],[-75.5086573010036,10.3703118233873],[-75.508616210122,10.3702937415542],[-75.5085871040211,10.3703016520489],[-75.5085494367968,10.3703287739966],[-75.5085174768542,10.370358156031],[-75.5085026382938,10.3703818880981],[-75.5084860876555,10.3704124002803],[-75.5084729610291,10.3704451731127],[-75.508455268698,10.3704813359705],[-75.5084438541032,10.3705118481942],[-75.5084318689665,10.3705604422062],[-75.5084290150519,10.3705898247707],[-75.5084398580411,10.370632768292],[-75.5084507015824,10.3706463295133],[-75.5084809487221,10.3706779724035],[-75.5084963579812,10.3706870132859],[-75.5085357366056,10.3707039650979],[-75.5085334536646,10.3707333473785],[-75.5085197563375,10.3707683802507],[-75.5085032052623,10.3708135838721],[-75.5084946443279,10.3708429663886],[-75.5084381437785,10.3708881696667],[-75.5084307233365,10.3710136098187],[-75.5084290110271,10.3710463827464],[-75.5084330056164,10.3710938465835],[-75.5084358591376,10.3711096680685],[-75.5084421365626,10.3711413107539],[-75.5084489846923,10.3711695630898],[-75.5084643936893,10.3712113766264],[-75.5084752368026,10.3712430193499],[-75.5084906459041,10.3712735320899],[-75.5085129030775,10.37130630493],[-75.5085385848749,10.3713402081077],[-75.508570544414,10.3713707206914],[-75.5085853827714,10.3713763714996],[-75.5086236206623,10.3713650707249],[-75.508650443999,10.3713775020452],[-75.5086638933039,10.3713575707403],[-75.5086939871098,10.3713599545911],[-75.508749359618,10.3713766403186],[-75.5088203808415,10.3714040524168],[-75.5088153787752,10.3714532196821],[-75.5088616063151,10.3714532200227],[-75.5088764446899,10.3714577405065],[-75.508890712125,10.371498423992],[-75.5089089747173,10.3715198956911],[-75.5089340860225,10.3715368473512],[-75.508944929324,10.3715504085552],[-75.5089569141467,10.3715809212482],[-75.5089945810982,10.3715673603823],[-75.5090214044981,10.3715752712957],[-75.5090373842067,10.3715831818446],[-75.5090796169295,10.3716001336084],[-75.5091058693224,10.37161482493],[-75.5091344050154,10.3716272562209],[-75.5091766374499,10.3716453379936],[-75.50919033446,10.3716543788313],[-75.5091966119716,10.3716860215009],[-75.5092051724255,10.3717255749146],[-75.5092280007573,10.3717447865805],[-75.5092593898552,10.3717549575453],[-75.5092776525912,10.3717594780312],[-75.5093050466758,10.3717696492568],[-75.5093118947674,10.3718193734303],[-75.5093489910696,10.37185327632],[-75.5093638294702,10.3718577967812],[-75.5093929355848,10.3718690980307],[-75.5094403047267,10.3718871797973],[-75.509456855143,10.3718939603068],[-75.5094876735632,10.3719086516218],[-75.5095213453319,10.3719289936354],[-75.5095515929528,10.3719685471521],[-75.5095533047353,10.3720148809392],[-75.5095493096268,10.3720318323997],[-75.5095447437112,10.3720736457786],[-75.5095533042609,10.3721052884523],[-75.5095418899101,10.3721538825038],[-75.5095299047685,10.3721685735899],[-75.509419186659,10.3721742233904],[-75.5093895094236,10.3721843939968],[-75.509376953759,10.3722216872413],[-75.5093798069671,10.3722510695543],[-75.5093803775576,10.3722657607059],[-75.5093866552009,10.3723053141003],[-75.5091968275562,10.3723355728351],[-75.5059882401842,10.3709782314078]]]},"properties":{"FID":174,"CODIGO":"7300","NOMBRE":"ALBORNOZ","UCG":11,"LOC":"LI","ZONA":"UCG 11","Shape__Area":107737.248046875,"Shape__Length":1722.6645877054727}},{"type":"Feature","id":175,"geometry":{"type":"Polygon","coordinates":[[[-75.4995157208442,10.3690825037205],[-75.4987420164624,10.3690401668863],[-75.4973440537934,10.3689414369556],[-75.497767151044,10.3677775874851],[-75.4977979170394,10.3676009579415],[-75.4977702494794,10.3672476951249],[-75.4977429935645,10.3671302907408],[-75.4976841657189,10.3663188569381],[-75.4980097679266,10.3661563548009],[-75.4985146486068,10.3661270331447],[-75.4987361604327,10.3648144918517],[-75.4990257472445,10.3648152448539],[-75.4990426540733,10.3654690561489],[-75.4999231226587,10.3654690882441],[-75.5005834740996,10.3654691107338],[-75.5005664899563,10.367011432646],[-75.4998214816954,10.3668102346445],[-75.4993643158886,10.3667431606376],[-75.4989918058453,10.3668102042003],[-75.4989240706726,10.3669778453598],[-75.499008719193,10.367296371682],[-75.4996520808175,10.3689728327126],[-75.4995157208442,10.3690825037205]]]},"properties":{"FID":175,"CODIGO":"7452","NOMBRE":"VILLA ROSA","UCG":11,"LOC":"LI","ZONA":"UCG 11","Shape__Area":89301.6484375,"Shape__Length":1707.7439141976379}},{"type":"Feature","id":176,"geometry":{"type":"Polygon","coordinates":[[[-75.4918927851361,10.3669282559102],[-75.4910447302172,10.3658017470996],[-75.4908930464507,10.3655969272267],[-75.4908520663058,10.3654832308968],[-75.4907866870411,10.3650872835287],[-75.4906793473386,10.3647435372646],[-75.4903208323323,10.3641359101658],[-75.4927948085893,10.3638426147084],[-75.4943356430479,10.3634235897877],[-75.4959780611085,10.3630883841832],[-75.4980437315598,10.3637758148156],[-75.4987844638636,10.3645166456866],[-75.4987361604327,10.3648144918517],[-75.4985146486068,10.3661270331447],[-75.4980097679266,10.3661563548009],[-75.4976841657189,10.3663188569381],[-75.4977429935645,10.3671302907408],[-75.4974134550232,10.3671715460388],[-75.4965829661735,10.367418183436],[-75.4956479044427,10.3675186364036],[-75.4948573983797,10.3677835434223],[-75.4929841755052,10.3683255166185],[-75.4925477859726,10.3678840760207],[-75.4918927851361,10.3669282559102]]]},"properties":{"FID":176,"CODIGO":"8900","NOMBRE":"HENEQUEN","UCG":11,"LOC":"LI","ZONA":"UCG 11","Shape__Area":366264.49609375,"Shape__Length":2491.4011638637057}},{"type":"Feature","id":177,"geometry":{"type":"Polygon","coordinates":[[[-75.4977350134183,10.3717761348151],[-75.497809742043,10.3719782987224],[-75.4979886934076,10.3719634442346],[-75.4981403020054,10.3719399825569],[-75.4982028296031,10.3721935512827],[-75.4982564232778,10.3724471196327],[-75.4983100136592,10.3727832444003],[-75.4990872739568,10.3727980168687],[-75.4990753454498,10.3732255407852],[-75.4984061798478,10.3731946714433],[-75.4980189043769,10.3731264899647],[-75.4971066541165,10.3730114214148],[-75.4967926256944,10.3729468541379],[-75.4958372481905,10.3728963333949],[-75.4959121958649,10.372284635388],[-75.495893757385,10.3719374636703],[-75.4957861145438,10.3716664216354],[-75.4955708162691,10.3713892836248],[-75.4952540104562,10.3711882744048],[-75.4944758449584,10.3705761177952],[-75.4941306156457,10.3700900020538],[-75.4939099316843,10.3697051152881],[-75.4937130922602,10.3694157955617],[-75.4935081513315,10.3691257918173],[-75.4933440198099,10.3688645653309],[-75.4929841755052,10.3683255166185],[-75.4948573983797,10.3677835434223],[-75.4956479044427,10.3675186364036],[-75.4965829661735,10.367418183436],[-75.4974134550232,10.3671715460388],[-75.4977429935645,10.3671302907408],[-75.4977702494794,10.3672476951249],[-75.4977979170394,10.3676009579415],[-75.497767151044,10.3677775874851],[-75.4973440537934,10.3689414369556],[-75.4987420164624,10.3690401668863],[-75.4987688631415,10.3696179010086],[-75.4987489205735,10.3698021174767],[-75.4987311999618,10.369810889039],[-75.4987245532989,10.3698503639037],[-75.4986580841329,10.3703065182814],[-75.4986137834008,10.3703065165491],[-75.498560608617,10.3706530183016],[-75.4985672481043,10.3707933745463],[-75.4984852914463,10.3707977574379],[-75.4985074253192,10.3712078609456],[-75.4982771061554,10.3712682120111],[-75.4979216615054,10.3713613496286],[-75.4976013047245,10.371447570024],[-75.4976846776698,10.3717040881835],[-75.497708409526,10.371699080357],[-75.4977350134183,10.3717761348151]]]},"properties":{"FID":177,"CODIGO":"7250","NOMBRE":"ANTONIO JOSE DE SUCRE","UCG":11,"LOC":"LI","ZONA":"UCG 11","Shape__Area":253884.7626953125,"Shape__Length":2621.9786579125484}},{"type":"Feature","id":178,"geometry":{"type":"Polygon","coordinates":[[[-75.5037729987623,10.371191367642],[-75.5038329206459,10.3707890275265],[-75.5037567548137,10.3707890610362],[-75.5024701507257,10.3707189401939],[-75.5024682041425,10.3707158119729],[-75.5024701656957,10.3706503963538],[-75.5024657242358,10.370589549399],[-75.5020689481835,10.3705671421754],[-75.5020686134708,10.3705485543314],[-75.5017158653368,10.3705352079728],[-75.5013701123019,10.3705283051707],[-75.5013594046167,10.370528543108],[-75.5013596071833,10.3705039609278],[-75.5013464503149,10.3705035238871],[-75.5012962617993,10.3705057683941],[-75.5011250708188,10.3704994709961],[-75.5010424542071,10.3704990751398],[-75.5009329206587,10.3704930093256],[-75.5009395834245,10.3706002026749],[-75.5009452985825,10.3706771316027],[-75.4994222601992,10.3706157689847],[-75.4991453802672,10.3706179517777],[-75.4990567779543,10.3706376860015],[-75.499023559238,10.3704600467003],[-75.4990257809726,10.3702867948631],[-75.4992605762518,10.3702495216146],[-75.4992337908816,10.3698816640107],[-75.4987245532989,10.3698503639037],[-75.4987311999618,10.369810889039],[-75.4987489205735,10.3698021174767],[-75.4987688631415,10.3696179010086],[-75.4987420164624,10.3690401668863],[-75.4995157208442,10.3690825037205],[-75.5027592125924,10.3692730286484],[-75.5036930467741,10.3692885645182],[-75.5040186338276,10.3692984625115],[-75.505240584168,10.3693967962453],[-75.5064994182934,10.3694909508984],[-75.5062274988229,10.3703261690072],[-75.5059882401842,10.3709782314078],[-75.5058829276247,10.3712597401765],[-75.5037729987623,10.371191367642]]]},"properties":{"FID":178,"CODIGO":"7450","NOMBRE":"EL LIBERTADOR","UCG":11,"LOC":"LI","ZONA":"UCG 11","Shape__Area":144979.9619140625,"Shape__Length":2189.8999824292532}},{"type":"Feature","id":179,"geometry":{"type":"Polygon","coordinates":[[[-75.5009329206587,10.3704930093256],[-75.5010424542071,10.3704990751398],[-75.5011250708188,10.3704994709961],[-75.5012962617993,10.3705057683941],[-75.5013464503149,10.3705035238871],[-75.5013596071833,10.3705039609278],[-75.5013594046167,10.370528543108],[-75.5013701123019,10.3705283051707],[-75.5017158653368,10.3705352079728],[-75.5020686134708,10.3705485543314],[-75.5020689481835,10.3705671421754],[-75.5024657242358,10.370589549399],[-75.5024701656957,10.3706503963538],[-75.5024682041425,10.3707158119729],[-75.5024701507257,10.3707189401939],[-75.5037567548094,10.3707890610364],[-75.5038329206459,10.3707890275265],[-75.5037729987711,10.3711913676431],[-75.5058829276247,10.3712597401765],[-75.5055783389884,10.3721657290876],[-75.5050135884749,10.3736240738157],[-75.5048953738948,10.373631497622],[-75.5045676328565,10.3735665935102],[-75.5028381674532,10.3733518921387],[-75.5026919451281,10.3733119513692],[-75.5023742877075,10.373301958564],[-75.502368321977,10.373273565616],[-75.5022697202962,10.3732390711841],[-75.5022426928378,10.3733193408814],[-75.501478618388,10.3732828320936],[-75.501001991655,10.3733095741297],[-75.5003599320553,10.3732895997264],[-75.5003704593728,10.3731966296939],[-75.5004325493926,10.3727140935042],[-75.5004385549091,10.3725567748045],[-75.5004420128408,10.3724203588591],[-75.5004420195726,10.3722233298923],[-75.5004214474681,10.3720815925105],[-75.500281494656,10.3716953416036],[-75.500112009461,10.3714292164748],[-75.4999181756575,10.3710146416546],[-75.4998829758939,10.3709600963162],[-75.5009183341248,10.3710188457345],[-75.5009705592774,10.3710171524059],[-75.5009452985825,10.3706771316027],[-75.5009395834683,10.3706002026789],[-75.5009329206587,10.3704930093256]]]},"properties":{"FID":179,"CODIGO":"7200","NOMBRE":"BELLAVISTA","UCG":11,"LOC":"LI","ZONA":"UCG 11","Shape__Area":164996.29296875,"Shape__Length":1897.9697461120709}},{"type":"Feature","id":180,"geometry":{"type":"Polygon","coordinates":[[[-75.4475714806935,10.4135147234945],[-75.4459480067348,10.4146476909941],[-75.4455194751247,10.4140123673441],[-75.4451536404932,10.4136000242919],[-75.4448771597159,10.4132750001829],[-75.4446065630728,10.4129568914005],[-75.4436703846828,10.4117886107451],[-75.4436130311895,10.4117059576185],[-75.445391497199,10.4105654621337],[-75.4475714806935,10.4135147234945]]]},"properties":{"FID":180,"CODIGO":"2470","NOMBRE":"LA INDIA","UCG":6,"LOC":"LV","ZONA":"UCG 6","Shape__Area":94768.9716796875,"Shape__Length":1293.4649822686958}},{"type":"Feature","id":181,"geometry":{"type":"Polygon","coordinates":[[[-75.4509492015767,10.4185714560154],[-75.4471606597061,10.4217596711098],[-75.4466720998758,10.4221683188461],[-75.4464796844052,10.4219445689615],[-75.4463436998344,10.4213494624798],[-75.4462865784547,10.4209102485685],[-75.4475346822058,10.4209554276507],[-75.4473083877081,10.4203931814762],[-75.4470451761118,10.4199295194213],[-75.4468884772444,10.4196541587168],[-75.4469849252313,10.419463303681],[-75.4465639209675,10.4189646090079],[-75.4461737336225,10.4192899373517],[-75.4451930086629,10.4187331251765],[-75.4468604107869,10.4182450507978],[-75.4478416776981,10.4174087674524],[-75.4485050583696,10.418082572553],[-75.450531022841,10.4164631791138],[-75.4509492015767,10.4185714560154]]]},"properties":{"FID":181,"CODIGO":"0060","NOMBRE":"FLOR DEL CAMPO","UCG":6,"LOC":"LV","ZONA":"UCG 6","Shape__Area":156001.10546875,"Shape__Length":2340.6640648372336}},{"type":"Feature","id":182,"geometry":{"type":"Polygon","coordinates":[[[-75.4509604391578,10.4191160116441],[-75.4509943569101,10.4196830273359],[-75.4509379879359,10.4242807807009],[-75.4502685437882,10.4262492199677],[-75.4443575567148,10.4287517555442],[-75.4443420571762,10.4307473832096],[-75.4442478437728,10.4316730614589],[-75.4432427541404,10.4384440987921],[-75.4425195791888,10.4435656687222],[-75.4419064015358,10.4485336019615],[-75.4417235977426,10.4492965071726],[-75.4413646124116,10.4495548116661],[-75.4411058693027,10.4495612932243],[-75.4371176933079,10.4496611599268],[-75.4383119226458,10.4422305146765],[-75.4389241486871,10.4381100297353],[-75.4352368127608,10.4377778716702],[-75.4292072317402,10.4372612568691],[-75.4300554217489,10.4347369139955],[-75.4302331883389,10.434207849793],[-75.431801055694,10.4288896335334],[-75.4327903836426,10.4255337262391],[-75.4327904858094,10.425125360707],[-75.4325038302346,10.4225019845061],[-75.4332579666213,10.4217207349251],[-75.4331136850069,10.4201487110539],[-75.4340916626203,10.4193462606085],[-75.4353712373007,10.418284403419],[-75.4370428303946,10.4173043369053],[-75.4385735544458,10.4162920425553],[-75.4386834808231,10.4165279603055],[-75.4407176603223,10.4186151588707],[-75.4407359457625,10.4188147645006],[-75.4413773850667,10.419359273097],[-75.4417616790719,10.4222626524445],[-75.44353965948,10.4226259453558],[-75.4452443562464,10.4228259029279],[-75.4466439432222,10.4229382716614],[-75.446655863605,10.4225540068637],[-75.4466043641748,10.4223600266186],[-75.4466720998758,10.4221683188461],[-75.4471606597061,10.4217596711098],[-75.4509492015767,10.4185714560154],[-75.4509604391578,10.4191160116441]]]},"properties":{"FID":182,"CODIGO":"0080","NOMBRE":"CIUDAD BICENTENARIO","UCG":6,"LOC":"LV","ZONA":"UCG 6","Shape__Area":4096722.0126953125,"Shape__Length":11727.295428485768}},{"type":"Feature","id":183,"geometry":{"type":"Polygon","coordinates":[[[-75.4451930086629,10.4187331251765],[-75.4446259659165,10.4184186263382],[-75.4449152786799,10.4182070897736],[-75.4442575751911,10.4173406704403],[-75.4444334094198,10.4171947443742],[-75.4440875620232,10.4167848534237],[-75.4439117290701,10.4169251653505],[-75.4430215395089,10.4161558653103],[-75.4428117804952,10.4158358251924],[-75.4444000398329,10.4153268860412],[-75.443743700414,10.4146239520863],[-75.4455194751247,10.4140123673441],[-75.4459480067348,10.4146476909941],[-75.447620621995,10.4168361003069],[-75.4460609788532,10.4173242006884],[-75.4465145544215,10.4178576182835],[-75.4468604107869,10.4182450507978],[-75.4451930086629,10.4187331251765]]]},"properties":{"FID":183,"CODIGO":"0070","NOMBRE":"URBANIZACION COLOMBIATON","UCG":6,"LOC":"LV","ZONA":"UCG 6","Shape__Area":141601.0546875,"Shape__Length":1933.6000172207257}},{"type":"Feature","id":184,"geometry":{"type":"Polygon","coordinates":[[[-75.4604797631581,10.4056511016014],[-75.4604881972612,10.4049954790066],[-75.4605002593375,10.4046389582657],[-75.4605243354607,10.4042230189727],[-75.4605003591055,10.4040209856698],[-75.4604643975093,10.4037001095744],[-75.4604524813757,10.4031534395777],[-75.460436138771,10.4025784619759],[-75.4624355582486,10.4018070746481],[-75.4629538306356,10.4027509328162],[-75.463040475801,10.4031801545292],[-75.4631314469074,10.4036737581567],[-75.4632094417619,10.4039699238213],[-75.4633177706994,10.404364811985],[-75.4637683543665,10.4064551249773],[-75.4640056840832,10.4077275094637],[-75.4640610290438,10.4080195855685],[-75.4641695119766,10.4083864997023],[-75.4642801769616,10.4090434804853],[-75.4642789947412,10.4090451052563],[-75.4642809997635,10.4090483651729],[-75.4628460694771,10.4078744817963],[-75.4627366102848,10.4070614514897],[-75.4624447628538,10.4066134779679],[-75.4621966555672,10.4064737632523],[-75.4619964487066,10.4064372435044],[-75.4616079660593,10.4064189171756],[-75.4611262671479,10.4066500315328],[-75.4607126078736,10.4065848964762],[-75.4604083565647,10.406493824458],[-75.4604797631581,10.4056511016014]]]},"properties":{"FID":184,"CODIGO":"0090","NOMBRE":"VILLAS DE LA CANDELARIA","UCG":6,"LOC":"LV","ZONA":"UCG 6","Shape__Area":184231.9912109375,"Shape__Length":2133.1676800329237}},{"type":"Feature","id":185,"geometry":{"type":"MultiPolygon","coordinates":[[[[-75.5090750671963,10.3692416272694],[-75.5090482440942,10.3692190252083],[-75.5090311228101,10.369220155404],[-75.5090008752573,10.3692178948649],[-75.5089575017452,10.3692099838333],[-75.5089198353116,10.36919077204],[-75.5089101332723,10.3691591293356],[-75.5089067094741,10.3691286166975],[-75.5089021440691,10.3690947139859],[-75.5088952957263,10.369056290592],[-75.5088861649052,10.3689907452116],[-75.508887306403,10.368969273359],[-75.5088878776227,10.3689342403728],[-75.508882170541,10.3689071180724],[-75.5088713275509,10.3688641745612],[-75.5088661914504,10.3688347919317],[-75.5088633379533,10.3688155803828],[-75.5088599139554,10.3687737669469],[-75.5088610556958,10.3687590758037],[-75.5088684750174,10.3687150021137],[-75.5088708497308,10.368703460762],[-75.5088739873854,10.3687417774009],[-75.5088768408825,10.3687609889498],[-75.5088819769827,10.3687903715793],[-75.5088928199718,10.3688333150903],[-75.508898527053,10.3688604373906],[-75.5088979558346,10.3688954703771],[-75.5088968143379,10.3689169422297],[-75.508905945159,10.3689824876101],[-75.5089127935016,10.3690209110041],[-75.5089173589066,10.3690548137157],[-75.508920782705,10.3690853263537],[-75.5089304847431,10.3691169690579],[-75.5089681511685,10.3691361808501],[-75.5090115246707,10.3691440918803],[-75.5090417722166,10.3691463524184],[-75.5090588934966,10.3691452222221],[-75.5090857165931,10.3691678242825],[-75.5090822920667,10.3691994668951],[-75.5090782969685,10.3692164183527],[-75.5091056907427,10.3692390204152],[-75.509150205888,10.3692480614559],[-75.5091661855111,10.3692514519123],[-75.5092107007028,10.3692537122354],[-75.5092044227643,10.3692966559171],[-75.5091970032774,10.3693260381729],[-75.5091967452609,10.3693273473557],[-75.5091555361302,10.3693252549016],[-75.5091395565035,10.3693218644446],[-75.5090950413481,10.3693128234025],[-75.5090676475682,10.3692902213392],[-75.5090716426679,10.3692732698818],[-75.5090750671963,10.3692416272694]]],[[[-75.5043724151895,10.3689129721282],[-75.5037100368735,10.3688878749123],[-75.5036930467741,10.3692885645182],[-75.5027592125924,10.3692730286484],[-75.4995157208442,10.3690825037205],[-75.4996520808175,10.3689728327126],[-75.499008719193,10.367296371682],[-75.4989240706726,10.3669778453598],[-75.4989918058453,10.3668102042003],[-75.4993643158886,10.3667431606376],[-75.4998214816954,10.3668102346445],[-75.5005664899563,10.367011432646],[-75.5005834740996,10.3654691107338],[-75.4999231226587,10.3654690882442],[-75.4990426540733,10.3654690561489],[-75.4990257472446,10.364815244854],[-75.4987361604327,10.3648144918517],[-75.4987844638636,10.3645166456866],[-75.4980437315598,10.3637758148156],[-75.4959780611085,10.3630883841832],[-75.4943356430479,10.3634235897877],[-75.4927948085893,10.3638426147084],[-75.4903714879102,10.3641299050293],[-75.4903314859452,10.3640621077811],[-75.4898700628079,10.3623902448038],[-75.4892516200205,10.3606841180782],[-75.4887214958799,10.359721674405],[-75.4886923907246,10.3586767073432],[-75.4888809359693,10.3587792631426],[-75.4906896822072,10.3595888395322],[-75.4912517871637,10.3588401280844],[-75.4920830799559,10.3592977106846],[-75.4927265962903,10.3581144171722],[-75.4932592288378,10.3571861832439],[-75.4937658485846,10.3563613148869],[-75.4941747462985,10.3554467260888],[-75.4929232554017,10.35524458047],[-75.4922565242182,10.3549908151484],[-75.4917817557863,10.3547013728957],[-75.4915524786749,10.3544568399139],[-75.4912461456137,10.3541197869253],[-75.491085074392,10.3541212781644],[-75.4907045756014,10.3543220690933],[-75.4904895879598,10.3545834486722],[-75.489176812856,10.3565669471743],[-75.4887192543028,10.3560870247889],[-75.4887245481367,10.3560076005576],[-75.4887317283536,10.3530709997322],[-75.4887358234457,10.3497041789055],[-75.488835158523,10.349418722201],[-75.4885351346466,10.3489002743408],[-75.4910565503421,10.346924328954],[-75.4912069722884,10.3469686676391],[-75.4915616466445,10.3469637891466],[-75.4946650422806,10.3469678651432],[-75.4946973522288,10.3464330434164],[-75.4947774244534,10.3459361081815],[-75.4951717946194,10.3451303697938],[-75.4941272142776,10.3450193721965],[-75.4935771929276,10.3450549494426],[-75.4931021917418,10.3450333246215],[-75.4921418158337,10.3449985060723],[-75.4916041342686,10.3448988011745],[-75.491640179326,10.3449844863211],[-75.4890562266543,10.3449983110174],[-75.4865826227174,10.3450503336994],[-75.4865457624266,10.344977530443],[-75.48506938481,10.3424232408043],[-75.4849808005227,10.3420289764775],[-75.4847803088071,10.34163695243],[-75.4843782559936,10.3408835882132],[-75.4839505624394,10.3400742770236],[-75.4835639059545,10.339338705262],[-75.4831567292362,10.3385675377152],[-75.4828829270088,10.3380487634843],[-75.4827418593496,10.3377766600661],[-75.4826597860835,10.337575757871],[-75.4825930998474,10.3374511520737],[-75.4825700281293,10.3373418109573],[-75.4825495348887,10.3369902497626],[-75.4825598347545,10.3365782989516],[-75.4825444880442,10.3360589053362],[-75.4825240080584,10.3355624024784],[-75.4825420137563,10.3350512841002],[-75.4825600035578,10.3347149870963],[-75.4825549087249,10.3343132057275],[-75.4825578770206,10.3334963813163],[-75.4825456225589,10.3324060540658],[-75.4825580086623,10.3320429596585],[-75.4825375061187,10.3311933331229],[-75.4825498856369,10.330801678885],[-75.482562325688,10.3298419114621],[-75.482570634863,10.3289260004116],[-75.4825913080052,10.3278887089609],[-75.4825872794248,10.326903444916],[-75.4825914953008,10.3258171960728],[-75.4825874081718,10.3254795950443],[-75.4825792648355,10.3245636822872],[-75.4825793509799,10.323611055611],[-75.482587658049,10.3227155402014],[-75.4825959694015,10.3218730669889],[-75.4825958005252,10.321822239718],[-75.4826253127364,10.3173236136714],[-75.4826268183891,10.3166236946146],[-75.4826573620931,10.3166236973151],[-75.4826295110845,10.315415620409],[-75.4826295931312,10.3145058917065],[-75.4826285643267,10.3132593936854],[-75.4826349138338,10.3124513742318],[-75.4826349703736,10.3118241698617],[-75.4826338600349,10.3114817500673],[-75.4826298915942,10.3111958349152],[-75.4826321819481,10.3111076874704],[-75.4826562783157,10.3096521232519],[-75.4948583170927,10.3097688834495],[-75.4947796740287,10.3010563070339],[-75.4952540521047,10.3001719984226],[-75.4957729998551,10.2994129129322],[-75.4963908025521,10.2982865205998],[-75.4971568600216,10.2971846209777],[-75.5019260225622,10.2915526835052],[-75.5043618606574,10.2885968478123],[-75.5126511932462,10.2883012086864],[-75.5128369434509,10.2880762135064],[-75.5137836740052,10.2886293250436],[-75.5136721834701,10.2890066567851],[-75.5167284403656,10.2912001855413],[-75.5166657741158,10.2912430238882],[-75.516794750896,10.2913300807396],[-75.5167922806218,10.2913484139988],[-75.5191471801211,10.2929354874698],[-75.5205662631269,10.2940090893743],[-75.5209698321799,10.2943144055457],[-75.5209492916353,10.2943155362638],[-75.5209247571582,10.2943189272991],[-75.5208893817845,10.2943211885577],[-75.5208408835365,10.2943324909978],[-75.5208146375813,10.2943437927711],[-75.5207872506512,10.2943607450727],[-75.5207530169591,10.2943810878718],[-75.5207267711322,10.2943969100352],[-75.520674279538,10.2944308145543],[-75.5206423279171,10.294444376679],[-75.5206229286743,10.2944511578397],[-75.5205938297417,10.29445906938],[-75.5205721482092,10.2944658506039],[-75.5205516078197,10.2944726317933],[-75.5205316380345,10.2944805430644],[-75.5204951219259,10.2944974956039],[-75.5204745816316,10.2945076670865],[-75.5204574648011,10.2945189685692],[-75.5204163843372,10.2945438319254],[-75.520379297839,10.294567565064],[-75.5203587576016,10.2945799967378],[-75.5203393584419,10.2945901681794],[-75.5203165358481,10.2946003397163],[-75.5202959954444,10.2946071208895],[-75.5202748844677,10.2946139020774],[-75.5202532029178,10.2946206832798],[-75.520232091875,10.2946252042663],[-75.5202081280026,10.29463085543],[-75.5201875875946,10.2946376365964],[-75.5201670471539,10.294643287662],[-75.5201242546169,10.2946568500353],[-75.520102002457,10.294662501144],[-75.5200791797871,10.2946704124655],[-75.5200574982292,10.2946771936548],[-75.5200358167019,10.294685104942],[-75.5199930241223,10.2946975371986],[-75.5199730542154,10.2947020581372],[-75.5199519432566,10.2947099694033],[-75.5198771989874,10.2947359636978],[-75.5198452472402,10.294747265545],[-75.5198172894366,10.2947563070842],[-75.5197881905475,10.2947676088499],[-75.5197351279156,10.2947902122382],[-75.5197111641429,10.2948003837623],[-75.519686059284,10.2948128155131],[-75.5196632367133,10.2948252472024],[-75.5196409847135,10.2948376788752],[-75.5196175915667,10.294850110576],[-75.5195907750121,10.2948636724633],[-75.5195662406566,10.2948738439914],[-75.5195360006321,10.2948862758631],[-75.51948807294,10.2949020984828],[-75.5194515567271,10.2949190509043],[-75.5194327281197,10.2949303523761],[-75.5194007765704,10.2949506949737],[-75.5193779541241,10.2949687771393],[-75.5193568436258,10.2949959000544],[-75.5193420091365,10.2950117218176],[-75.5193260334998,10.2950275436087],[-75.5193094872598,10.2950422353139],[-75.5192912292705,10.2950557969619],[-75.519275253543,10.2950682284525],[-75.519246154749,10.2950851806657],[-75.5192193381873,10.2950998726213],[-75.5191868159489,10.2951168249138],[-75.5191594287519,10.2951292566799],[-75.5190721319616,10.2951654219896],[-75.5190344745776,10.2951835044907],[-75.5190162164572,10.2951925457259],[-75.5189979583913,10.2952038471586],[-75.5189260672612,10.2952490528518],[-75.5188296419424,10.2953146008944],[-75.5188199428171,10.2953405934059],[-75.5188096736309,10.2953880578163],[-75.5188028275591,10.2954219609549],[-75.5187360713009,10.2954581256908],[-75.518706972389,10.2954728176567],[-75.5186573326601,10.2954807294978],[-75.5186293745466,10.2954807301401],[-75.5186025578701,10.2954931618456],[-75.5185854409198,10.2955044632288],[-75.5185631888563,10.2955180249263],[-75.5185226787146,10.2955440181272],[-75.5185055617586,10.2955553195061],[-75.518443940707,10.2955960044626],[-75.518293881927,10.2956931963179],[-75.5182699181657,10.2957090182311],[-75.5182288375013,10.2957395318043],[-75.5181968859427,10.2957666548776],[-75.5181620815566,10.2957960382075],[-75.5181455352226,10.2958107298527],[-75.518128418362,10.2958276817076],[-75.5181101604,10.2958468937845],[-75.5180930435845,10.295866105836],[-75.518077638466,10.2958841877511],[-75.5180616627225,10.295900009479],[-75.5180456869773,10.2959158312061],[-75.5180285700572,10.2959305228573],[-75.5180097414601,10.295947474742],[-75.5179892011372,10.2959644266614],[-75.5179680901893,10.2959791183929],[-75.5179327150883,10.2960039813128],[-75.517865958727,10.2960457963642],[-75.5178300129179,10.2960650087884],[-75.5177969198612,10.2960785706544],[-75.517762685652,10.2960921325402],[-75.5177318749123,10.2961068244526],[-75.5176999230662,10.2961237765833],[-75.5176599832366,10.2961441191678],[-75.517632595914,10.2961576809032],[-75.5176012146097,10.2961735029136],[-75.5175704038094,10.2961859346121],[-75.5175258992732,10.2962017568729],[-75.517497370745,10.2962130584207],[-75.5174694128791,10.2962288803517],[-75.5174522958487,10.2962401816745],[-75.51743175561,10.2962639141535],[-75.5174112155008,10.2962944272264],[-75.5173815461834,10.2963249404722],[-75.517351876379,10.2963305915328],[-75.517331335582,10.2963260715253],[-75.5173085124192,10.2963181612619],[-75.5172794127356,10.2963000802218],[-75.5172480306469,10.2962763487258],[-75.5172297720268,10.296265048074],[-75.5172115134508,10.2962560076195],[-75.5171938254297,10.2962458370543],[-75.5171755668345,10.2962356664986],[-75.5171441849079,10.2962198456868],[-75.5169741556501,10.2963362489791],[-75.5169912731763,10.2963509399632],[-75.5170078201288,10.2963656309567],[-75.5170392022291,10.2963904925752],[-75.5170563197821,10.2964063136551],[-75.5170717256314,10.2964232648643],[-75.517084278584,10.2964390860253],[-75.5171196553366,10.2964967204399],[-75.5171276439427,10.2965261028728],[-75.5171247916755,10.2965588758014],[-75.517109957212,10.2965859984527],[-75.5170956933219,10.2966131210929],[-75.5170848533027,10.2966628456539],[-75.5170842833127,10.2966944884412],[-75.5170848548303,10.2967453428937],[-75.517077437969,10.2967792460035],[-75.517070021795,10.2968504423855],[-75.5170768693155,10.2968832151372],[-75.5170859988916,10.2969024266573],[-75.5171008342741,10.2969238982715],[-75.5171225167016,10.296952150355],[-75.5171721575697,10.2969905728152],[-75.5171824285204,10.297021085303],[-75.5171795760418,10.2970425572396],[-75.5171721589501,10.2970640292603],[-75.5171647418362,10.2970843711816],[-75.5171601776259,10.2971058431493],[-75.5171584662984,10.2971273150646],[-75.517165313919,10.2971646082104],[-75.5171573264373,10.2971962511334],[-75.5171442034873,10.2972132028615],[-75.5171276570113,10.2972267643543],[-75.5171008404223,10.2972550173222],[-75.5170888586626,10.2972742292255],[-75.5170803003426,10.2972923109671],[-75.5170631836371,10.2973250841521],[-75.5170477785347,10.2973510767105],[-75.5170283794726,10.2973815897366],[-75.517007839273,10.2974132328809],[-75.5169969986357,10.297431314661],[-75.5169833050696,10.2974471362935],[-75.5169513532122,10.297473129142],[-75.5169182601338,10.2974957317101],[-75.51688744932,10.2975160740365],[-75.5168686205276,10.297530765655],[-75.5168549269306,10.2975454571828],[-75.5168412334127,10.2975646691064],[-75.5168286810281,10.2975827509106],[-75.5168195521074,10.2976008326548],[-75.5168092821302,10.2976245649142],[-75.5168012944024,10.2976449068364],[-75.5167847484452,10.2976901110863],[-75.5167750490404,10.2977138433346],[-75.5167659202118,10.2977375755727],[-75.5167590736537,10.2977590475732],[-75.5167430981247,10.2977963411172],[-75.5167311165393,10.2978279840967],[-75.5167185642754,10.29785397659],[-75.5167094353406,10.2978720583309],[-75.516698024112,10.2978912702093],[-75.5166854717454,10.2979116122057],[-75.5166729193772,10.2979319542016],[-75.5166615081054,10.2979489058805],[-75.516647243922,10.2979647275078],[-75.5166170037198,10.2979907202938],[-75.5166021689348,10.2980054118296],[-75.5165856223943,10.298018973294],[-75.5165707875874,10.2980325347292],[-75.5165434001694,10.2980528769655],[-75.5165228596509,10.2980709588888],[-75.5165091662034,10.2980969513923],[-75.5165051725127,10.2981184233402],[-75.5165023200162,10.2981421554676],[-75.516500038079,10.2981647574865],[-75.5164966149842,10.2981873595239],[-75.5164926213668,10.2982133518678],[-75.5164874866102,10.2982404743293],[-75.5164829224313,10.2982675967815],[-75.5164703710105,10.2983467039204],[-75.5164686596485,10.2983693059295],[-75.5164680894443,10.29839190792],[-75.5164658075403,10.2984167701364],[-75.5164646668316,10.2984438925323],[-75.5164675206448,10.2984992673395],[-75.5164680916173,10.2985229994103],[-75.5164680919733,10.2985444712923],[-75.5164669511893,10.2985670732918],[-75.5164618168738,10.2986213181294],[-75.5164578232481,10.2986473104722],[-75.516452118126,10.2986879941302],[-75.5164509774525,10.2987173767236],[-75.5164447015622,10.2987467594002],[-75.5164515494514,10.298803264241],[-75.516456685211,10.2988360370295],[-75.5164589680163,10.2988654195673],[-75.516462392038,10.2988981923834],[-75.5164663866029,10.2989287049922],[-75.5164709518235,10.2989637379876],[-75.5164772286728,10.2989919903609],[-75.516490352936,10.2990473649986],[-75.5164943474301,10.2990733572107],[-75.5164989124675,10.2990970892153],[-75.5165040480859,10.2991208212105],[-75.5165086132568,10.2991524639079],[-75.5165114666308,10.2991807163364],[-75.5165166024026,10.2992134891232],[-75.5165205969767,10.2992440017307],[-75.5165257327127,10.2992745143193],[-75.5165302978691,10.2993050269171],[-75.5165365746735,10.2993298889917],[-75.5165439925642,10.2993502306513],[-75.5165548339213,10.2993694421552],[-75.5165776577437,10.2994044748459],[-75.5166050458913,10.299420295776],[-75.5166421336258,10.2994191650562],[-75.5167134559154,10.2994010822666],[-75.516746549424,10.2993909108109],[-75.5167682313944,10.2993852599441],[-75.5167950486307,10.2993818691851],[-75.5168258599518,10.2993796084536],[-75.5168880530923,10.2993705665758],[-75.5169154408864,10.2993660456978],[-75.5169382640341,10.2993615248984],[-75.5169759220742,10.2993457028434],[-75.5169936098903,10.2993355316366],[-75.5170295560789,10.2993140591109],[-75.5172680558285,10.2991592311688],[-75.5172863142051,10.2991490599353],[-75.5173131312202,10.2991354982423],[-75.517339377609,10.2991196763599],[-75.5173844529239,10.2990925531264],[-75.5174243935627,10.2990936824604],[-75.5174494991155,10.2990948120761],[-75.5174734635304,10.2990970718109],[-75.5174962868522,10.2991027218632],[-75.5175196807777,10.2991095020018],[-75.5175419335886,10.299118542359],[-75.5175641864688,10.2991309730117],[-75.5175904334812,10.2991467938811],[-75.5176172511451,10.299166005034],[-75.5176480628521,10.2991840860062],[-75.5176822980913,10.299204427105],[-75.5177119685058,10.2992157274999],[-75.5177370742321,10.2992247677863],[-75.5177650327922,10.2992304177159],[-75.5177861443405,10.2992338075844],[-75.5178101087917,10.2992371973933],[-75.5178357850558,10.2992439774623],[-75.5178614613683,10.2992530177272],[-75.5178825731093,10.2992654483814],[-75.5179019731818,10.2992812693665],[-75.5179156674739,10.2992982205678],[-75.51793221503,10.2993321231942],[-75.5179396329863,10.2993513347227],[-75.5179499039192,10.2993739364886],[-75.5179624571286,10.2993942780086],[-75.5179790043812,10.2994134893455],[-75.5179995455566,10.2994259200038],[-75.5180354922224,10.2994293095442],[-75.5180668740711,10.2994247884846],[-75.5180999675386,10.2994146168904],[-75.5181342021903,10.2994055753675],[-75.5181678662344,10.2993954037542],[-75.5182260651743,10.2993818413093],[-75.5182494589102,10.299378450504],[-75.5182728526455,10.2993750596971],[-75.5183008111273,10.2993761891844],[-75.518329910923,10.2993840992381],[-75.5183527343317,10.2993920094278],[-75.5183818344622,10.2994146107636],[-75.5183943875985,10.2994304318708],[-75.5184206353193,10.299474505147],[-75.5184143597248,10.2995095383552],[-75.5183829781282,10.2995253604383],[-75.5183607255705,10.299529881327],[-75.5183396142503,10.2995377924858],[-75.5183167913886,10.2995547444727],[-75.5182991039563,10.2995807371372],[-75.5182859813722,10.2996157704927],[-75.518277994117,10.2996553241313],[-75.5182711480476,10.2996960078436],[-75.5182631608137,10.2997366915805],[-75.518255744109,10.2997751151069],[-75.5182488980342,10.2998157988184],[-75.5182443341087,10.2998485717874],[-75.5182414819522,10.299882474818],[-75.5182414826286,10.2999129874897],[-75.5182471894235,10.2999570612246],[-75.5182471902509,10.2999943544898],[-75.5182414848582,10.3000135662959],[-75.5182175210178,10.3000406891906],[-75.518196980267,10.3000497304265],[-75.5181747277443,10.300057641599],[-75.518150192942,10.3000678130169],[-75.5181159585146,10.3000904157285],[-75.5180999827823,10.3001164083447],[-75.518091424713,10.3001469211982],[-75.5180834369795,10.3001661330499],[-75.5180686022586,10.3001853450467],[-75.5180474911312,10.3002045571755],[-75.5180223858039,10.3002181188924],[-75.517992715768,10.3002294205053],[-75.5179630457299,10.3002407221154],[-75.5179356580669,10.3002542838733],[-75.5179122644781,10.300267845546],[-75.5178917237753,10.3002802770592],[-75.5178757477301,10.300292708477],[-75.5178586306609,10.3003119205111],[-75.517846078273,10.3003322625495],[-75.5178329553954,10.3003571249947],[-75.5178215442399,10.3003808573055],[-75.517812415366,10.3004023293714],[-75.5178032865378,10.3004260616349],[-75.5177981518105,10.3004509239157],[-75.5177935876886,10.3004769162836],[-75.5177895941721,10.3005040387387],[-75.5177873124034,10.3005311611589],[-75.5177833188858,10.3005582836139],[-75.5177793253206,10.300583145871],[-75.517775902291,10.3006057479186],[-75.5177696268835,10.3006543422986],[-75.5177639225242,10.3007255386448],[-75.5177667760241,10.3007537910593],[-75.5177736236777,10.3007854336894],[-75.5177844653926,10.3008159461392],[-75.517798159956,10.3008430682338],[-75.5178118544278,10.3008656699322],[-75.5178244076638,10.3008848813568],[-75.5178375314613,10.3009029626702],[-75.5178563611191,10.3009221739648],[-75.5178780435783,10.300935734705],[-75.5179002965753,10.3009470352342],[-75.5179196966319,10.3009572057222],[-75.5179602083555,10.3009707660657],[-75.5179807494863,10.3009764161307],[-75.5180012905694,10.3009798059966],[-75.5180241139147,10.3009798055165],[-75.5180515018803,10.3009775447406],[-75.5180748957601,10.3009752840471],[-75.5181011425085,10.3009707630934],[-75.5181296715413,10.3009639818909],[-75.5181616240745,10.3009572006124],[-75.518232946648,10.3009402475883],[-75.5182683225773,10.3009289458294],[-75.5183059809139,10.3009210343132],[-75.5183453510501,10.3009153829526],[-75.5183812978882,10.3009187724541],[-75.5184121095523,10.3009255523627],[-75.5184320802076,10.3009357228073],[-75.5184554747012,10.3009605844594],[-75.5184554752175,10.3009831864368],[-75.5184480582233,10.301009178877],[-75.5184332236138,10.3010340413839],[-75.5184161065897,10.3010555136443],[-75.518393283751,10.3010781161294],[-75.5183573379897,10.3011233208805],[-75.5183356563351,10.3011470534351],[-75.5183042746739,10.3011673959046],[-75.5182649048325,10.3011877385453],[-75.518244364084,10.3012001700802],[-75.5182266763542,10.3012171219473],[-75.5182107003997,10.3012352038753],[-75.5181958656365,10.3012544158767],[-75.518182742624,10.3012736278404],[-75.5181582081241,10.3013018808399],[-75.518142232112,10.3013177025666],[-75.5181194091117,10.3013346545378],[-75.5180971566442,10.3013493462975],[-75.5180709100844,10.3013640381405],[-75.5180400987987,10.30137646988],[-75.5180064345645,10.3013877715778],[-75.5179739114726,10.3013979431492],[-75.5179431001318,10.3014081146818],[-75.5179128593496,10.3014171561008],[-75.5178831891026,10.3014239373075],[-75.5178483835942,10.301430718617],[-75.5178152897671,10.3014341095911],[-75.5177793429937,10.301436370521],[-75.5177479608721,10.3014375012558],[-75.5177160082122,10.3014408921968],[-75.517685767328,10.3014454131992],[-75.517653244174,10.3014533245407],[-75.5176212916028,10.3014612358677],[-75.5175842037694,10.3014691472927],[-75.517535704176,10.3014736686405],[-75.5174963338889,10.3014759296059],[-75.5174620988175,10.3014759302696],[-75.517428434397,10.3014793212153],[-75.5173953405603,10.3014827121465],[-75.5173633878921,10.3014861030526],[-75.5173314352231,10.3014894939555],[-75.5173040472082,10.3014917546706],[-75.5172749474608,10.3014951455141],[-75.5172498417402,10.3014951459841],[-75.5172201713431,10.3014951465369],[-75.517189930255,10.3014894966033],[-75.5171556950125,10.3014804564438],[-75.5171226008778,10.3014680259633],[-75.5170906479357,10.3014567255575],[-75.5170615479598,10.3014476852947],[-75.5170358715754,10.301443165363],[-75.5170090540849,10.3014420357461],[-75.5169742484942,10.301445426665],[-75.5169445781835,10.3014499475879],[-75.5169160490816,10.3014567286856],[-75.5168863788499,10.3014657699986],[-75.5168589909144,10.3014725510713],[-75.5167694095807,10.3014974147984],[-75.5167106396059,10.3015109769896],[-75.5166798281941,10.301520018303],[-75.5166512990996,10.3015279294762],[-75.5166210583076,10.3015392309721],[-75.5165891057787,10.3015516625925],[-75.5165554414741,10.3015629641391],[-75.5165252006186,10.3015708753295],[-75.5164932480074,10.301578786545],[-75.5164624364892,10.3015821773435],[-75.5164259191231,10.3015855682312],[-75.5163836958906,10.3015878291072],[-75.5163517432191,10.3015923500122],[-75.516328919921,10.3015980008685],[-75.5162963966811,10.301603651876],[-75.5162633028373,10.3016081727902],[-75.5162296384079,10.30161269371],[-75.5161965445266,10.3016149544197],[-75.5161474743591,10.3016228658646],[-75.5161223686984,10.3016273866424],[-75.5160864219256,10.3016319075818],[-75.5160641691701,10.3016352982132],[-75.5160424870161,10.3016398189333],[-75.5160190931242,10.3016454697763],[-75.515996840384,10.3016499905018],[-75.515971164168,10.3016567714739],[-75.5159494820282,10.3016624222866],[-75.5159232352589,10.301671463461],[-75.5158530537493,10.3017008470461],[-75.5158176777299,10.3017177990346],[-75.5157920015863,10.3017302304866],[-75.5157720312257,10.3017381414609],[-75.5157406492284,10.3017505729892],[-75.5157052731815,10.3017663948666],[-75.5156624795568,10.30178447704],[-75.5156185447098,10.3017991689267],[-75.5155728980723,10.3018116006331],[-75.5155409453976,10.3018183816556],[-75.5155061398265,10.3018274229106],[-75.5154719048537,10.3018375942531],[-75.515438240479,10.3018488956833],[-75.5154057172872,10.3018613271941],[-75.5153760470341,10.3018748887636],[-75.515281330377,10.3019133133301],[-75.5152482365872,10.3019257448322],[-75.5151985958194,10.3019381765354],[-75.515168354866,10.3019438274012],[-75.5151381139115,10.3019494782641],[-75.5151135788098,10.3019551290554],[-75.5150650791205,10.3019607801315],[-75.5150411145748,10.3019641707129],[-75.5150137265431,10.3019698215303],[-75.5149840561553,10.3019743422734],[-75.5149195800952,10.3019822537114],[-75.5148836332519,10.3019856444183],[-75.514846545198,10.3019856448377],[-75.5148111689006,10.3019856452337],[-75.5147706573721,10.3019890359789],[-75.514715310671,10.3019969472755],[-75.514683357947,10.3020025981145],[-75.5146519758073,10.3020082489443],[-75.5146205937029,10.3020172900675],[-75.5145698118089,10.3020376323778],[-75.5145390003442,10.3020523239811],[-75.5145059065461,10.3020681457036],[-75.5144813714822,10.3020794469409],[-75.5144579775879,10.3020907481649],[-75.5144243131616,10.3021031795882],[-75.5143940722355,10.3021144808756],[-75.5143735312189,10.3021212616701],[-75.514303349455,10.3021495148195],[-75.5142748202992,10.3021630762769],[-75.5142268913318,10.3021879389015],[-75.5141835270013,10.3022082810817],[-75.5141584213082,10.3022173221021],[-75.5141344567542,10.3022229728138],[-75.5141070686738,10.3022274934557],[-75.5140796805618,10.3022286237989],[-75.514045445419,10.3022297541998],[-75.5139786868708,10.3022297547787],[-75.5139461634852,10.3022308851545],[-75.5139164930288,10.3022320155031],[-75.5138919578644,10.3022354060041],[-75.5138685638902,10.3022410566914],[-75.5138445993386,10.3022478374804],[-75.5138200641815,10.3022523580747],[-75.5137852584769,10.3022568787492],[-75.5137156469485,10.3022512288025],[-75.5136802705949,10.3022478387785],[-75.5136466060172,10.3022467089354],[-75.5136157943865,10.302247839265],[-75.5135553122878,10.3022489698085],[-75.5135222183045,10.302248970047],[-75.5134817066882,10.3022467101369],[-75.5134457597837,10.3022478404864],[-75.5134155187458,10.3022501008918],[-75.5133875600824,10.3022568816743],[-75.5133601720343,10.3022681828456],[-75.5133327839995,10.3022817442123],[-75.5132802902743,10.3023099970228],[-75.5132529022397,10.3023246884814],[-75.5132238024372,10.3023382498496],[-75.5131929908667,10.3023506811269],[-75.5131604675286,10.3023619823128],[-75.5131296559534,10.302374413584],[-75.5130994149619,10.302386844849],[-75.5130703151471,10.3024004062033],[-75.5130423564892,10.302411707351],[-75.5130178213337,10.3024207482795],[-75.5129910038256,10.30242865912],[-75.5129658980686,10.3024354398502],[-75.5129362276142,10.3024410905041],[-75.5128962866781,10.3024603023944],[-75.5128386576421,10.3024953357523],[-75.5128032813673,10.3025111573117],[-75.5127724697525,10.3025213283512],[-75.5127239699511,10.3025303693725],[-75.5126982935833,10.302534889887],[-75.5126731878116,10.3025416705944],[-75.5126515055627,10.3025495813834],[-75.5126121351822,10.3025687932359],[-75.5125727647823,10.3025846147874],[-75.5125373884653,10.3025959159225],[-75.5124980180583,10.3026117374648],[-75.5124757652318,10.3026241686393],[-75.5124529418257,10.302638860012],[-75.512430118422,10.3026546814819],[-75.5124067244336,10.302671633051],[-75.5123804775132,10.3026897147275],[-75.5123587952592,10.302701015793],[-75.51232969536,10.3027077964879],[-75.512297742514,10.3027111868936],[-75.5122680719955,10.3027089267947],[-75.5122412544037,10.3027044064865],[-75.5121927544995,10.3026942357491],[-75.5121659369134,10.3026908455334],[-75.5121351252243,10.3026885854257],[-75.5121003194319,10.3026874554249],[-75.5120643724541,10.3026818050284],[-75.5120255725383,10.3026738944376],[-75.5119890549656,10.302663723639],[-75.5119508256326,10.3026524227415],[-75.5119177315946,10.3026467723221],[-75.5118846375602,10.3026422519981],[-75.5118504023581,10.3026399918704],[-75.5118098907015,10.3026366016522],[-75.5117716613862,10.3026298211285],[-75.5117351438192,10.3026151299062],[-75.5116991968386,10.3025981784813],[-75.5116609675109,10.3025778367594],[-75.5116164617339,10.3025552348433],[-75.5115748088955,10.3025326329178],[-75.5115314443073,10.3025134212851],[-75.5114897914885,10.3024998601389],[-75.5114458563296,10.3024885591865],[-75.5114070564542,10.3024829087189],[-75.5113728212721,10.302479518442],[-75.5113402978497,10.3024761281606],[-75.5113054920803,10.3024648271853],[-75.5112729686573,10.3024478757119],[-75.5112455805134,10.3024264038395],[-75.511221045304,10.3023992814706],[-75.5111993630295,10.3023710290012],[-75.5111759690011,10.302338256135],[-75.5111565690791,10.302308873564],[-75.511116628075,10.3022467181217],[-75.5110938046497,10.3022150753482],[-75.5110692694701,10.3021868228687],[-75.5110435931211,10.3021630907819],[-75.5110167756003,10.3021461392853],[-75.5109859639817,10.3021303178825],[-75.5109545817806,10.3021144964763],[-75.5109203466512,10.3021020653608],[-75.5108849703533,10.3020896342408],[-75.5108495940581,10.3020772031167],[-75.5108165001067,10.3020659020904],[-75.5107816943949,10.3020591214537],[-75.5107480298606,10.3020489505184],[-75.5107115123972,10.3020410397728],[-75.5106738537684,10.3020308688237],[-75.510638477488,10.3020184376765],[-75.5106019600417,10.3020048764246],[-75.5105757131321,10.3019935753863],[-75.5105517485778,10.3019766238564],[-75.5105323487165,10.3019562820379],[-75.5105140900334,10.301933680023],[-75.5104969725285,10.3019088178119],[-75.510462737532,10.3018568331892],[-75.5104473317881,10.3018331010781],[-75.5104313554696,10.3018059786684],[-75.5104159497418,10.3017777261604],[-75.5104016852039,10.3017426930615],[-75.5103936971065,10.3017065298789],[-75.5103885619324,10.3016714968021],[-75.5103868502654,10.3016375938327],[-75.5103874209261,10.3016082112643],[-75.510393697431,10.3015799588091],[-75.5104022562561,10.3015584869525],[-75.5104159503447,10.3015358850093],[-75.5104467619583,10.3015178035017],[-75.5104981145549,10.3015257143102],[-75.5105232202538,10.3015370153527],[-75.5105454730264,10.3015505765851],[-75.5105637316989,10.3015686582034],[-75.5105797080301,10.3015890000139],[-75.5106230723574,10.3016500254324],[-75.5106561662291,10.3016782779614],[-75.5106807013551,10.301692969287],[-75.5107292010307,10.3017212218331],[-75.5107554479167,10.3017370432545],[-75.5107896829868,10.301759645277],[-75.5108307650828,10.301782247304],[-75.5108604354958,10.3017924182266],[-75.5109009470289,10.301801459058],[-75.5109443114891,10.3018116299856],[-75.5109836818544,10.3018240611022],[-75.5110122111031,10.3018387524054],[-75.5110316109905,10.3018545738],[-75.5110567167236,10.3018884767773],[-75.5110835342155,10.3019291603461],[-75.5111017929409,10.3019461118348],[-75.5111234751818,10.3019585429281],[-75.5111462985955,10.3019698439213],[-75.5111696925963,10.3019800148142],[-75.5112153394314,10.301993576002],[-75.511241586363,10.3019980963955],[-75.5112695450511,10.3019992264901],[-75.5113020684222,10.3019969662846],[-75.5113368741332,10.3019913157784],[-75.511373391597,10.3019811448723],[-75.5114110502256,10.3019653234674],[-75.5114498500187,10.3019461117607],[-75.5114897909737,10.3019223796531],[-75.5115291613362,10.3018975174422],[-75.5115685316939,10.3018737853254],[-75.511605049124,10.3018534435038],[-75.5116398547954,10.301834231779],[-75.5116643899349,10.3018184103618],[-75.5116826486341,10.301801458853],[-75.5116906367499,10.3017517344927],[-75.5116797955991,10.3017280024333],[-75.5116649603586,10.3017065305768],[-75.5116438486893,10.3016873189258],[-75.5116181723508,10.3016737577735],[-75.5115924960146,10.301660196619],[-75.511566249097,10.3016477655621],[-75.5115422845231,10.3016375946983],[-75.5114920730225,10.3015969111882],[-75.5114972082469,10.3015550975265],[-75.5115194610257,10.30153136543],[-75.5115702430187,10.3014974624116],[-75.511616460357,10.3014884215656],[-75.5116438484107,10.3014850312332],[-75.5116729482225,10.3014850311926],[-75.5116991951168,10.3014884214503],[-75.5117282949344,10.3014918117013],[-75.5117556830029,10.3014974621502],[-75.5117813593227,10.3015053727976],[-75.5118178767664,10.3015211941145],[-75.512101457795,10.3016907082807],[-75.5121419693106,10.3016861877709],[-75.5121956042495,10.3016726264254],[-75.5122389686564,10.301659065104],[-75.5122709213819,10.3016511543086],[-75.5123057270338,10.3016443735992],[-75.5123450973669,10.3016387229689],[-75.5123873206268,10.3016342024223],[-75.5124318262378,10.301633072158],[-75.51251741395,10.301630811625],[-75.512557354872,10.3016274211642],[-75.5125938722745,10.3016217705156],[-75.5126275367468,10.3016149897764],[-75.5126594894374,10.3016025585473],[-75.5126903009508,10.3015889972214],[-75.5127228242103,10.3015743057858],[-75.512759341565,10.3015607444265],[-75.5127981412779,10.3015517034473],[-75.5128420762796,10.3015483129316],[-75.5128911465482,10.3015460524822],[-75.5129230992888,10.3015460523143],[-75.512973310732,10.3015449219452],[-75.5129972752874,10.3015449218135],[-75.513021810421,10.301543791578],[-75.5130663159971,10.3015392709299],[-75.5131028333872,10.3015347503226],[-75.5131364978118,10.3015234491351],[-75.5131655975294,10.3015076275764],[-75.5131901325323,10.3014861555488],[-75.5132106733976,10.3014579029511],[-75.5132272201393,10.3014251299815],[-75.513243766863,10.3013900968133],[-75.5132551783463,10.3013584539733],[-75.5132751483774,10.3012940382113],[-75.5132928361087,10.3012364030557],[-75.5133162296736,10.3011787678618],[-75.513334488081,10.3011369540841],[-75.5133550288495,10.3010996606855],[-75.5133801342603,10.3010589769583],[-75.5134023868087,10.3010273340395],[-75.5134252099521,10.3009979513129],[-75.5134480330913,10.3009685685847],[-75.5134794147693,10.3009098032237],[-75.5134908261792,10.3008736399789],[-75.5134993845961,10.3008273058638],[-75.5134976726992,10.3008069640959],[-75.5134777019513,10.3007606301819],[-75.5134588725038,10.300732377841],[-75.5134177900731,10.3006690925858],[-75.5134006723621,10.3006374499329],[-75.5133892604841,10.3006058072407],[-75.5133829838467,10.3005730344146],[-75.5133812718425,10.3005357411619],[-75.5133824127447,10.3004973177912],[-75.5133846947966,10.3004566342147],[-75.5133869768557,10.3004170807372],[-75.5133892589219,10.3003786573584],[-75.5133921115545,10.3003379737778],[-75.5133943935962,10.3002961601019],[-75.5134018108626,10.3002520861934],[-75.5134115104481,10.30020688217],[-75.5134274864663,10.300166198499],[-75.5134417508455,10.3001413362241],[-75.5134605798631,10.3001142137189],[-75.5134834029517,10.3000870911845],[-75.5135227728231,10.300047537442],[-75.5135632838905,10.300013634181],[-75.5135986597722,10.2999876416456],[-75.5136306121833,10.2999650394288],[-75.5136597117159,10.2999469576262],[-75.513684817217,10.2999345263465],[-75.5137104933336,10.2999266154562],[-75.5137407340847,10.2999164443301],[-75.5137892334392,10.2999051429572],[-75.5138400151076,10.2998927114594],[-75.5138822380853,10.2998848004204],[-75.5139273139884,10.2998791495498],[-75.5139758133799,10.2998734986436],[-75.5140231716364,10.299871238037],[-75.5140705298923,10.2998689774234],[-75.514119599882,10.2998655866886],[-75.514168099268,10.2998599357535],[-75.5141920636429,10.2998542850386],[-75.5142268690352,10.2998452439239],[-75.5142588214958,10.2998339426345],[-75.5142873504649,10.2998226413746],[-75.5143124559205,10.299809079947],[-75.5143432671779,10.2997943883633],[-75.5143837783402,10.2997819568796],[-75.5144322778235,10.2997876068946],[-75.5144653717357,10.2998056881465],[-75.5145007481068,10.2998362004603],[-75.5145372656836,10.2998701030553],[-75.5145697892442,10.2999085260836],[-75.5145977481586,10.2999469491562],[-75.5146188600245,10.299978591705],[-75.5146348366455,10.3000091042078],[-75.5146468191592,10.3000362264554],[-75.5146593722692,10.3000644787954],[-75.5146736371399,10.3000938612154],[-75.5146930373142,10.3001288940742],[-75.5147141492267,10.3001627968143],[-75.5147364023083,10.3001966995404],[-75.5147597965844,10.3002328624503],[-75.5147803379032,10.3002645049943],[-75.5147980262758,10.3002927572717],[-75.5148077263817,10.3003108387468],[-75.5148259856511,10.3003662133904],[-75.5148351154497,10.3004080269484],[-75.5148385394368,10.3004509706689],[-75.5148408222205,10.3004905241053],[-75.5148453873231,10.3005289474171],[-75.514854517025,10.3005617201828],[-75.5148670702525,10.3005967531073],[-75.5148841880945,10.3006272655837],[-75.5149058705383,10.3006521275125],[-75.5149298352251,10.3006690787212],[-75.5149589351357,10.3006837696707],[-75.5149828997336,10.3006928101832],[-75.5150542227878,10.3007063705298],[-75.5150958754403,10.3007131506252],[-75.5151181282252,10.3007165406537],[-75.5151808923729,10.3007165398889],[-75.5152339565495,10.3007120188372],[-75.5152681914663,10.3007063679149],[-75.5153007146179,10.3006995869116],[-75.5153583433367,10.3006860249905],[-75.5154011369053,10.3006735933507],[-75.5154268130239,10.3006645522256],[-75.5154519185276,10.3006532509082],[-75.5154758828636,10.3006419496038],[-75.5154998471672,10.3006283880999],[-75.5155500580383,10.3005967446605],[-75.5156179568119,10.3005537999834],[-75.5156356447072,10.3005413686538],[-75.5156675969812,10.3005153759399],[-75.5156961257055,10.3004859929736],[-75.5157229426924,10.3004577401275],[-75.5157503302088,10.3004260969744],[-75.5157680177995,10.3003933238569],[-75.5157799996917,10.3003695916104],[-75.5157891286369,10.300343599206],[-75.515798257548,10.3003153466034],[-75.5158033923316,10.3002837037605],[-75.515806244703,10.3002464104553],[-75.5158073851303,10.3001955559872],[-75.515810807935,10.3001480917831],[-75.5158102369923,10.3001232296146],[-75.5158113776153,10.3000859363332],[-75.5158119476234,10.3000463828621],[-75.515810805984,10.3000136100089],[-75.5158079526485,10.2999842274768],[-75.5158011052901,10.2999582352982],[-75.5157902638442,10.2999311130771],[-75.5157788517859,10.2999017306658],[-75.5157708632196,10.2998723482057],[-75.5157668686772,10.2998395753921],[-75.5157680093856,10.2998079326052],[-75.5157759970388,10.2997740295236],[-75.5157868376789,10.2997457768962],[-75.5157999606098,10.2997152640381],[-75.5158130835219,10.2996836210804],[-75.5158302004176,10.2996463275702],[-75.5158433233898,10.2996192050071],[-75.5158558757952,10.2995932125506],[-75.5158712811039,10.2995672200523],[-75.5158895393321,10.2995423576111],[-75.5159129327696,10.2995163649952],[-75.5159386085609,10.2994926325421],[-75.5159625727072,10.2994756807061],[-75.5160162066809,10.2994338662509],[-75.5160350353505,10.2994010930998],[-75.516039599429,10.299363799765],[-75.5160384579406,10.2993423279012],[-75.5160333223878,10.2993208560969],[-75.5160236221566,10.2992971241625],[-75.5160065042769,10.2992666117439],[-75.5159922393882,10.2992417497771],[-75.5159762627773,10.2992180179339],[-75.5159619979609,10.2991976763618],[-75.5159465920192,10.2991795950037],[-75.5159294742709,10.2991569932739],[-75.5159123565084,10.299133261444],[-75.515895238715,10.2991072694153],[-75.5158809738588,10.2990835375424],[-75.5158678500988,10.2990552852563],[-75.5158592910317,10.2990304232011],[-75.5158524436566,10.2990021708241],[-75.5158495903429,10.2989739183896],[-75.5158484488192,10.2989490562275],[-75.5158484484722,10.298925324148],[-75.5158490187215,10.2989027221594],[-75.5158518712571,10.2988778599399],[-75.5158564355152,10.2988518675967],[-75.5158655643276,10.2988202246925],[-75.5158746931881,10.2987919720852],[-75.5158855338193,10.2987659796509],[-75.5158923804414,10.2987433775711],[-75.5159015093976,10.2987219055571],[-75.5159100678233,10.2987038238482],[-75.5159283258643,10.2986699206112],[-75.5159408782926,10.298648448546],[-75.5159557130706,10.2986292366449],[-75.5159734006758,10.298605504305],[-75.5159910882443,10.2985795117659],[-75.516007064055,10.2985523891521],[-75.5160241810043,10.2985241364216],[-75.5160435802844,10.298497013755],[-75.516062979613,10.2984732813843],[-75.5160812378327,10.2984529393269],[-75.5160994960849,10.2984348574664],[-75.5161183249315,10.2984179056954],[-75.516136583197,10.2984009539319],[-75.5161616882142,10.2983715709729],[-75.516163969824,10.2983263669755],[-75.5161508462461,10.2983094156902],[-75.5161320169342,10.2982958547885],[-75.5161086230285,10.298284554153],[-75.516078382214,10.2982755138171],[-75.5160327357061,10.2982619533122],[-75.5160110536282,10.2982563031393],[-75.5159899421298,10.2982506529567],[-75.5159682600195,10.298242742583],[-75.5159431544044,10.2982325720597],[-75.5159037842069,10.2982144910483],[-75.5158684080642,10.2981964099746],[-75.5158364553973,10.2981783288481],[-75.5158067850318,10.2981591175868],[-75.51577711467,10.2981399063228],[-75.5157405973052,10.2981161747558],[-75.5156955211414,10.2980834025107],[-75.515671556609,10.298066451356],[-75.5156430273417,10.2980415895684],[-75.5156013746057,10.2980042968668],[-75.515580262929,10.2979839553692],[-75.5155351866772,10.2979421423088],[-75.5155072279793,10.2979150203032],[-75.5154844045497,10.2978924186238],[-75.5154581576098,10.2978664266904],[-75.5154147930647,10.297820093194],[-75.5153891166845,10.2977918410493],[-75.515351457938,10.2977455074704],[-75.5153320579397,10.2977183853397],[-75.5153143696778,10.297691263186],[-75.5152978225306,10.2976607507196],[-75.5152824164838,10.2976257178414],[-75.5152675809745,10.297587294658],[-75.5152373392746,10.2975014075028],[-75.5152213625792,10.2974595940337],[-75.5152036742131,10.2974223009814],[-75.5151922623987,10.2974008292387],[-75.5151631623277,10.2973499751347],[-75.5151414799633,10.2973149423258],[-75.5151237916705,10.2972821696654],[-75.5151106680246,10.2972516571471],[-75.5150992561395,10.297223404806],[-75.5150906971406,10.2971951524303],[-75.5150844205194,10.2971725505226],[-75.5150781438302,10.297144298119],[-75.5150735788309,10.2971126553974],[-75.5150724372783,10.2970798825356],[-75.5150735780324,10.2970471096465],[-75.5150770010784,10.2970132066309],[-75.5150804241651,10.2969826939127],[-75.5150861292943,10.2969307092829],[-75.5150844170269,10.2968866354359],[-75.5150849870233,10.2968391712641],[-75.515082704415,10.2968143091096],[-75.5150798511757,10.2967849265653],[-75.5150781391029,10.2967566741064],[-75.5150752858922,10.2967295517603],[-75.5150747149444,10.2966990390893],[-75.5150758557244,10.2966685263978],[-75.515078137711,10.2966425340893],[-75.5150815608487,10.2966165417671],[-75.5150884074266,10.2965894193046],[-75.5150941128381,10.2965611667564],[-75.515102671099,10.2965306539754],[-75.5151089470559,10.2965001412216],[-75.5151169346825,10.2964651080502],[-75.5151243517598,10.2964323350838],[-75.5151334805757,10.2964006921956],[-75.5151408977339,10.2963746998239],[-75.5151477443295,10.2963498375581],[-75.515152308609,10.2963238452209],[-75.5151523082297,10.2962933325423],[-75.51514317855,10.2962549092803],[-75.5151249196852,10.2962176162278],[-75.5151032373886,10.2961814533147],[-75.5150832669184,10.296153201074],[-75.5150661494223,10.2961328594926],[-75.5150227857827,10.2961373804036],[-75.5149828458334,10.2961622430547],[-75.5149588818715,10.2961780647225],[-75.514937200194,10.2961927562628],[-75.5148367797256,10.2962571730596],[-75.5148088217615,10.2962763850585],[-75.5147837166573,10.2962944669242],[-75.5147551881241,10.2963148090239],[-75.5147266595497,10.2963317608235],[-75.5146947074831,10.2963453223598],[-75.5146570496113,10.2963543635571],[-75.5146228151652,10.2963611445154],[-75.5145942864348,10.2963645351128],[-75.5145674694418,10.2963690557891],[-75.5145275292976,10.2963814872925],[-75.5144932950095,10.2964040896259],[-75.5144647666102,10.2964402530888],[-75.514453925919,10.2964639852808],[-75.5144459381385,10.2964911077416],[-75.5144425150306,10.2965250107516],[-75.5144413743169,10.2965679545323],[-75.5144402335799,10.2966086381144],[-75.5144368105392,10.2966493217193],[-75.5144282523028,10.2966888752759],[-75.5144128471981,10.2967329492969],[-75.5143945892427,10.2967804136426],[-75.5143808958461,10.2968233575458],[-75.5143717669993,10.2968606509078],[-75.5143677732583,10.2968900335252],[-75.514369485246,10.2969160257893],[-75.5143751913026,10.2969454083118],[-75.5143820385244,10.2969759209221],[-75.5143911680421,10.2970053034106],[-75.5144020092684,10.2970324256835],[-75.5144134210503,10.2970572877521],[-75.5144248328111,10.2970798896219],[-75.5144373857383,10.2971036215791],[-75.5144499386674,10.2971273535357],[-75.5144756150849,10.2971725572434],[-75.5144858857239,10.2971974193208],[-75.5144961563879,10.297224541596],[-75.5145064270772,10.2972539240692],[-75.5145195507124,10.2972889570085],[-75.51453096256,10.2973183394691],[-75.5145423743861,10.297345461731],[-75.5145566391118,10.297373714062],[-75.5145726155476,10.2973997061764],[-75.5145903037539,10.2974290885693],[-75.5146262506929,10.2974822028505],[-75.5146393742285,10.2975059347932],[-75.5146507860583,10.2975319269518],[-75.5146576332701,10.2975579191587],[-75.5146736100691,10.297615554043],[-75.5146838808741,10.2976528472036],[-75.5147067044164,10.2976924004265],[-75.5147215396875,10.297715002248],[-75.5147335220842,10.2977387341989],[-75.5147392281264,10.2977624662179],[-75.5147380873102,10.2977929789062],[-75.5147312407517,10.297826881954],[-75.5147135532343,10.2978630453173],[-75.5146890187013,10.2978924281587],[-75.5146525020106,10.2979206810269],[-75.5146228321666,10.2979410231251],[-75.5145652041659,10.2979783169983],[-75.5145400989014,10.2979952687442],[-75.5145167053574,10.2980110903715],[-75.5144938823893,10.2980269119914],[-75.5144499481469,10.2980551649118],[-75.5144305485969,10.2980664660964],[-75.5143968846873,10.2980879383126],[-75.5143672149237,10.298119581378],[-75.5143495273933,10.2981602651171],[-75.514331840092,10.2982246809358],[-75.5143221406537,10.2982653645959],[-75.5143141529937,10.2983105686355],[-75.5143016005788,10.2983433416287],[-75.5142770659159,10.2983670739427],[-75.5142416902487,10.2983908063567],[-75.5141943323848,10.2984111485804],[-75.5141058926373,10.2984111493847],[-75.5140836400556,10.2984111495833],[-75.513997482634,10.2984122804368],[-75.5139695242523,10.2984111505776],[-75.5139415658708,10.298410020716],[-75.5139136074605,10.2984055005548],[-75.513882796156,10.2984009804147],[-75.5138502731061,10.2983953301867],[-75.5138183206548,10.2983919401489],[-75.5137869387649,10.2983862899053],[-75.5137241750241,10.2983795098052],[-75.5136967872252,10.298378379918],[-75.51367225233,10.2983783801058],[-75.51364486454,10.2983783803133],[-75.5136203296277,10.2983761202991],[-75.5135957947327,10.2983761204811],[-75.513545583793,10.2983772509469],[-75.5135187665739,10.2983761210405],[-75.5134657027232,10.2983749913161],[-75.5134257621886,10.2983738614934],[-75.5133812570228,10.2983727316964],[-75.513356722128,10.2983727318603],[-75.5133076523609,10.2983761224797],[-75.51327398821,10.2983772527955],[-75.5132471710209,10.2983806432629],[-75.5132209243958,10.2983817735264],[-75.5131923954687,10.2983851639998],[-75.5131655782642,10.2983862942624],[-75.5131284906241,10.2983851643856],[-75.5130862677736,10.2983840345345],[-75.5130605917068,10.2983817744844],[-75.5130029632442,10.2983840350075],[-75.5129453347623,10.2983829052231],[-75.5128922709004,10.2983795152066],[-75.5128397776302,10.2983783853767],[-75.5127907078398,10.2983783856206],[-75.5127467732765,10.2983817761297],[-75.512709685692,10.2983919471956],[-75.5126754510158,10.2984055085416],[-75.5126457809791,10.2984213300617],[-75.5126189638398,10.2984382816657],[-75.5125972818898,10.2984507128493],[-75.5125778822594,10.2984642741208],[-75.5125465005322,10.2984936568277],[-75.5125276715373,10.2985219093815],[-75.5125219658341,10.2985433812868],[-75.5125288129546,10.2985840648247],[-75.5125476422348,10.2986224881149],[-75.5125693243974,10.2986563909958],[-75.5125875830629,10.2986846433945],[-75.5126161122241,10.2987264569361],[-75.5126355120519,10.298753579228],[-75.5127119702747,10.298869979082],[-75.5127268054697,10.2988948411913],[-75.5127393583472,10.2989197033107],[-75.512760470026,10.2989649071711],[-75.5127758758595,10.2989999401664],[-75.5127878581818,10.2990281925836],[-75.5128015523888,10.2990846974674],[-75.5128101114291,10.2991513732668],[-75.5128141056746,10.2991875364153],[-75.512815247013,10.2992225694788],[-75.5128192413059,10.2992677734192],[-75.5128238061231,10.2993016763664],[-75.5128289415162,10.2993344492117],[-75.5128426357554,10.2993932142906],[-75.5128551888612,10.2994564997704],[-75.5128608948351,10.299488142513],[-75.512864318492,10.2995209153661],[-75.5128643186749,10.2995559484346],[-75.5128626070968,10.2995875912148],[-75.5128591837689,10.2996181039048],[-75.5128529075223,10.2996463564112],[-75.5128460606934,10.2996746089203],[-75.5128357903985,10.2997073818424],[-75.5128283729969,10.2997378945519],[-75.5128181027037,10.2997717975722],[-75.512810114706,10.2998000500861],[-75.5128009855607,10.2998316929022],[-75.512791285894,10.2998757668093],[-75.5127867214883,10.2999254911859],[-75.5127821569915,10.2999571339788],[-75.5127764513524,10.2999932971731],[-75.5127690339662,10.3000294603754],[-75.5127559109184,10.3000983964742],[-75.5127507758394,10.3001311693681],[-75.5127456407483,10.300161682064],[-75.5127393644755,10.3001888044684],[-75.5127211060226,10.3002260978192],[-75.5126891535785,10.3002611310342],[-75.5126497835305,10.3002905137844],[-75.5126218250737,10.3003085954907],[-75.5125944371863,10.3003244169943],[-75.5125567788162,10.3003413686375],[-75.5125134146077,10.3003560601016],[-75.5124597799183,10.3003730117976],[-75.5124209803658,10.3003888333305],[-75.5123856043092,10.3004057849452],[-75.51235479291,10.3004227365397],[-75.5123051523225,10.300452119284],[-75.5122577940605,10.3004826321121],[-75.5122241297476,10.3005041040991],[-75.512199594727,10.3005165352634],[-75.512157942223,10.3005300965755],[-75.5121111544441,10.3005346171053],[-75.5120478197464,10.3005334871771],[-75.5120118730393,10.3005380076642],[-75.511969649939,10.3005504388546],[-75.5119279974028,10.3005560894446],[-75.511882921363,10.3005594798387],[-75.5118355629862,10.3005606100331],[-75.5117773635139,10.3005504392507],[-75.5117448402773,10.300542528614],[-75.5117123170405,10.3005334878751],[-75.5116803643883,10.3005244471321],[-75.5116506940676,10.300514276284],[-75.5116124649956,10.3004950646526],[-75.5115810829063,10.3004634219206],[-75.511565106565,10.3004408199603],[-75.5115337244694,10.3003933558387],[-75.5115183187175,10.3003707538754],[-75.5114977777254,10.300348151916],[-75.5114475664337,10.3003063382968],[-75.5114253137059,10.3002871266308],[-75.5114059138933,10.3002690450604],[-75.5113905081605,10.3002532236844],[-75.5113494262216,10.3002283615285],[-75.5113020678876,10.3002136702597],[-75.5112752505202,10.3002080197718],[-75.5112455802426,10.300202369282],[-75.5112147688016,10.3001921983938],[-75.5111833867804,10.3001797673047],[-75.5111434460313,10.3001560352216],[-75.5111137757663,10.3001323031367],[-75.5110915230722,10.3001097011506],[-75.5110681292225,10.300074668074],[-75.5110618528437,10.3000238136186],[-75.511053294127,10.2999989514378],[-75.5110390295964,10.2999684387589],[-75.5110230533225,10.2999390561774],[-75.511004794724,10.2999108036925],[-75.5109431719741,10.2998203957313],[-75.5108844021651,10.2997311178596],[-75.5108644318506,10.2996994750679],[-75.5108336205131,10.2996531409758],[-75.5108193560053,10.2996339292764],[-75.510804520918,10.2996147175757],[-75.5107902564108,10.2995977660729],[-75.510761727404,10.2995616028675],[-75.5107349101484,10.299524309563],[-75.5107098046385,10.2994892764569],[-75.5106869814558,10.2994553734514],[-75.5106641582877,10.2994158199492],[-75.5106567408134,10.2993717460759],[-75.5106573114352,10.2993480139979],[-75.5106647290539,10.2993073304465],[-75.510678993626,10.2992734275001],[-75.5106989639929,10.2992440449579],[-75.5107189343613,10.2992112721175],[-75.5107383341652,10.2991649380868],[-75.510749745815,10.2991355555288],[-75.5107594457218,10.299106172968],[-75.5107719985326,10.2990734001136],[-75.5107845513363,10.2990440175558],[-75.5107971041391,10.2990135048984],[-75.5108090863538,10.2989875126359],[-75.5108336213613,10.2989321378129],[-75.5108421800891,10.2989072756441],[-75.5108484564949,10.2988835435715],[-75.5108530211591,10.2988609415959],[-75.5108650033987,10.298802176459],[-75.510871279839,10.2987422812166],[-75.5108701387206,10.298703857848],[-75.51087413282,10.2986631742866],[-75.5108741328532,10.2986315315133],[-75.5108667153584,10.2985964984351],[-75.5108376158733,10.2985433837477],[-75.5106265015283,10.2985546844285],[-75.5106116663845,10.2985987582645],[-75.5105979724517,10.2986134495267],[-75.5105654494087,10.2986224902562],[-75.5105220853794,10.2986202299693],[-75.5104998327932,10.2986157095252],[-75.5104530453185,10.298601018132],[-75.5104273692668,10.2985931073778],[-75.5103971285875,10.2985829364121],[-75.5103685996451,10.298573895547],[-75.510336076643,10.2985671148669],[-75.5103058359563,10.2985614642888],[-75.5102721717916,10.2985569437971],[-75.5102122610098,10.2985433824299],[-75.5101774557046,10.2985343415285],[-75.5101512090897,10.2985253006516],[-75.5101278153838,10.2985128694849],[-75.5100804574025,10.2984868770451],[-75.5100564931231,10.2984744458712],[-75.5100268230587,10.2984608845757],[-75.5099880237228,10.2984495834413],[-75.5099492243719,10.2984428026985],[-75.5099087132715,10.2984394122413],[-75.5098682021624,10.2984382819771],[-75.5098333968394,10.2984382818313],[-75.5097997326645,10.2984405418849],[-75.5097723448691,10.2984405417646],[-75.5097443864843,10.2984428018376],[-75.50971585752,10.2984450619055],[-75.5096884697026,10.2984495821744],[-75.5096576584209,10.2984518422264],[-75.5096262765653,10.2984529721738],[-75.5095954652771,10.298456362319],[-75.5095675068838,10.2984597524757],[-75.509534413254,10.2984676629998],[-75.5095018901775,10.2984800939197],[-75.5094710788359,10.2984925248456],[-75.5094391263083,10.2985094761584],[-75.5093826387732,10.2985433788166],[-75.5092999044689,10.2985953628959],[-75.509234287577,10.2986383062664],[-75.5092011938275,10.298660908044],[-75.5091698117827,10.298688030225],[-75.5091178887271,10.2987366241527],[-75.5090956359873,10.298756965791],[-75.5090739538318,10.2987761773325],[-75.5090545540157,10.2987919985905],[-75.5090374365165,10.2988078198627],[-75.5090077661591,10.2988383323363],[-75.508982660403,10.2988733652347],[-75.5089683957952,10.2988891865227],[-75.5089370136434,10.298925349473],[-75.5089221784103,10.2989468212501],[-75.5089067725625,10.2989728134185],[-75.5088902255355,10.2990010657761],[-75.508871396185,10.2990293181163],[-75.5088491433585,10.2990564403313],[-75.5088092024302,10.2990982537014],[-75.5087875200877,10.2991366769064],[-75.5087898020303,10.2991864012799],[-75.5087920841025,10.2992191741682],[-75.5087863779962,10.2992587275906],[-75.5087738248691,10.2993050615555],[-75.508754995333,10.2993536556703],[-75.5087355952456,10.2993977293835],[-75.5087173363678,10.2994350225103],[-75.5087047834018,10.2994587544923],[-75.508689948146,10.29947796606],[-75.5086557129719,10.2995175192565],[-75.5086368836157,10.2995401210871],[-75.5086066425239,10.2995762840129],[-75.5085786837219,10.2996158372513],[-75.5085598542412,10.2996520002651],[-75.5085495835043,10.2996847730512],[-75.5085530066992,10.2997198061474],[-75.508559853308,10.2997638800633],[-75.508567270566,10.2998000432908],[-75.5085746878819,10.2998294259242],[-75.5085866697869,10.2998667192872],[-75.5085975104756,10.2999107932342],[-75.5086049278432,10.2999345253721],[-75.508614056939,10.2999605177213],[-75.5086288917904,10.2999944208084],[-75.5086323150065,10.3000283238041],[-75.5086231853092,10.3000757878871],[-75.5085895207377,10.3001040400902],[-75.5085347448027,10.3001108202361],[-75.5084942334853,10.3001096898001],[-75.5084571460913,10.3000588350345],[-75.5084474465515,10.3000181513899],[-75.5084457350811,10.2999865086046],[-75.5084337533956,10.2999254831587],[-75.5084189185285,10.2998961004583],[-75.5083938132849,10.2998565467774],[-75.5083590083033,10.2998011716238],[-75.5083407499602,10.2997717888895],[-75.5083253445275,10.2997424061795],[-75.5082956748851,10.2996779902725],[-75.5082779871884,10.2996429570447],[-75.5082563054904,10.2996011431856],[-75.5082351941357,10.2995853216067],[-75.5082089475106,10.2995740203748],[-75.5081690068656,10.2995706297054],[-75.5081222192043,10.2995717593617],[-75.5080976842058,10.2995728892259],[-75.5080731491736,10.2995774093851],[-75.5080480435484,10.2995830596359],[-75.5080235085034,10.2995887098904],[-75.5079972617141,10.299594360126],[-75.5079379211471,10.2996067906207],[-75.5079116743548,10.2996124408494],[-75.507884857004,10.2996158308721],[-75.5078272282325,10.2996226108692],[-75.507800410892,10.2996248707859],[-75.5077444938976,10.2996282604894],[-75.5077182471871,10.2996260000096],[-75.5076942828142,10.2996226094533],[-75.5076520599324,10.2996113080025],[-75.5076132605789,10.2995966162872],[-75.5075698966189,10.2995785342191],[-75.5075271032712,10.2995581919536],[-75.5074865922266,10.2995401099067],[-75.5074574927669,10.2995254182841],[-75.5074318168092,10.2995095965998],[-75.5074078527187,10.2994836040427],[-75.5073833181875,10.2994463104872],[-75.5073639188071,10.2994157975846],[-75.5073502252657,10.2993830245509],[-75.5073376728747,10.2993513816293],[-75.5073251204447,10.2993231290041],[-75.507308573925,10.2992971365282],[-75.5072834687415,10.2992677536508],[-75.5072520871489,10.2992406308927],[-75.5072218467368,10.2992123780466],[-75.5071956004071,10.2991829951483],[-75.5071733481592,10.2991524821984],[-75.5071322671576,10.2990914563372],[-75.5071134383013,10.2990688541193],[-75.5070883330805,10.2990451217215],[-75.5070495339853,10.2990179988489],[-75.5070181522286,10.299006697454],[-75.5069799234681,10.2989987862638],[-75.5069428358393,10.2989931352822],[-75.5069074599061,10.298990874616],[-75.5068709427361,10.2989942644259],[-75.506825296331,10.298994263811],[-75.5067790794088,10.2989897427859],[-75.5067311507798,10.2989829615325],[-75.506707186418,10.2989829612001],[-75.5066569753093,10.2989874808941],[-75.5066335814132,10.2989953912575],[-75.5066079051629,10.2990055617847],[-75.506585652375,10.2990168624579],[-75.5065143293105,10.299054154699],[-75.5064880824378,10.2990665854066],[-75.5064635472868,10.299080146236],[-75.5064127652718,10.2991050076659],[-75.5063876595343,10.2991185684811],[-75.5063397303916,10.2991445600409],[-75.5063134834871,10.2991581208332],[-75.5062906600977,10.2991694214774],[-75.5062666955459,10.2991807221025],[-75.5062421604297,10.299190892618],[-75.5062193370709,10.2991999330591],[-75.5061657021691,10.2992214041091],[-75.5061411670465,10.2992315746169],[-75.5061149201445,10.299244005294],[-75.5060886732039,10.2992586961669],[-75.5060601438838,10.2992767772984],[-75.5060281910767,10.2992948583726],[-75.5059979499709,10.2993151996691],[-75.5059688500784,10.2993321506844],[-75.5057354799927,10.2994824499882],[-75.5056898329871,10.2995129618856],[-75.5056704329769,10.299527652841],[-75.505651603546,10.299542343805],[-75.5056162269436,10.2995751160661],[-75.5055871268269,10.2996022379375],[-75.5055591678675,10.2996293598261],[-75.5055369147765,10.2996530915153],[-75.5055146617024,10.299675693104],[-75.5054730085538,10.2997152458325],[-75.5054496143285,10.2997367172974],[-75.5054307842784,10.2997841811183],[-75.5053914137626,10.2998056522934],[-75.5053623139386,10.2998146925608],[-75.5053041142013,10.2998372934836],[-75.5052613203077,10.2998519839865],[-75.5052339321779,10.2998632844717],[-75.5051660323622,10.2998949259819],[-75.5051072619059,10.2999231773532],[-75.5050775913721,10.2999378680789],[-75.5050433560714,10.2999582092097],[-75.5049469265665,10.3000181026027],[-75.5049041323626,10.3000463542455],[-75.5048813088141,10.3000599149875],[-75.5048550617265,10.3000757358585],[-75.5048265322853,10.3000926867813],[-75.5047968616313,10.3001118978768],[-75.5047677615329,10.3001322390799],[-75.5047415143644,10.3001514502384],[-75.5047141260054,10.3001717914708],[-75.50469301414,10.3001876124316],[-75.5046730434603,10.300202303315],[-75.5046359550066,10.3002316851362],[-75.5046154137391,10.3002463760044],[-75.5045754724104,10.3002734975625],[-75.5045349604212,10.3003040094007],[-75.5045167014979,10.3003175702108],[-75.5044796130882,10.300343561717],[-75.5044408129007,10.300370683282],[-75.5043187065453,10.3004486575308],[-75.5042913181828,10.3004667385292],[-75.5042633591602,10.3004882098098],[-75.5042348294517,10.3005142014712],[-75.5042080114123,10.3005435834638],[-75.5041817638757,10.3005763557632],[-75.5041566574997,10.3006091280853],[-75.5041355453508,10.3006351198993],[-75.504115003832,10.3006588515266],[-75.5040967447691,10.3006769327082],[-75.5040528089032,10.3007198754978],[-75.5039894729639,10.3007729887391],[-75.5039712134234,10.3008114116934],[-75.503983765665,10.3008374042483],[-75.5039946063638,10.3008543559734],[-75.5040157172583,10.3008848691131],[-75.5040562272833,10.3009470254493],[-75.5040676381156,10.3009843189643],[-75.5040630728867,10.3010091810387],[-75.5040368255265,10.3010317824356],[-75.5040020200733,10.3010250010692],[-75.5039500977567,10.3009899668437],[-75.5039312691181,10.3009628440478],[-75.5039130110664,10.3009357212637],[-75.5038919001784,10.3009052081174],[-75.5038610891928,10.3008826054416],[-75.5038217190133,10.3008792142488],[-75.5037686540901,10.3009074655052],[-75.5037429774338,10.3009244163971],[-75.5037173007214,10.3009436274847],[-75.5036921946163,10.3009617084846],[-75.5036670884546,10.3009820496802],[-75.5036419823706,10.3009990005773],[-75.5035934819727,10.301031772307],[-75.5035706582973,10.3010453329555],[-75.5035461228687,10.3010588935619],[-75.5035187344917,10.3010735841976],[-75.5034930579185,10.301086014674],[-75.5034690930948,10.3010984451892],[-75.5034091809858,10.3011312166179],[-75.503377798425,10.3011492974419],[-75.503339568713,10.3011730285906],[-75.5033195979928,10.301184329093],[-75.5032813683568,10.3012046699382],[-75.5032494152258,10.3012216206368],[-75.5032123267205,10.3012430916007],[-75.5031912145948,10.3012634328578],[-75.5031820847055,10.3012849045096],[-75.5031438528086,10.3013933930485],[-75.5030907843859,10.3015527356579],[-75.5029019082617,10.3020341529602],[-75.5028117491699,10.302282772367],[-75.5026930595542,10.3025709444518],[-75.5025920582575,10.3028466858732],[-75.5025663799964,10.3029144911127],[-75.5025435553393,10.3029574342542],[-75.5025338543067,10.3029958573512],[-75.5025327124833,10.3030195893939],[-75.5025372763478,10.3030501021819],[-75.5025561050216,10.3030760949567],[-75.5025743634801,10.3030885265304],[-75.5026103099365,10.3031088692647],[-75.502642833025,10.3031235614108],[-75.5026667969996,10.3031495543149],[-75.5026799192674,10.3031958887086],[-75.5026844830575,10.3032297917904],[-75.5026918997266,10.3032659551445],[-75.5027033105424,10.3033009885047],[-75.5027158625969,10.303333761697],[-75.5027278441869,10.303362014479],[-75.5027386846331,10.3033891371319],[-75.5027489544331,10.3034185199668],[-75.502758653707,10.3034456425891],[-75.5027780525001,10.3034908470431],[-75.5027985924752,10.3035360515255],[-75.5028082918168,10.3035609139488],[-75.5028168499235,10.3035880365394],[-75.5028265491487,10.3036174193568],[-75.5028396719063,10.3036468022624],[-75.5028562181079,10.3036795755519],[-75.502885316668,10.3037349511372],[-75.5028990101725,10.3037586835615],[-75.5029132742973,10.3037812859011],[-75.5029286796015,10.3038038882692],[-75.5029463673806,10.3038219703002],[-75.5029771784983,10.3038479633551],[-75.5030308133783,10.303866046294],[-75.5030833075498,10.3038660476166],[-75.5031044193073,10.3038671782448],[-75.5031512073325,10.3038773503015],[-75.503175742481,10.3038841315036],[-75.5032168245369,10.3038976937051],[-75.5032516300616,10.3039135159443],[-75.5032813002613,10.3039304681528],[-75.5033121115013,10.3039530708796],[-75.5033446342608,10.303985844533],[-75.5033668865628,10.3040129674411],[-75.5033840036501,10.3040366999274],[-75.5034153848586,10.3040852949272],[-75.503428507884,10.3041067671175],[-75.5034376368415,10.3041259790141],[-75.5034507593451,10.3041689230778],[-75.5034581753505,10.3042367291746],[-75.5034598862633,10.3042717622736],[-75.5034650206039,10.3043113158489],[-75.5034735785666,10.3043474792102],[-75.5034855598771,10.3043915533433],[-75.5034924060199,10.3044299768602],[-75.5034963993795,10.3044616197172],[-75.5035015339473,10.3044921325026],[-75.5035072388318,10.3045339462876],[-75.5035112322491,10.304563328947],[-75.5035089490111,10.3045994920486],[-75.5034992470015,10.3046808589181],[-75.5034975342693,10.3047204123288],[-75.5034992451066,10.3047588357224],[-75.5035043795697,10.3047938689016],[-75.5035112257782,10.30483003222],[-75.5035197837327,10.3048673256774],[-75.5035329064694,10.3049023590457],[-75.5035460293182,10.304932872019],[-75.5035585817968,10.3049543441894],[-75.5035688519953,10.3049724260097],[-75.5035705626795,10.3050176299938],[-75.5035637149896,10.3050424920012],[-75.5035568671624,10.3050730045011],[-75.5035551545988,10.3051057773197],[-75.5035893888677,10.3051555024656],[-75.5036435940829,10.3051950571881],[-75.5036567163626,10.305250432325],[-75.5036538626256,10.3052832051171],[-75.5036475852585,10.3053193681248],[-75.5036390250657,10.3053747427545],[-75.5036418771069,10.3054131661725],[-75.5036538588309,10.3054425490152],[-75.5036646990512,10.3054854930136],[-75.5036698336517,10.3055160057944],[-75.5036743975003,10.3055532991531],[-75.503672684812,10.305591722464],[-75.5036726838992,10.3056301458148],[-75.5036715412116,10.3056934313068],[-75.503671540594,10.3057194235733],[-75.5036726812146,10.3057431556693],[-75.5036875155668,10.3057872298577],[-75.5036983563385,10.3058075718833],[-75.5037325909984,10.305844865928],[-75.5037702494596,10.305871989161],[-75.5038090487168,10.3059160638936],[-75.5038193185659,10.3059510971828],[-75.50384100006,10.3059951715199],[-75.5038535521551,10.3060358553524],[-75.5038575455185,10.3060697583988],[-75.5038598270257,10.3061070517018],[-75.5038592558569,10.3061319138562],[-75.5038484134905,10.3061793777472],[-75.5038398538344,10.3062121504092],[-75.5038347177352,10.3062449231489],[-75.5038238755191,10.3062856064478],[-75.5038118921665,10.3063240295231],[-75.5037976266754,10.3063522816591],[-75.5037879258491,10.3063839241947],[-75.5037696656428,10.3064359083061],[-75.5037611061043,10.306463030473],[-75.5037508343586,10.3065082341759],[-75.5037451271199,10.3065636088702],[-75.5037525442002,10.3065907314049],[-75.5038107439692,10.3066246356957],[-75.5038329968904,10.3066348070902],[-75.5038563909743,10.3066461086076],[-75.5038872027278,10.3066596704883],[-75.5038906255087,10.3066935735201],[-75.5038620944784,10.3067512078955],[-75.503851252432,10.3067839805047],[-75.5038392692476,10.3068144928906],[-75.5038238620222,10.3068653469702],[-75.5038124494527,10.3068947292695],[-75.5038090248325,10.3069399331296],[-75.5038272831943,10.3069681860082],[-75.5038404062881,10.3069930484735],[-75.5038563820419,10.3070314721845],[-75.5038677932261,10.3070619851019],[-75.5038763515699,10.3070868474619],[-75.5038911858828,10.3071365721295],[-75.5038900438851,10.3071716051555],[-75.5038894723254,10.3072134187849],[-75.503884906549,10.3072574925206],[-75.5038820531045,10.3072778342279],[-75.5038769168094,10.3073185176552],[-75.5038734924553,10.3073524205305],[-75.503860938473,10.3073908435921],[-75.5038461019757,10.3074349170934],[-75.5038386836599,10.3074597790898],[-75.5038301241785,10.3074835109614],[-75.5038112930039,10.3075490562396],[-75.5038038744451,10.3075840891207],[-75.5037993088891,10.3076179919686],[-75.503798166985,10.3076485045995],[-75.5037975953595,10.3076925784243],[-75.5038175651295,10.3077389129159],[-75.5038289763353,10.3077694258334],[-75.5038375345901,10.3077988085869],[-75.5038455223555,10.3078236709337],[-75.5038540802202,10.3078700051626],[-75.5038540791458,10.3079163391968],[-75.503847230576,10.3079773643539],[-75.5038352471884,10.3080146573277],[-75.503827258367,10.3080349989163],[-75.5038147042204,10.3080790724665],[-75.5038078565889,10.3080994140806],[-75.5037975852984,10.3081231459114],[-75.5037873140329,10.3081457476433],[-75.5037582126811,10.3081853004174],[-75.5037239762188,10.3082135520861],[-75.5037051462354,10.3082259827318],[-75.5036846044338,10.308239543435],[-75.5036446620725,10.3082644046674],[-75.5036104256998,10.3082881359304],[-75.5035704830272,10.3083254282356],[-75.5035453759195,10.3083604606908],[-75.5035288277061,10.3083977535441],[-75.5035242621088,10.3084316563863],[-75.5035231199288,10.3084723398999],[-75.5035162716945,10.3085164135727],[-75.5035122769657,10.3085390154446],[-75.5035088528061,10.3085627474284],[-75.5035065697858,10.308588739636],[-75.5035054279323,10.308615861969],[-75.5035031449113,10.3086418541764],[-75.5035031437031,10.3086915785033],[-75.503503713724,10.3087153105819],[-75.5035037130925,10.3087413028436],[-75.5034991472678,10.3087842464714],[-75.5034905874501,10.3088192793154],[-75.5034763214597,10.3088622227109],[-75.5034626262566,10.3088972554312],[-75.5034534961932,10.3089175969822],[-75.5034340946729,10.308966190744],[-75.5034261057185,10.3089899226166],[-75.5034181167074,10.3090159146854],[-75.5034129807412,10.3090396466262],[-75.5034044207125,10.3090825901555],[-75.5034044196834,10.3091244037929],[-75.5034061305051,10.3091639572748],[-75.5034072708677,10.3091978602514],[-75.5034118341546,10.3092588856696],[-75.5034141158821,10.3092860080837],[-75.5034141146043,10.3093379926051],[-75.5034158257893,10.3093628548088],[-75.503416966237,10.30939336749],[-75.5034181067682,10.3094204898764],[-75.503417535503,10.3094476122214],[-75.5034192459949,10.3095007268819],[-75.5034203865545,10.3095267191698],[-75.5034198151782,10.3095583619077],[-75.5034192439407,10.3095843541543],[-75.5034118249852,10.3096318181029],[-75.5034061184371,10.3096544199307],[-75.5033987000347,10.3096792819135],[-75.5034009806788,10.3097504781593],[-75.5033941325947,10.3097866411382],[-75.5033895670187,10.309818283779],[-75.5033821476906,10.3098804390036],[-75.5033701643718,10.3099098212679],[-75.5033444863765,10.3099505041814],[-75.5033245148507,10.3099719755618],[-75.5032874250727,10.3100036174062],[-75.5032594651127,10.3100262186849],[-75.5032292226922,10.3100510801013],[-75.5031927034668,10.310083852047],[-75.5031698789221,10.3101053233469],[-75.5031499074322,10.3101245345197],[-75.5031293652822,10.3101460058736],[-75.5031088230427,10.3101708675208],[-75.5030643148946,10.3102228509213],[-75.5030432021029,10.3102454523534],[-75.5030232305382,10.3102669237148],[-75.5034026725018,10.3105618887321],[-75.5034700039285,10.3105404184847],[-75.5035059520828,10.3105279882628],[-75.5035419003163,10.3105121677422],[-75.5035692896167,10.310492956721],[-75.503598961425,10.3104692253582],[-75.5036263507992,10.3104466240373],[-75.5036560225451,10.3104251528657],[-75.5036759938086,10.3104149824476],[-75.5036988181005,10.3104036819964],[-75.5037210717635,10.3103935116286],[-75.5037632962054,10.3103935126036],[-75.5037832669871,10.3104036839467],[-75.5038089437761,10.3104138554194],[-75.5038386147973,10.3104228968828],[-75.5038717093195,10.310436458814],[-75.50389396251,10.3104466302021],[-75.5039167862766,10.3104579316997],[-75.5039550158761,10.310486185015],[-75.5039772686861,10.3105133078705],[-75.5040012332511,10.310542690959],[-75.5040166390636,10.3105607728733],[-75.5040371803115,10.3105777248027],[-75.5040634275199,10.3105969370533],[-75.5040959514182,10.3106127591452],[-75.5041267635672,10.310626321],[-75.5041769761283,10.3106410133725],[-75.5042163474486,10.3106477948156],[-75.5042403125923,10.3106523157257],[-75.5042882430298,10.3106545769515],[-75.5043190555841,10.3106500572167],[-75.5043601391511,10.3106364969111],[-75.5043880987948,10.3106274567164],[-75.5044240467296,10.3106240671781],[-75.5044679830294,10.3106229379988],[-75.5045102074064,10.3106274592691],[-75.5045581375814,10.3106421515352],[-75.5046180501713,10.3106670149223],[-75.5046579916151,10.3106975283853],[-75.5046751092993,10.3107144802047],[-75.5046916563609,10.3107325621098],[-75.5047230386629,10.3107698559812],[-75.5047897973157,10.3108534845795],[-75.5048080561725,10.3108726966107],[-75.5048320210009,10.3108941689497],[-75.5048554153214,10.310911120883],[-75.5048799509378,10.3109235524442],[-75.5049044866236,10.310932593709],[-75.5049290222883,10.3109427650701],[-75.5049541285785,10.3109518063422],[-75.5049815172764,10.3109608476562],[-75.5050083354186,10.3109676287607],[-75.5050528420363,10.3109834509856],[-75.5051059075964,10.3110037937588],[-75.5051492730856,10.3110162256543],[-75.5052154625398,10.3110343084588],[-75.5052491279352,10.3110399595719],[-75.5052776579373,10.3110444804892],[-75.5053250177979,10.3110490017471],[-75.5053643892144,10.3110546529521],[-75.5053957721247,10.3110648244013],[-75.5054288665746,10.3110896871544],[-75.5054437019548,10.3111043786955],[-75.5054619608862,10.3111224605913],[-75.5055275791104,10.3111778365611],[-75.5055424145196,10.3111913979995],[-75.505562385308,10.3112072197231],[-75.5055840678245,10.311227561868],[-75.5056074621301,10.3112490341392],[-75.5056331387878,10.3112738967425],[-75.5056599566342,10.3112998894615],[-75.5056856332805,10.3113258821588],[-75.5057061745691,10.3113484844721],[-75.5057250040538,10.3113710867551],[-75.5057426923364,10.3113936890177],[-75.5057598099802,10.3114185514659],[-75.5057774982099,10.311444544021],[-75.5057934746927,10.3114671462519],[-75.5058088805754,10.3114897484725],[-75.5058254276846,10.3115112206132],[-75.5058522453186,10.3115519045917],[-75.5058676511144,10.3115801573001],[-75.5058716447436,10.3116151904083],[-75.5058733559434,10.3116513535769],[-75.5058887614804,10.3116954276579],[-75.5058881899673,10.3117496723588],[-75.5058836242891,10.3118005266993],[-75.5058784885002,10.311821998479],[-75.5058716408631,10.3118457304266],[-75.5058522396675,10.3118864136381],[-75.5058288441095,10.3119350074687],[-75.5058134370115,10.3119824713328],[-75.5058037360982,10.3120208945065],[-75.505794035086,10.3120649681703],[-75.5057923229085,10.3120864400057],[-75.5057928931068,10.3121101720755],[-75.5057951750776,10.31213616437],[-75.505796315822,10.3121632867435],[-75.5057997389047,10.3121949295475],[-75.5058014501958,10.3122254422247],[-75.5058014496368,10.3122582150694],[-75.505796884246,10.3122909878377],[-75.5057854711611,10.312349752747],[-75.5057734873903,10.3124130380385],[-75.5057706339622,10.3124367700502],[-75.5057894631877,10.3124785839953],[-75.5058162810142,10.3125124873859],[-75.5058408163522,10.3125509111287],[-75.5058453808437,10.3125712529698],[-75.5058442392331,10.3125949850103],[-75.5058396739185,10.3126232373862],[-75.5058322555031,10.3126560101068],[-75.5058179891573,10.3127283361453],[-75.5058145649902,10.3127599788338],[-75.5058151351336,10.3127871011966],[-75.5058368173722,10.3128311753817],[-75.5058659179394,10.3128481273347],[-75.5059012952973,10.3128571687019],[-75.5059589261969,10.3128696007214],[-75.5059977270415,10.3128876829179],[-75.5060205507631,10.3129170658342],[-75.5060359567508,10.3129385379439],[-75.506049650925,10.3129600100256],[-75.5060604920199,10.3129848723554],[-75.5060724742172,10.3130165152911],[-75.5060844562524,10.3130583291087],[-75.5061067087342,10.3131283955388],[-75.5061169790885,10.3131622986415],[-75.506126108252,10.3131950716281],[-75.5061380904457,10.313227844659],[-75.5061506433378,10.3132549672082],[-75.5061609138269,10.3132809596233],[-75.5061694724643,10.3133092122073],[-75.5061786014581,10.3133532861722],[-75.5061854480484,10.3133962300032],[-75.5061883006488,10.3134233523998],[-75.5061940061907,10.3134561253307],[-75.5062094113609,10.3135318421357],[-75.5062128343749,10.3135713956187],[-75.5062156868723,10.3136052986028],[-75.5062179686929,10.31364372197],[-75.5062179681947,10.3136753647138],[-75.5062173971078,10.3137058773508],[-75.5062145436479,10.3137329996586],[-75.5062099783854,10.3137589918417],[-75.5061968534324,10.3138222771258],[-75.5061951412011,10.3138482693528],[-75.5061905756134,10.3138946032992],[-75.5061877219704,10.3139330265861],[-75.5061842977377,10.3139703197661],[-75.506177449772,10.3140132633826],[-75.506171172681,10.3140392555381],[-75.5061500593876,10.3140912397148],[-75.5061226693341,10.3141477441833],[-75.5061078328344,10.3141918177699],[-75.5060992730493,10.3142336312591],[-75.5060952784506,10.3142551030571],[-75.5060855776478,10.3142844854503],[-75.5060690296251,10.3143093473425],[-75.5060285161701,10.314328558361],[-75.5060427802749,10.3143952343681],[-75.5060781580117,10.3143918446377],[-75.5061209534493,10.3144008860976],[-75.5061540484124,10.3144189681838],[-75.5061774426692,10.3144607821726],[-75.5061791535067,10.3145229375858],[-75.5061768702136,10.3145771822511],[-75.50617801082,10.3146156055984],[-75.5061820044859,10.3146528988921],[-75.5061871393692,10.3146901922035],[-75.5061945567587,10.3147229651584],[-75.5062019741677,10.3147546080151],[-75.5062105328307,10.3147839906934],[-75.5062185208868,10.3148133733627],[-75.5062259383357,10.3148427560228],[-75.5062339264125,10.3148710085936],[-75.5062424850639,10.3149015213688],[-75.5062504731612,10.3149286438412],[-75.5062590317628,10.3149625469096],[-75.506267019916,10.3149862790878],[-75.5062784315655,10.3150201821991],[-75.506302396562,10.3150574757944],[-75.5063160909329,10.3150732973725],[-75.5063446209145,10.3151038104463],[-75.5063891277846,10.315145624735],[-75.5064193691974,10.3152032601769],[-75.506429639482,10.3152484642444],[-75.5064393391091,10.3152970585966],[-75.5064427624597,10.3153174004089],[-75.5064524621248,10.3153637345648],[-75.5064581677966,10.3153919870956],[-75.5064655852813,10.3154213697493],[-75.5064718614974,10.3154541426796],[-75.5064809907297,10.3154891758472],[-75.5064878375249,10.3155242089811],[-75.5064929724583,10.3155615022856],[-75.5064963955967,10.3155965353692],[-75.506497536363,10.3156270480281],[-75.5064986772136,10.3156519101976],[-75.5065038121839,10.3156869433059],[-75.5065095178493,10.3157163259331],[-75.5065157940423,10.3157513590576],[-75.5065220702366,10.315786392182],[-75.5065272050114,10.3158349864638],[-75.506535763034,10.3159118332408],[-75.5065408981956,10.3159344352718],[-75.5065517392979,10.3159683383632],[-75.5065682864098,10.3160090221233],[-75.5065939630019,10.3160700477736],[-75.5066082278288,10.3161005606183],[-75.5066190690421,10.3161276831202],[-75.5066281984735,10.316151415304],[-75.5066430337555,10.3161932291333],[-75.5066578691875,10.3162248720814],[-75.5066784107337,10.3162565151088],[-75.5067063701331,10.3162949388251],[-75.5067200645137,10.3163152807763],[-75.5067331882689,10.3163367528166],[-75.5067457414145,10.3163582248485],[-75.5067554415527,10.3163763065473],[-75.5067765536034,10.3164169903584],[-75.5067982363812,10.3164497634913],[-75.5068239133972,10.3164859269703],[-75.5068404608515,10.3165062689548],[-75.5068610025117,10.316532261481],[-75.5068821147715,10.3165593841114],[-75.5069032270196,10.3165876368382],[-75.5069220568855,10.316611369142],[-75.5069722696785,10.3166893465514],[-75.506985393391,10.31671646907],[-75.5070139235101,10.3167526325706],[-75.5070253355715,10.3167661938918],[-75.5070493010104,10.3167865359612],[-75.5070892434742,10.3168159190149],[-75.5071251917329,10.3168396515244],[-75.5071571457548,10.3168599936865],[-75.5071885291972,10.3168780756427],[-75.5072204833265,10.316890507114],[-75.507253578683,10.3169029385962],[-75.5072912389825,10.316911979837],[-75.5073266168071,10.3169232812416],[-75.5073608534096,10.3169345826286],[-75.5074093553372,10.3169447540823],[-75.5074361740378,10.3169515349831],[-75.5074778285951,10.316963966542],[-75.5075017942234,10.3169718775021],[-75.5075240480288,10.3169786583431],[-75.507576544152,10.3169978705993],[-75.5076016510231,10.3170046514671],[-75.5076535765682,10.3170216035088],[-75.5076929485928,10.3170430757968],[-75.5077323206601,10.3170611577869],[-75.5077654160544,10.3170735892165],[-75.5077979408875,10.3170815002457],[-75.5078464429356,10.3170837609493],[-75.5078806796926,10.3170837613036],[-75.5079109221731,10.3170826315158],[-75.507944588329,10.3170815017598],[-75.5079776838721,10.3170803719945],[-75.5080107794264,10.3170781121282],[-75.5080404513045,10.3170758522249],[-75.5080684113444,10.3170735923021],[-75.5080935183321,10.3170702022518],[-75.5081169134594,10.3170690723786],[-75.5081779691363,10.3170555117837],[-75.5082190534543,10.3170329102111],[-75.5082498666467,10.3170204794192],[-75.5082801092033,10.3170103088147],[-75.508310351696,10.3170069187939],[-75.5083525770704,10.3170012686809],[-75.5083902376642,10.3169820573495],[-75.5084119212757,10.3169436342137],[-75.5084204807295,10.3169131216479],[-75.5084358876968,10.3168633974784],[-75.5084444472053,10.3168261043251],[-75.508453577314,10.3167899412741],[-75.5084604249138,10.3167605587901],[-75.5084644196187,10.3167119646194],[-75.5084718378375,10.316681452042],[-75.5084883859703,10.3166362482701],[-75.5085043629082,10.31665885036],[-75.5085060743198,10.3167085746769],[-75.5085043621852,10.3167436076939],[-75.5085026499633,10.3167888115909],[-75.5085009378568,10.3168204543143],[-75.5084952314258,10.3168566173953],[-75.5084895249741,10.3168950406717],[-75.5084809653912,10.3169413746082],[-75.5084798240109,10.3169594561628],[-75.5084923772124,10.316991099006],[-75.5085482966445,10.3170611655323],[-75.5085659854743,10.3170803773393],[-75.5085893804046,10.317102979485],[-75.5086122047626,10.3171210612332],[-75.5086395940341,10.3171380129183],[-75.5086618478392,10.317149314072],[-75.5086995081277,10.3171685260283],[-75.5087423039799,10.3171820875306],[-75.5087702639634,10.3171877382315],[-75.5087993651735,10.3171933889384],[-75.508827325159,10.3171990396343],[-75.5088524321149,10.3172001699161],[-75.5088741154024,10.3172001700733],[-75.5089408771678,10.3171911297665],[-75.5089745433476,10.3171877397076],[-75.5090213336522,10.3171798293433],[-75.5090510055557,10.3171741790539],[-75.5090755419357,10.3171696588257],[-75.5091160555097,10.3171594882107],[-75.5091588515612,10.317144797214],[-75.5092090655953,10.3171267159644],[-75.5092336019975,10.3171176753331],[-75.5092621327147,10.317104114333],[-75.5093060700722,10.317073601955],[-75.5093288946766,10.317056650622],[-75.5093614197774,10.3170250080721],[-75.5093785382702,10.3170046664097],[-75.5093939450139,10.3169685033681],[-75.5094019337809,10.3169346004796],[-75.5093853863346,10.3168803556937],[-75.5093751154775,10.3168521031913],[-75.5093791100563,10.3168012488139],[-75.5094122056738,10.3167809072394],[-75.5094224769648,10.3167323130917],[-75.5097266128834,10.3167899496152],[-75.5096221885534,10.3172532892033],[-75.5095942277838,10.3173979415761],[-75.5096193347356,10.3174035921891],[-75.5096124871952,10.317439755283],[-75.5095736855344,10.317431844405],[-75.509543442255,10.3175798870533],[-75.5095331708595,10.3176465627659],[-75.5094909451386,10.317704197528],[-75.5095052102816,10.3177414908281],[-75.5095012158146,10.317773133543],[-75.509498933152,10.3178115568531],[-75.5094955092914,10.3178443296685],[-75.5094977915522,10.3178804928072],[-75.5095006444155,10.3179189161442],[-75.5094966498665,10.3179652501288],[-75.5094920848182,10.3179901122539],[-75.5094852373121,10.3180149743668],[-75.5094789604439,10.3180353160917],[-75.5094567061477,10.3180963412473],[-75.5094424405223,10.3181438052726],[-75.5094412991043,10.3181777081968],[-75.5094470050618,10.3182116111585],[-75.5094515697035,10.3182613354812],[-75.5094532812849,10.3183087995929],[-75.5094561341904,10.3183393122455],[-75.5094618401897,10.3183664346205],[-75.5094783876835,10.3184285900812],[-75.5094858055255,10.3184568425625],[-75.509509200508,10.3185009164951],[-75.5095371604666,10.3185359496683],[-75.5095810977468,10.3185540314549],[-75.5096204702229,10.3185495112601],[-75.5096250349474,10.3185890647005],[-75.5096564187905,10.3185890648527],[-75.5096575598167,10.3186308784713],[-75.5096564184254,10.3186636512977],[-75.509656988886,10.3186952940346],[-75.5096273168733,10.3186964239885],[-75.5096313104905,10.3188354260181],[-75.5091491400741,10.3188489844778],[-75.5091308804426,10.3188376833846],[-75.509097214044,10.3188478540452],[-75.5090532764511,10.3188738460009],[-75.5090224630319,10.3188975778443],[-75.5089922202004,10.3189246999815],[-75.5089596948676,10.3189563424905],[-75.5089277401363,10.3189891150978],[-75.508909480185,10.3190218877996],[-75.508895785151,10.3190557906306],[-75.5088809488733,10.3190908235503],[-75.5088729599879,10.3191258565188],[-75.508867253516,10.3191676700893],[-75.508866112133,10.3191880118381],[-75.5088638294834,10.3192128739691],[-75.5088638293078,10.3192366060188],[-75.5088632584906,10.3192637283573],[-75.5088632582899,10.3192908506998],[-75.5088632579471,10.3193371847016],[-75.5088643988712,10.3193789983211],[-75.5088735284145,10.3194230721935],[-75.5088803756007,10.3194524547803],[-75.5088940701583,10.3194863578065],[-75.5089031999062,10.3195033093356],[-75.5089174650283,10.3195451230478],[-75.5089265945675,10.3195914571135],[-75.5089305885951,10.3196321406546],[-75.5089283058904,10.3196649134684],[-75.5089414296349,10.319728199025],[-75.5089385762,10.3197767932006],[-75.5089106158375,10.3197914842715],[-75.5088643956783,10.3198106955982],[-75.5088347235413,10.3198140856743],[-75.5088016276899,10.3198186058199],[-75.5087514133022,10.3198242559299],[-75.5087017695213,10.3198310361341],[-75.5086686736843,10.3198332960708],[-75.508637860308,10.3198366861199],[-75.5086041937967,10.3198457266308],[-75.5085779452092,10.319867198272],[-75.5085613971562,10.3198841496004],[-75.5085425666022,10.3199044912017],[-75.5085220241448,10.3199304832755],[-75.508506617244,10.3199564753909],[-75.5084952046366,10.3199858578318],[-75.5084872157635,10.3200118500084],[-75.5084820799594,10.320040102404],[-75.5084792266653,10.3200638344285],[-75.5084689551605,10.320107908146],[-75.5084592543102,10.3201474614777],[-75.5084489828295,10.3201881449018],[-75.5084398526419,10.3202220477499],[-75.5084392817373,10.3202548205736],[-75.5084381402338,10.3202853331973],[-75.5084409929211,10.3203316672207],[-75.508443275109,10.3203644400686],[-75.5084529753095,10.3204006032724],[-75.5084660992143,10.3204378966024],[-75.5084735168862,10.3204808403712],[-75.5084775108668,10.3205215239157],[-75.5084780811545,10.3205599472361],[-75.5084957699818,10.3206017609932],[-75.5085134589483,10.320627753384],[-75.5085419896036,10.3206627866435],[-75.5085659554536,10.3206808684005],[-75.508593915808,10.3206786084329],[-75.508635000447,10.3206706980801],[-75.5086766556398,10.3206706984092],[-75.508707469079,10.3206695685516],[-75.5087314350626,10.3206718289312],[-75.508762248493,10.3206718291659],[-75.5088067567642,10.3206740896948],[-75.5088501237559,10.3206820006968],[-75.508878083992,10.3206955620697],[-75.5088786543536,10.3207305950965],[-75.5088484114104,10.3207475463396],[-75.5088107503454,10.3207735383049],[-75.5087936315693,10.32079953042],[-75.5088061848943,10.320839083926],[-75.5088780821886,10.3209407932269],[-75.5088952005611,10.3209701758846],[-75.5089100364253,10.3210040789151],[-75.5089208779709,10.3210357217216],[-75.5089305782789,10.3210673645196],[-75.5089448435639,10.3210967471543],[-75.5089596794553,10.3211283899873],[-75.5089762271858,10.3211634231238],[-75.5089870687671,10.3211916756353],[-75.5090007632854,10.3212436602129],[-75.5089961980562,10.3212820834955],[-75.5089813617171,10.3213125960252],[-75.5089648135462,10.3213385881524],[-75.5089459828509,10.32137023075],[-75.5089294345522,10.3214131743372],[-75.5089203044378,10.3214391665141],[-75.5089111743302,10.3214640285933],[-75.5088963378753,10.3215081022882],[-75.5088912021578,10.3215261838106],[-75.5088872074657,10.3215736478747],[-75.5088866366629,10.3215985100144],[-75.5088854952639,10.3216199818576],[-75.5088803594194,10.3216550148413],[-75.5088717998733,10.3216866575079],[-75.5088541104067,10.3217160399128],[-75.5088284323191,10.3217352513811],[-75.5088004717614,10.3217522026355],[-75.5087628105641,10.321779324691],[-75.5087285732111,10.3217906254044],[-75.5086372742115,10.3217442906961],[-75.5086389849289,10.3218855528883],[-75.5087582447216,10.3218923343992],[-75.5087993294452,10.3218934648056],[-75.5088295723309,10.3218991155167],[-75.5088495440424,10.3219036360528],[-75.5088889168295,10.3219149373121],[-75.5089231540436,10.3219239783354],[-75.5089727979724,10.3219420602414],[-75.5089927696571,10.3219511011583],[-75.5090298598686,10.3219770936512],[-75.5090686618666,10.3220155172226],[-75.5090812154486,10.3220290784745],[-75.5091114581503,10.3220652417893],[-75.509134282829,10.3220934943719],[-75.5091571074972,10.3221240071477],[-75.5091839264644,10.322163560726],[-75.5091999037163,10.3221884229686],[-75.50921473972,10.3222144153007],[-75.5092381349914,10.322250578561],[-75.5092598184301,10.3222822214196],[-75.5092980497827,10.3223353362255],[-75.5093345693486,10.3223771500428],[-75.5093482641874,10.3223929714854],[-75.5093739419763,10.3224291347486],[-75.5093893485694,10.322465297952],[-75.5093979077363,10.322494680532],[-75.5094070373922,10.3225477951599],[-75.5094155965501,10.3225794379341],[-75.5094327150357,10.3226133409498],[-75.5094538279022,10.3226438536942],[-75.509499477518,10.3226800170547],[-75.5095331441857,10.3226935783993],[-75.5095765114138,10.3227127902765],[-75.5096056131232,10.3227229612984],[-75.5096626752411,10.3227557343999],[-75.5096860706797,10.3227760762636],[-75.5097140310301,10.3228122395096],[-75.5097288671104,10.3228371017198],[-75.5097397088109,10.3228664843005],[-75.5097556860125,10.3229195989484],[-75.5097579683757,10.3229478513924],[-75.5097602506722,10.3229907951019],[-75.5097602505018,10.3230280883143],[-75.5097591090588,10.3230710320082],[-75.5097585382958,10.3231015446339],[-75.5097573969351,10.3231264067703],[-75.5097579674758,10.3231444883302],[-75.5097568260735,10.3231783912451],[-75.5097471252742,10.3232213349001],[-75.5097437014487,10.3232394164419],[-75.5097345712906,10.3232778397095],[-75.5097214467369,10.3233219134451],[-75.5097134578963,10.3233445153548],[-75.5096997628098,10.3233682473349],[-75.5096809321326,10.3233863288036],[-75.5096529714913,10.323399889838],[-75.5096232990151,10.3234055401804],[-75.5095941971734,10.3234089303284],[-75.5095668072032,10.3234123204824],[-75.5095394172561,10.3234111902447],[-75.5095103154433,10.3234089298985],[-75.5094817842672,10.3234044093581],[-75.5094538237222,10.3233987587209],[-75.5094264337958,10.3233942381817],[-75.5094053207212,10.3233919778699],[-75.5093636651374,10.3233976281214],[-75.5093254332224,10.323415709458],[-75.5092917662886,10.3234349209144],[-75.5092746473253,10.3234744742184],[-75.5092706527837,10.3235027266273],[-75.5092940482659,10.3235208083237],[-75.5093260031213,10.3235377599711],[-75.5093579579801,10.3235547116153],[-75.5093984722134,10.3235705332071],[-75.5094309977227,10.3235840945553],[-75.5094618112622,10.3236157374479],[-75.50948235358,10.3236451200881],[-75.5094954777344,10.3236835434662],[-75.509498901323,10.323712926014],[-75.509526291188,10.3237343980064],[-75.5095633817049,10.3237502195595],[-75.5095976191482,10.3237570003157],[-75.5096318565817,10.3237660412629],[-75.509670088379,10.3237773424201],[-75.5097066083262,10.3237841231756],[-75.5097545407795,10.323788643784],[-75.5097785070067,10.3237909040855],[-75.5097967669972,10.3237909041658],[-75.5098287219608,10.3237954246929],[-75.509861818122,10.3238123762919],[-75.5098920611207,10.3238394987514],[-75.5099126034977,10.3238677512666],[-75.5099468407948,10.3239163455853],[-75.5099656713155,10.3239423378957],[-75.5099896374428,10.3239739807108],[-75.5100096092121,10.3240022332174],[-75.5100193095969,10.3240666487979],[-75.5100141737827,10.3241163730589],[-75.5100107498986,10.3241514060615],[-75.5100050434863,10.3241932196392],[-75.510002190256,10.3242203419629],[-75.5099959132158,10.3242621555379],[-75.5099924893411,10.3242937982483],[-75.5099867829456,10.324329961339],[-75.5099805059362,10.3243627341355],[-75.5099719464047,10.3244000273121],[-75.5099611043455,10.3244429709659],[-75.5099485504055,10.3244859146126],[-75.5099274370761,10.3245277281275],[-75.5099126006838,10.3245559804993],[-75.5098971936627,10.3245842328681],[-75.509878362877,10.3246136153193],[-75.5098538257964,10.3246497783288],[-75.5098275768264,10.3246870714264],[-75.5098144523465,10.3247040228284],[-75.5097853502504,10.3247379256184],[-75.5097562481378,10.3247740886002],[-75.5097431236453,10.3247921700965],[-75.5097191571566,10.3248294631952],[-75.5097066031845,10.3248690165397],[-75.5097020380371,10.3248972689488],[-75.5097054615721,10.3249447330477],[-75.5097043201684,10.3249763757643],[-75.5096957606309,10.3250046281545],[-75.5096552460884,10.3250114085456],[-75.5096358448971,10.3249865463132],[-75.5096050310696,10.3249820257729],[-75.5095673696331,10.3249944566531],[-75.5096050302461,10.3251447597701],[-75.509622149117,10.3251334588826],[-75.5096455449126,10.3251165075386],[-75.5096740763056,10.325108596995],[-75.5097008958696,10.3250893854688],[-75.5096963310097,10.3250566126286],[-75.509708884921,10.3250317505486],[-75.5097396988962,10.3250057584544],[-75.5097699421472,10.3250001081044],[-75.5097927672831,10.3249865470387],[-75.5098212986111,10.3249899374541],[-75.5098435529518,10.3250147996873],[-75.509865807248,10.3250509628911],[-75.5098812140438,10.3250826056765],[-75.5098914852082,10.3251119882457],[-75.509888631894,10.3251549319276],[-75.5098869199041,10.3251809241561],[-75.5098840666453,10.3252103066714],[-75.5098783601829,10.3252555105356],[-75.509844122265,10.3253199259326],[-75.5099650952996,10.3253165361291],[-75.5099662324083,10.3263743070642],[-75.5113032169988,10.3263743094343],[-75.5113049290097,10.3267709735151],[-75.5099582420501,10.3267664507263],[-75.5099645145221,10.3279021982799],[-75.5098372635507,10.3279044579589],[-75.5098201444733,10.3279304501169],[-75.5098115848961,10.327951921923],[-75.5097887594357,10.3279903451216],[-75.5097687872034,10.3280129469731],[-75.5097362610145,10.3280445895424],[-75.5097031641113,10.3280920534636],[-75.5096689261255,10.3280999639812],[-75.5096015914881,10.3281010937502],[-75.5095958849505,10.3281429073105],[-75.5096301228922,10.3281451676735],[-75.509660366412,10.3281462979168],[-75.5096934631164,10.3281429077828],[-75.5097248479277,10.3281383875405],[-75.5097596565075,10.3281395177955],[-75.5097904705383,10.3281677703569],[-75.5097916116823,10.3281948926895],[-75.5097870464233,10.3282389664517],[-75.509782481097,10.3282977314745],[-75.5097841928533,10.3283293741974],[-75.5097864751717,10.3283768382803],[-75.509788186944,10.3284050907121],[-75.5097910399675,10.3284367334397],[-75.5097950342629,10.3284672460754],[-75.5098030229563,10.328505669407],[-75.5098212830357,10.3285474830734],[-75.5098292718278,10.328564434562],[-75.509840113724,10.3285960773229],[-75.5098469611835,10.3286288501635],[-75.5098538086107,10.3286695336825],[-75.509871498025,10.3287226483129],[-75.5098943232094,10.3287610717027],[-75.5099251372532,10.3288040155104],[-75.5099411148578,10.3288390485786],[-75.5099542392788,10.3288786020226],[-75.5099953248399,10.3288989439243],[-75.5100284215857,10.3289045945316],[-75.5100603770608,10.3289113752283],[-75.5100883380757,10.3289249364896],[-75.510090620456,10.3289690102779],[-75.5100866259097,10.3289995228811],[-75.5100552409564,10.3290209946122],[-75.5100004599677,10.3290503769321],[-75.5099713574213,10.3291023612805],[-75.5100717890422,10.3291057519401],[-75.5100729303999,10.3290808898119],[-75.5101157279601,10.3290831501533],[-75.5101128745154,10.3291622569279],[-75.5100746420155,10.3291611266991],[-75.5100757833853,10.3291328742802],[-75.5099645096945,10.3291317437741],[-75.5099645095791,10.3291611262939],[-75.5099713570064,10.3292085903906],[-75.5100004591964,10.3292526642803],[-75.5100210018962,10.3292910876514],[-75.510023854896,10.329337421635],[-75.510010730174,10.3293701943968],[-75.5099907578444,10.3293995768415],[-75.5099724974201,10.3294278291947],[-75.509974209197,10.3294606020112],[-75.5099810566935,10.3294922447504],[-75.5099907573231,10.329535188469],[-75.5099924690938,10.329570221479],[-75.5099936102081,10.3296109049712],[-75.5099947513442,10.3296459379789],[-75.510007875801,10.3296866215156],[-75.5100187178002,10.3297058332027],[-75.5100318423339,10.3297273050914],[-75.5100461081403,10.3297487769837],[-75.5100603739486,10.3297702488754],[-75.5100877643079,10.3298109324589],[-75.5101094483689,10.3298369247614],[-75.5101379801185,10.3298459656322],[-75.5101682238249,10.3298403152466],[-75.5102093096601,10.3298177134388],[-75.510242977231,10.3297939815068],[-75.5102755035259,10.329770249568],[-75.5103074592222,10.3297318263649],[-75.5103200132488,10.3297148749465],[-75.5103502570251,10.3296775818312],[-75.510370229327,10.3296527197522],[-75.5103999024217,10.3296289877933],[-75.510440417501,10.3296380286671],[-75.5104563952262,10.329664020933],[-75.5104421292647,10.329696793709],[-75.5104215863359,10.3297193955972],[-75.5103867774921,10.32975216832],[-75.5103702289982,10.3297770304088],[-75.5103599574323,10.3298244944506],[-75.5103416970287,10.3298482264364],[-75.5103114532479,10.3298809991631],[-75.5102709380308,10.3299092514697],[-75.5102384116867,10.3299442843766],[-75.5102224337719,10.3299804474277],[-75.5101956137274,10.3300301716065],[-75.5101539571336,10.3300810258317],[-75.5100837689002,10.330081025595],[-75.5100501012538,10.3301137982847],[-75.5100483892213,10.3301477011841],[-75.510056378029,10.3301748235369],[-75.5100643668339,10.3302030759865],[-75.5100809151167,10.330250540112],[-75.5100900451666,10.3302878333394],[-75.5100940395341,10.3303126954836],[-75.5100980338942,10.3303398178214],[-75.510103740153,10.3303703304555],[-75.5101225710047,10.3304155343925],[-75.5101362662078,10.3304381363749],[-75.5101516733154,10.3304629985558],[-75.5101665097998,10.3304844704436],[-75.5102349859139,10.3305816589838],[-75.5102526755638,10.3306133017474],[-75.5102583818254,10.3306494648623],[-75.5102549579384,10.3306709366916],[-75.5102452570388,10.3306935385991],[-75.5102304204032,10.3307161404906],[-75.5102150131247,10.3307398724766],[-75.5101853398645,10.3307782956754],[-75.5101625142978,10.3308008975384],[-75.510132270392,10.3308381906335],[-75.5101237107728,10.3308551420569],[-75.5101134392247,10.3308766138613],[-75.5101020263922,10.3309003458552],[-75.510074065016,10.3309387690493],[-75.510042679803,10.3309783223252],[-75.5100067295188,10.3310077047099],[-75.5099667847724,10.3310348268818],[-75.5099177097865,10.3310687295929],[-75.5098806182235,10.3310935915718],[-75.5098480917922,10.3311105428882],[-75.5098201304954,10.3311195835434],[-75.509777903218,10.3311354047141],[-75.5097613546763,10.3311444454146],[-75.509769343238,10.3312258124181],[-75.5098155649248,10.3312258126207],[-75.5098589334403,10.3312212924178],[-75.509909149621,10.331214512043],[-75.5099542300435,10.3312111219308],[-75.5099861858022,10.3312043414727],[-75.5100261304376,10.3312122522988],[-75.5100500971669,10.3312314640308],[-75.5100826234272,10.3312631068553],[-75.5100917534827,10.331307180661],[-75.5100774874375,10.3313320427401],[-75.5100586562752,10.331359164996],[-75.5100426783182,10.331381766874],[-75.5100278416485,10.3314009784651],[-75.5100147169135,10.331414539578],[-75.5099913206416,10.3314394016193],[-75.5099667830845,10.3314653937514],[-75.5099393923303,10.3314913858703],[-75.509878904436,10.3315399797873],[-75.5098440953843,10.3315614514803],[-75.5098229816728,10.3315795329385],[-75.5097927376727,10.3316123056129],[-75.5097761889684,10.331651858926],[-75.5097647760518,10.3316823714872],[-75.5097602107542,10.3317230549494],[-75.5097550748061,10.3317659986023],[-75.5097345316255,10.3318032917013],[-75.5097162710503,10.3318292838423],[-75.5096831738026,10.331865446783],[-75.5096535004499,10.331888048576],[-75.509625539028,10.3319072600845],[-75.5095873060882,10.3319276016359],[-75.5095599153335,10.3319400325611],[-75.5095176879517,10.3319524634067],[-75.5094748899891,10.3319535932766],[-75.5094355158374,10.3319592435463],[-75.5094052718831,10.3319705443461],[-75.5093653269833,10.3319942761516],[-75.5093065509863,10.3320157476484],[-75.5092723125659,10.3320236581219],[-75.5092375034972,10.332032698685],[-75.50920383572,10.332039479058],[-75.5091604670391,10.332050779753],[-75.5091353588598,10.3320564300763],[-75.50910968004,10.332062080394],[-75.509080577374,10.3320688607837],[-75.5090560398238,10.3320756412013],[-75.5090309316174,10.3320846818067],[-75.5090063940492,10.3320937224139],[-75.5089790032732,10.3321038930963],[-75.5089481886572,10.3321140637524],[-75.5089105263707,10.3321231042602],[-75.5088808530384,10.3321321448213],[-75.5088391962525,10.3321434454854],[-75.5088015339336,10.3321558762706],[-75.508762159701,10.3321671769416],[-75.5087262092957,10.332179607731],[-75.5086931121048,10.3321897783451],[-75.5086446076262,10.3322010789305],[-75.5086000976048,10.3322146397344],[-75.508552163721,10.3322304606973],[-75.5085139306924,10.3322485419277],[-75.5084842573078,10.3322609727423],[-75.5084391765817,10.3322801840026],[-75.5084009435406,10.3322982652195],[-75.5083438793317,10.3323208666519],[-75.5083067876123,10.3323332973843],[-75.508263418817,10.3323491183452],[-75.5082268977526,10.3323592888801],[-75.5081795345226,10.3323694593094],[-75.5081532850311,10.3323739794487],[-75.5081270355278,10.3323796296827],[-75.5081024979331,10.3323864100276],[-75.5080585585363,10.332396580472],[-75.50803345031,10.3324022307094],[-75.5080094833746,10.3324067508596],[-75.5079598375578,10.3324180513306],[-75.5079221752069,10.3324270917228],[-75.5078885072765,10.3324417826351],[-75.5078514154172,10.3324643841852],[-75.5078091876919,10.3324960264503],[-75.5077914973637,10.332540100034],[-75.5077846493355,10.3325717426684],[-75.5077823663574,10.3326101659312],[-75.5077857898711,10.3326406785776],[-75.5077926371076,10.332682492227],[-75.5077920659301,10.3327322164743],[-75.507793206736,10.3327762902563],[-75.5078006245932,10.3328203641044],[-75.5078166022016,10.3328520069792],[-75.50783714493,10.3328847799974],[-75.5078576876865,10.332915292821],[-75.5078964907173,10.3329695378607],[-75.5079267343053,10.3330079614557],[-75.5079666790127,10.3330260434058],[-75.507992928492,10.3330283038616],[-75.5080317321272,10.3330260440526],[-75.5080802366648,10.3330237843331],[-75.5081321651266,10.3330136139624],[-75.5081629798239,10.3330068336748],[-75.5081852348786,10.3330023134974],[-75.5082251798771,10.3329910129027],[-75.508266836828,10.3329763220286],[-75.5083005047561,10.3329661514638],[-75.5083336020409,10.3329559808905],[-75.5083632754865,10.3329446801869],[-75.5084049324448,10.3329277291016],[-75.508439741626,10.3329198187255],[-75.508468844521,10.3328972170408],[-75.5084950940514,10.3328926968759],[-75.508531044499,10.3328859165963],[-75.5085504463725,10.3328768759833],[-75.5085538703801,10.3328576643683],[-75.5085453109736,10.3328328021714],[-75.5085367516065,10.3328034195874],[-75.5085316161151,10.3327706467417],[-75.5085435997642,10.3327480449076],[-75.5085852566309,10.3327378743788],[-75.508620065842,10.3327231834032],[-75.5086651465387,10.3327141429882],[-75.508707374002,10.3327084928347],[-75.5087535959668,10.3327005825129],[-75.5087992472541,10.3326971925669],[-75.5088169368445,10.3327333557917],[-75.5088226430569,10.3327593480573],[-75.5088323437396,10.3327876005454],[-75.5088545984668,10.3328237638017],[-75.5088785652803,10.332838455232],[-75.5089053853588,10.3328452360045],[-75.5089327761038,10.3328486264887],[-75.508981280576,10.3328508870203],[-75.5090292144078,10.3328531475407],[-75.509057175819,10.3328531477283],[-75.5090862785122,10.3328531479209],[-75.5091153812204,10.3328508879176],[-75.5091433426535,10.3328474978078],[-75.5091690215146,10.3328452377777],[-75.5091947003825,10.3328418476489],[-75.5092198086089,10.3328384575145],[-75.5092591828531,10.3328361975613],[-75.5093036928249,10.3328407182137],[-75.5093145347947,10.3328757512738],[-75.5093054043879,10.3329006133466],[-75.5092922795461,10.3329164346221],[-75.5092688831063,10.3329412966088],[-75.5092432040276,10.3329774595463],[-75.5092220901518,10.3330011914467],[-75.5091815743799,10.3330384843842],[-75.5091644550509,10.333052045436],[-75.5091222274233,10.333076907292],[-75.5090959778488,10.3330870779911],[-75.5090668750652,10.3330972486691],[-75.5090360603629,10.3331062892363],[-75.5090058162926,10.3331164599011],[-75.5089584529421,10.3331311508308],[-75.5089264969422,10.3331413214762],[-75.5088968235066,10.3331514921348],[-75.5088700032687,10.333162792908],[-75.5088403298039,10.3331763538513],[-75.5088129389117,10.3331887847122],[-75.5087849773584,10.3332034757597],[-75.5087587277276,10.3332181668177],[-75.5087199239407,10.3332373781636],[-75.508601800766,10.33327806071],[-75.5085652794919,10.3333017924421],[-75.5084859598271,10.3333537762276],[-75.5084340311423,10.3333842883941],[-75.5083935153391,10.333409150169],[-75.508359847265,10.3334306217093],[-75.5083210433866,10.3334543533934],[-75.5082885166185,10.3334724346466],[-75.5082605550262,10.3334859955518],[-75.5082291696209,10.3334950360365],[-75.508193219076,10.3335040764755],[-75.5081561272447,10.3335131168997],[-75.5081258830741,10.3335266777716],[-75.5080996333859,10.3335413687757],[-75.5080602588321,10.3335651004228],[-75.5080265907415,10.3335843117349],[-75.507997487832,10.3335990027026],[-75.5079672436464,10.3336125635595],[-75.5079369994699,10.333624994317],[-75.507902190116,10.3336408153147],[-75.5078708046136,10.3336566363441],[-75.5078399897746,10.333670197183],[-75.5077834959207,10.3336927985204],[-75.5077515398016,10.3337052292422],[-75.507708741458,10.3337187899401],[-75.5076493944491,10.3337346106433],[-75.5076174383077,10.3337481714485],[-75.5075769224455,10.3337685127338],[-75.5075506727248,10.3337820735964],[-75.5075284175141,10.3337945044059],[-75.5074941787108,10.3338148457522],[-75.5074713527327,10.3338374474205],[-75.5074371137325,10.3338736101129],[-75.5074217062529,10.3338837808018],[-75.5073834729598,10.3339018618961],[-75.507351516859,10.3339097721919],[-75.5073052945989,10.3339244628916],[-75.5072488006472,10.3339481942315],[-75.5072139912804,10.3339594947683],[-75.5071751874961,10.3339640146719],[-75.507133530408,10.3339753151144],[-75.5070907319279,10.3339945262128],[-75.5070690473422,10.3340058269012],[-75.5070467921415,10.3340148673875],[-75.5070216837237,10.3340239078353],[-75.506997716621,10.3340306881028],[-75.5069583420602,10.3340442487455],[-75.506930950912,10.3340645901219],[-75.5069178257192,10.3340939724584],[-75.5069115481673,10.3341290053685],[-75.5069126887635,10.3341798597291],[-75.5069149710612,10.3342002014976],[-75.5069246715106,10.3342363647165],[-75.5069406491333,10.3342657474387],[-75.5069566265312,10.3343120816084],[-75.5069663268524,10.3343584156947],[-75.5069726035706,10.3343855380944],[-75.5069800215776,10.3344126605088],[-75.5069902928054,10.3344397829603],[-75.507001134739,10.3344623850328],[-75.5070216774126,10.3345008085824],[-75.5070456438962,10.334543752561],[-75.5070593390729,10.3345652245716],[-75.5070718929778,10.3345855664704],[-75.5070827349665,10.3346047782503],[-75.5070998538375,10.3346398114613],[-75.5071164020828,10.3346737145674],[-75.5071346622793,10.3347064875978],[-75.5071512105607,10.334738130509],[-75.5071643349929,10.3347686432799],[-75.5071780299713,10.334807066733],[-75.5071905837787,10.334836449399],[-75.5072196858565,10.3348997351649],[-75.5072510709635,10.3349279879642],[-75.507281885796,10.3349268582442],[-75.5073144126322,10.3349200780593],[-75.5073680535289,10.3348963466755],[-75.5074079988637,10.3348793957007],[-75.5074371018915,10.3348669649805],[-75.5074707700476,10.3348567945036],[-75.5075050088727,10.3348443638368],[-75.5075472367981,10.3348251526779],[-75.5075723453164,10.3348115918035],[-75.5075963125564,10.334796900818],[-75.5076271275668,10.3347788196171],[-75.5076613665039,10.3347550879683],[-75.507685333811,10.3347336163969],[-75.5076921818456,10.334706494155],[-75.5076893291265,10.3346612902628],[-75.5076859057262,10.3346194766537],[-75.5076801998006,10.3345731426335],[-75.5076767762007,10.3345494105687],[-75.5076716406564,10.3345268085817],[-75.5076642225114,10.3345064667626],[-75.507648815466,10.3344759539863],[-75.5076328377158,10.3344510916857],[-75.5075843338623,10.3343742445793],[-75.5075746332813,10.3343426017668],[-75.5075637915711,10.3342973977824],[-75.5075575147909,10.3342714054907],[-75.5075500967116,10.3342465432824],[-75.5075449611813,10.3342239412929],[-75.5075346900573,10.3341843877965],[-75.5075164299681,10.3341414439186],[-75.5074987405273,10.3340985000461],[-75.5074930346384,10.334052166021],[-75.5075050185029,10.3340216535513],[-75.5075381161204,10.3339945316116],[-75.5075672191007,10.3339787105893],[-75.5076065937173,10.3339572391962],[-75.5076636582993,10.3339323777033],[-75.5076996089707,10.3339176868407],[-75.5077315651257,10.3339041260275],[-75.5077646625638,10.3338905652234],[-75.5078108847734,10.333878134651],[-75.5078308573108,10.3338747445708],[-75.5078622427294,10.3338690944149],[-75.5078993345636,10.333864574411],[-75.5079427035033,10.3338566641767],[-75.5079837899154,10.3338442335274],[-75.5080168873707,10.3338272824076],[-75.5080556912838,10.3338069410504],[-75.5080790877378,10.3337967704088],[-75.5081059080577,10.3337854697019],[-75.508133869672,10.3337730389069],[-75.5081606900097,10.3337594780022],[-75.5081863690598,10.3337459170846],[-75.5082126187502,10.3337323561702],[-75.5082451455495,10.3337142749249],[-75.5082719658774,10.3337007140109],[-75.5083004981307,10.33368715311],[-75.5083301716666,10.3336735922168],[-75.5083581332622,10.3336611614024],[-75.5083872361507,10.3336476004989],[-75.5084157683843,10.3336351696844],[-75.5084437299633,10.3336238689591],[-75.5084705502359,10.3336148284149],[-75.5084985117919,10.3336057878781],[-75.5085230494918,10.3335967473103],[-75.5085464459247,10.3335854465381],[-75.5085841084708,10.3335673653008],[-75.5086246242517,10.3335458937921],[-75.5086451674567,10.3335357230864],[-75.5086885364406,10.3335142515923],[-75.5087176393191,10.3334984304657],[-75.5087575844488,10.3334758288392],[-75.5087935351037,10.333449836888],[-75.5088272031163,10.3334328856889],[-75.5088443224466,10.3334238450418],[-75.5088802730552,10.3334023734673],[-75.5089219301033,10.3333775116395],[-75.5089413320119,10.3333662108101],[-75.5089738587159,10.3333503896842],[-75.5090080973031,10.3333402190498],[-75.5090417652462,10.3333300484079],[-75.5090771451584,10.333313097194],[-75.5091091012833,10.3332859750844],[-75.5091319271416,10.3332577228163],[-75.50915589425,10.3332339909403],[-75.5091838558322,10.3332125192809],[-75.5092095348226,10.3331944378948],[-75.5092471973402,10.3331673158065],[-75.5092705937431,10.3331514945949],[-75.5093151038947,10.3331334133128],[-75.5093613258932,10.3331277630974],[-75.5094058358818,10.333136804122],[-75.5094258083363,10.3331368042329],[-75.5094640413579,10.333130023862],[-75.5095153991331,10.3331232435556],[-75.5095427899029,10.3331277640846],[-75.509567327448,10.3331356748867],[-75.5096095547975,10.3331605372246],[-75.5096261033417,10.3331729683691],[-75.5096626242731,10.3332000908652],[-75.5096911562699,10.3332181725467],[-75.5097248240245,10.3332407746358],[-75.5097505027989,10.3332633766854],[-75.5097858824728,10.3332893690656],[-75.5098138438628,10.3333029303471],[-75.509853788609,10.3333458741889],[-75.5098634893442,10.3333876878045],[-75.5098720487836,10.3334328917048],[-75.5098828908035,10.3334758354209],[-75.5098720484641,10.333508608178],[-75.5098583529156,10.3335402508262],[-75.509844657311,10.3335843245364],[-75.5098343855572,10.3336283982605],[-75.5098212605928,10.3336713418753],[-75.5098127008205,10.3337018544466],[-75.5098018583756,10.3337549689396],[-75.5097972931335,10.3337775708516],[-75.5097932984375,10.3338216446012],[-75.5097904450363,10.3338634581625],[-75.5097893035378,10.3339109222141],[-75.5097887328087,10.3339301338535],[-75.5097881620238,10.3339617765553],[-75.5097835967167,10.3339979396257],[-75.5097784607705,10.3340329725969],[-75.5097710422655,10.3340646152681],[-75.5097653356839,10.3340973880432],[-75.5097601996926,10.3341414617864],[-75.5097533518008,10.3341787549423],[-75.5097413680844,10.3342228286542],[-75.5097356615651,10.3342409101731],[-75.5097219659183,10.3342838537796],[-75.5097122648111,10.3343188867282],[-75.5097031342219,10.3343799118996],[-75.5097025634169,10.3344138147934],[-75.5097076986491,10.3345324749546],[-75.509714546154,10.334579939041],[-75.5097202524203,10.334617232253],[-75.5097231054664,10.3346545254518],[-75.5097276704093,10.334699729334],[-75.509729382258,10.3347178108863],[-75.5097339472606,10.3347505837065],[-75.5097476425349,10.3347923973401],[-75.5097596258944,10.3348308206758],[-75.5097721798708,10.3348760245926],[-75.5097892989888,10.334925748915],[-75.5098035649128,10.3349698227414],[-75.5098087006366,10.3349879043079],[-75.509818401451,10.335021807245],[-75.5098395151385,10.3350624908094],[-75.509853210537,10.3350817025077],[-75.5098720417049,10.3351099549988],[-75.5099085627789,10.3351619395868],[-75.5099970123065,10.3352873806414],[-75.5100129902891,10.3353111127272],[-75.5100289682489,10.3353416253911],[-75.5100420929713,10.3353755283332],[-75.5100495111779,10.3354263827016],[-75.5100495110083,10.3354727166571],[-75.5100495109339,10.3354930583936],[-75.5100500814474,10.3355292214828],[-75.5100438042222,10.3355619942579],[-75.5100329617691,10.3356105883667],[-75.5100261137974,10.3356693533578],[-75.5100181246242,10.3357032562223],[-75.5100164125707,10.3357337688203],[-75.5100175536082,10.3358015746119],[-75.5100164121581,10.3358433881763],[-75.5100141294231,10.3358829415435],[-75.5100124173256,10.3359247551057],[-75.5100129878442,10.3359586580011],[-75.5100169822516,10.3359903007162],[-75.5100209766302,10.3360298541062],[-75.5100312481461,10.3360637570369],[-75.5100449435747,10.3360897493044],[-75.510088312706,10.3360987902292],[-75.5101134211931,10.3360920097368],[-75.5101459480581,10.3360942700383],[-75.5101876052667,10.3360987905584],[-75.510222985357,10.3361044411504],[-75.5102526589691,10.336113482011],[-75.5102965987337,10.3361304335845],[-75.5103439623973,10.3361428647755],[-75.5103861902416,10.3361552959464],[-75.51041072804,10.3361643367793],[-75.5104358364922,10.3361711174189],[-75.51048320017,10.3361824184929],[-75.5105488245528,10.3361959797907],[-75.5105784981715,10.3362106711033],[-75.5105944762182,10.336247964316],[-75.510616731384,10.3362875177322],[-75.5106566767145,10.3362739566459],[-75.5106914862187,10.3362592654499],[-75.5107285783237,10.3362344033857],[-75.510771947527,10.3362197121937],[-75.5108158873454,10.336227622925],[-75.5108495555135,10.3362389239282],[-75.5108763759155,10.3362524851138],[-75.5109111853659,10.3362818676546],[-75.5109300167028,10.3363067297925],[-75.510939147019,10.3363541938497],[-75.5109391469903,10.3363880967421],[-75.5109385763122,10.3364242598267],[-75.5109334404467,10.3364683335823],[-75.5109254513535,10.3364988461784],[-75.5109174622579,10.3365304888706],[-75.5109134676937,10.3365632616626],[-75.5109106143968,10.3366254169618],[-75.5109089024212,10.336659319852],[-75.5109151795138,10.3366966130387],[-75.5109220272581,10.3367316460328],[-75.5109283043566,10.3367655489299],[-75.510939717291,10.3367983217347],[-75.5109482769895,10.3368277042476],[-75.5109522715006,10.3368604770458],[-75.5109568366546,10.336901160519],[-75.5109682495772,10.3369599255391],[-75.5109733853908,10.3369904381448],[-75.51097909184,10.3370401623891],[-75.5109802331064,10.3370831060517],[-75.5109836569754,10.3371158788486],[-75.5109853688978,10.3371497817406],[-75.5109916459992,10.3372017661772],[-75.5109927872801,10.3372266282978],[-75.5109922166151,10.3372503603208],[-75.5109922165913,10.3372853933076],[-75.5109887926619,10.337336247641],[-75.5109865100504,10.3373577194699],[-75.511444170745,10.3374345660092],[-75.5114407469293,10.3375430552598],[-75.5114475948645,10.337728391052],[-75.5114475949247,10.337807497794],[-75.5114555841472,10.3379634510783],[-75.5114755570841,10.3381725188767],[-75.5114784103917,10.3382358042662],[-75.5114664267647,10.3382832683199],[-75.5114436007631,10.338326211996],[-75.5114002313131,10.3383589848169],[-75.5113460194784,10.3383781964814],[-75.5113072152087,10.3383759363033],[-75.5112729761431,10.3383522042904],[-75.5112318892723,10.3383386431409],[-75.5112056393288,10.3383454237195],[-75.5111183297326,10.3383454237073],[-75.5110766722128,10.3383454236932],[-75.5110002049781,10.3383555945197],[-75.5109414279135,10.3383725459208],[-75.5109237377141,10.3383928876386],[-75.5108912105573,10.3384403516517],[-75.5108455583935,10.3385047670909],[-75.5108233029621,10.3385318893755],[-75.5107822159809,10.338597434907],[-75.5107394170383,10.3386561998531],[-75.5107074604854,10.3386991434627],[-75.5106903409006,10.3387217453607],[-75.5106692267498,10.3387454773474],[-75.5106503952126,10.3387635588554],[-75.5106304223718,10.3387805102639],[-75.5106115908366,10.3387952014809],[-75.5105767810247,10.3388223237246],[-75.5105465364241,10.3388483158776],[-75.5105122972577,10.3388731779228],[-75.5104712102571,10.3389003001414],[-75.5104312645536,10.3389274223574],[-75.5104101503923,10.3389421135569],[-75.510386753615,10.3389590649417],[-75.5103633568381,10.3389748862286],[-75.5103422426674,10.3389907075199],[-75.5103194165382,10.3390065288051],[-75.510299443674,10.3390200899042],[-75.5102766175405,10.3390359111863],[-75.5102418076768,10.3390619032972],[-75.510212704341,10.3390845051332],[-75.5101830303377,10.3391104972535],[-75.5101476497792,10.3391444000257],[-75.5101014267729,10.3391907338155],[-75.5100757473061,10.339220116228],[-75.5100455025931,10.339255149103],[-75.510023246947,10.3393071334477],[-75.5100049859105,10.3393466867473],[-75.5099952847485,10.3393636381541],[-75.5099690346226,10.3393885001708],[-75.5099387899225,10.3394133621696],[-75.509907403907,10.3394393542572],[-75.5098720232917,10.3394709968062],[-75.5098337893991,10.3395037694352],[-75.5097989794274,10.3395342818823],[-75.5097807184567,10.3395501031487],[-75.5097607455196,10.3395670545026],[-75.509741343244,10.3395817456654],[-75.5097236529209,10.3395975669311],[-75.5096894135923,10.3396258191764],[-75.5096557449276,10.3396506811322],[-75.5096192229907,10.3396755430704],[-75.5095587335286,10.3397150961332],[-75.509511369094,10.3397523890614],[-75.5094862601741,10.339782901525],[-75.5094577272777,10.3398224547375],[-75.5094440314773,10.339842796394],[-75.5094309063225,10.3398642681491],[-75.509420634441,10.3398846098234],[-75.5094000906805,10.3399241630747],[-75.5093824001907,10.3399625862446],[-75.5093629976952,10.3400077899805],[-75.5093521551241,10.3400326520338],[-75.5093424538728,10.340055253901],[-75.5093316112381,10.3400902868188],[-75.5093241924049,10.3401456614869],[-75.5093196270026,10.3401739138639],[-75.5093150615994,10.3402021662408],[-75.5093110668633,10.3402281584286],[-75.5093065014858,10.3402518904207],[-75.5093019360054,10.3402925738548],[-75.5092990824739,10.3403355174911],[-75.5092973702508,10.340378461134],[-75.5092950874135,10.3404146241967],[-75.5092899513294,10.3404462668577],[-75.5092842445619,10.3404824298998],[-75.5092762550977,10.3405310239853],[-75.5092722603058,10.340564926845],[-75.5092676948512,10.3405999597971],[-75.5092608467404,10.340640643216],[-75.5092517160421,10.3406756761403],[-75.509224894888,10.340733310878],[-75.5092077750656,10.3407593029827],[-75.5091860899903,10.340786425154],[-75.5091564157354,10.3408135472731],[-75.5091153283588,10.3408417994116],[-75.5090925020421,10.340856490512],[-75.509070246394,10.3408689214223],[-75.5090474200886,10.3408813523273],[-75.5090086153865,10.3408994336026],[-75.5089720933424,10.3409118644084],[-75.5089264408219,10.3409220349535],[-75.508899049328,10.3409254250469],[-75.508873369792,10.3409299452464],[-75.5088494022306,10.3409333353602],[-75.5088014671321,10.3409367252944],[-75.5087535320413,10.3409389851253],[-75.508730705807,10.3409401150469],[-75.508684482655,10.3409457651689],[-75.5086559498361,10.3409502853288],[-75.5086262757049,10.3409548054769],[-75.5085988841956,10.3409593256409],[-75.5085737752989,10.3409649759172],[-75.5085526610006,10.3409694961284],[-75.5085041552571,10.3409706258214],[-75.5084796170719,10.3409694955186],[-75.5084556495623,10.3409661050267],[-75.5084322527387,10.3409593242496],[-75.5084094265818,10.3409514133797],[-75.5083671982051,10.3409355916652],[-75.508326111216,10.3409118592827],[-75.5082867361787,10.3408903871026],[-75.5082336655847,10.340850833254],[-75.5081988557941,10.3408304912013],[-75.5081577688204,10.3408078888933],[-75.508136084014,10.3407977178225],[-75.5081149698422,10.340789806948],[-75.5080698882589,10.3407705948787],[-75.5080424968821,10.3407626839383],[-75.5080042630215,10.3407581631763],[-75.507958610527,10.3407649432961],[-75.5079323602884,10.3407739837993],[-75.5079026860217,10.3407920650341],[-75.5078770063514,10.3408090162115],[-75.5078410547842,10.3408350080483],[-75.5078216523537,10.3408485689984],[-75.5077805648288,10.3408790811588],[-75.5077600210572,10.3408949022851],[-75.5077263520432,10.3409254145179],[-75.5077080908509,10.3409446259538],[-75.5076852642976,10.3409740082035],[-75.5076704269839,10.3409977400589],[-75.507657872291,10.3410214719388],[-75.5076458882266,10.3410474640165],[-75.5076361867838,10.3410734561192],[-75.507626485365,10.3410971880292],[-75.5076179252438,10.3411220500478],[-75.5076087944524,10.3411480421557],[-75.5076019463225,10.3411706440008],[-75.5075962395295,10.3411909856662],[-75.5075853966623,10.3412260185229],[-75.5075751245138,10.3412554009051],[-75.5075619990952,10.3412836531586],[-75.5075454497364,10.3413119053727],[-75.5075174869439,10.3413661496649],[-75.5074923774111,10.3414215240834],[-75.5074832466274,10.3414452559952],[-75.5074672678427,10.3414791586919],[-75.5074535717619,10.341506280838],[-75.5074330277712,10.3415356630954],[-75.5074027826797,10.3415593947569],[-75.5073691137115,10.3415774758945],[-75.507336586136,10.341588776466],[-75.5073000639605,10.3416000769859],[-75.5072361502819,10.3416091169732],[-75.5072024815708,10.3416057262686],[-75.5071648182772,10.3416012054143],[-75.5071163125195,10.3415955543222],[-75.5070872090364,10.3415944238554],[-75.5070518283432,10.3415921632093],[-75.5070130237247,10.3415887724185],[-75.506951963583,10.3415786007539],[-75.506908023133,10.3415695594025],[-75.5068834849844,10.3415627784981],[-75.5068566642254,10.3415548674649],[-75.5068298434679,10.3415469564294],[-75.5068053053384,10.341539045423],[-75.5067801965694,10.3415300043107],[-75.5067550878177,10.3415198331005],[-75.5067208486572,10.341502881185],[-75.5066963105824,10.341491579882],[-75.5066717725417,10.3414780183851],[-75.5066483758163,10.3414644569025],[-75.5066249790601,10.3414531556103],[-75.506605006212,10.3414441145573],[-75.5065627779098,10.3414249023187],[-75.5065365278437,10.341415861171],[-75.5065062832343,10.3414034296747],[-75.5064748972635,10.341394388447],[-75.5064452232469,10.3413864773376],[-75.5064001414737,10.3413808261882],[-75.5063801685331,10.3413785656977],[-75.5063356574012,10.3413740446438],[-75.5062894342838,10.3413706536538],[-75.5062626135384,10.3413638726672],[-75.5062232384782,10.341349180812],[-75.5061952766025,10.3413310988415],[-75.5061735921833,10.3412983257178],[-75.5061131023986,10.3413118859204],[-75.5060988357899,10.3413243167513],[-75.5060543243565,10.3413390072917],[-75.5060166609626,10.3413435270717],[-75.505993264033,10.3413446567902],[-75.5059675844777,10.3413457864698],[-75.5059419049598,10.3413446559554],[-75.505897393839,10.341340134841],[-75.5058648664647,10.3413378741115],[-75.5058311978551,10.3413310929754],[-75.5057895400388,10.3413254417977],[-75.5057467409114,10.3413197905952],[-75.505702800473,10.3413141393676],[-75.5056685611734,10.3413096183969],[-75.5056468762935,10.3413062277353],[-75.5056189141948,10.3413028369636],[-75.5055932346817,10.3413017064214],[-75.5055681258049,10.3413017059831],[-75.505523043958,10.3413017051913],[-75.5054888046419,10.3412983142976],[-75.5054357337106,10.3412926628714],[-75.5053895105941,10.3412904018485],[-75.505358124562,10.3412870109923],[-75.505323314572,10.3412847501667],[-75.5052788034685,10.3412802289669],[-75.5052377163038,10.3412757078244],[-75.5051983411305,10.3412700566126],[-75.5051623899175,10.341263275364],[-75.5051298625998,10.3412587543682],[-75.5050961939925,10.3412531032514],[-75.5050727971979,10.3412474523266],[-75.5050328512424,10.3412485816601],[-75.5049917640409,10.3412463206784],[-75.504941546453,10.3412384090337],[-75.504893040791,10.3412327576069],[-75.5048707853138,10.3412271066899],[-75.5048451059006,10.3412214557038],[-75.5048177145427,10.3412146745856],[-75.5047908937963,10.3412101536686],[-75.5047674970334,10.3412033726257],[-75.5047406762885,10.3411988517045],[-75.5046950240098,10.3411886799209],[-75.5046607847384,10.3411841588431],[-75.5046293987482,10.3411796378199],[-75.5045928769017,10.3411728564962],[-75.5045535017289,10.3411683353016],[-75.5045169797897,10.3411660743535],[-75.5044861644113,10.3411638135204],[-75.5044536370895,10.3411604225524],[-75.5044233924167,10.3411559015331],[-75.5043937184008,10.3411513805229],[-75.5043680389045,10.3411502498831],[-75.5043423594329,10.3411479891451],[-75.5042259354466,10.341607935739],[-75.5042156612484,10.3417152946396],[-75.5040655574811,10.3426431001634],[-75.5041522970501,10.3426679641849],[-75.5041973786907,10.342686046704],[-75.5042418897773,10.3426996088205],[-75.5042727051053,10.3427109104445],[-75.5043012377506,10.3427244722087],[-75.5043252050534,10.3427414241607],[-75.5043668625652,10.3427685473505],[-75.5044022430057,10.3427877597307],[-75.5044222158271,10.3427990611113],[-75.5044518898531,10.3428103626942],[-75.5044992546232,10.3428069733955],[-75.5045363474826,10.3428058440694],[-75.504580858885,10.3428058449876],[-75.5046059678813,10.3428058455028],[-75.504629935583,10.3428047158969],[-75.5046550445323,10.3428069766002],[-75.504682436118,10.3428092373477],[-75.5047081156806,10.3428137582504],[-75.5047349364924,10.3428216694618],[-75.5047600452594,10.3428329709246],[-75.5047857245954,10.3428487927806],[-75.5048085506383,10.3428646145779],[-75.5048376537747,10.3428883471692],[-75.5048604798004,10.3429052990588],[-75.5048838764878,10.3429222509579],[-75.5049061318367,10.3429403329289],[-75.5049283871881,10.3429584148983],[-75.504962055438,10.3429911883349],[-75.5049854518702,10.3430217013778],[-75.5050054243946,10.3430499541612],[-75.5050271090558,10.3430702963046],[-75.5050624895042,10.3430928988999],[-75.5050938753845,10.3431132412236],[-75.5051258319068,10.3431347136509],[-75.505148657944,10.3431527956157],[-75.5051709133675,10.3431686173763],[-75.505197163325,10.3431889595936],[-75.5052234133288,10.3432070416169],[-75.5052490926331,10.3432273838193],[-75.5052884675432,10.3432601573267],[-75.5053147173895,10.3432872801098],[-75.5053569456972,10.3433155332772],[-75.5053963207957,10.3433392660038],[-75.5054328426827,10.3433584782909],[-75.5054653699744,10.3433765604067],[-75.5055024624688,10.3433991629837],[-75.5055372723686,10.3434195053244],[-75.5055726529329,10.3434398476713],[-75.5055892018965,10.3434500188235],[-75.5056280063092,10.3434771417994],[-75.5056519737006,10.3434963538439],[-75.5056827889197,10.3435212164835],[-75.505715316046,10.343550599533],[-75.5057438486142,10.3435765922238],[-75.5057718106044,10.3435980645188],[-75.5058043377663,10.3436263174632],[-75.5058288757826,10.3436489197916],[-75.5058528431609,10.3436703920128],[-75.5058939302658,10.3436975149942],[-75.5059333053957,10.3437246379424],[-75.5059658326788,10.3437472403909],[-75.5060012132888,10.3437687127863],[-75.5060308873329,10.3437879248944],[-75.5060594201878,10.3437992263103],[-75.5061067849066,10.3438071377346],[-75.50614844311,10.343809398583],[-75.5061786881334,10.3438093990563],[-75.5062391782158,10.3438071398026],[-75.5062899669756,10.3438105308692],[-75.5063293425549,10.3438116615635],[-75.5063510277009,10.3438094016992],[-75.5063767074724,10.3438071418933],[-75.5064280669971,10.3438037523713],[-75.5064685839146,10.3438037529696],[-75.5065159487617,10.3438037536625],[-75.5065479057504,10.343804884222],[-75.5065838573154,10.3438094051233],[-75.5066215208147,10.3438173163326],[-75.5066563309954,10.3438263575932],[-75.5066745920616,10.3438320083299],[-75.506728804555,10.3438523508138],[-75.5067579081335,10.343861391984],[-75.5068195394181,10.3438681734042],[-75.5069987269489,10.3438681757939],[-75.5071265555073,10.3438286240817],[-75.5073011777429,10.3438274961495],[-75.5074135982023,10.3438048955746],[-75.5075134635935,10.3438263685565],[-75.5076515635958,10.3438195895343],[-75.5077628424964,10.3438162004551],[-75.5078045006033,10.3438286319524],[-75.5078421640633,10.3438433235944],[-75.5078832514923,10.3438580152673],[-75.5079089309265,10.3438873980241],[-75.5079397460925,10.3439382526528],[-75.5079568653894,10.3439902372364],[-75.5079522996695,10.3440320507377],[-75.5079197712626,10.3441009862558],[-75.5078769710184,10.3441620109932],[-75.5078330294224,10.3442241658087],[-75.5077868049422,10.3443066623191],[-75.5077537062043,10.3443394347459],[-75.5077051992267,10.3444049797818],[-75.5076589752197,10.3444400122475],[-75.5076355775428,10.3444874760144],[-75.5075939186836,10.3445338094796],[-75.5075648146023,10.3445609314521],[-75.5075305745824,10.3445857931717],[-75.5074860626096,10.3446129149609],[-75.5074678012162,10.3446298661869],[-75.5075853570287,10.3446841121294],[-75.5076041887462,10.3446965433947],[-75.5076093243992,10.3447236657519],[-75.50762301976,10.3447711299291],[-75.5076253021669,10.3447926017751],[-75.5076292964723,10.3448219843108],[-75.5076344321423,10.3448479765717],[-75.5076407089089,10.3448943105696],[-75.5076492684051,10.3449338640176],[-75.5076760890919,10.3449756778576],[-75.5077211707898,10.345036703522],[-75.5077462795797,10.3450717367625],[-75.5077639698033,10.3451022495387],[-75.5077753828209,10.3451248515764],[-75.5077873664667,10.3451508439072],[-75.5077987793658,10.345184746902],[-75.5078079095896,10.3452209100638],[-75.5078210344959,10.3452536829799],[-75.5078432898883,10.3452988870444],[-75.5078655453828,10.3453350503411],[-75.5078849475404,10.3453734737983],[-75.5078986432311,10.3453960758548],[-75.5079123389121,10.3454198080066],[-75.507935735657,10.345465012076],[-75.5079460074189,10.3454830937125],[-75.5079705455821,10.3455203871204],[-75.507988806505,10.3455520299848],[-75.5080104914042,10.3455848029779],[-75.5080276110634,10.3456107953499],[-75.5080886711489,10.3457091142778],[-75.5081571498118,10.3458176041257],[-75.5082050850134,10.3458820200334],[-75.5082284819515,10.3459147930271],[-75.5082495962781,10.3459430456152],[-75.5082712812522,10.3459735583985],[-75.5083477493952,10.3460763977981],[-75.5083785649769,10.3461125611335],[-75.5084076686706,10.3461374234937],[-75.5084424789504,10.3461701965704],[-75.5084744358824,10.3462063599062],[-75.5084904143511,10.3462244415729],[-75.5085092461478,10.3462425232626],[-75.5085297899614,10.346258344774],[-75.5085526164573,10.3462719061116],[-75.5085760136392,10.3462832072606],[-75.5086022641494,10.3462945084311],[-75.5086256613347,10.3463058095766],[-75.5086564771439,10.3463205010663],[-75.5086838689728,10.3463340624305],[-75.5087289513163,10.3463623151733],[-75.5087654737468,10.3463826571749],[-75.5087962895269,10.3464029991297],[-75.5088265345602,10.3464346420344],[-75.5088596329782,10.3464595043829],[-75.5088796061912,10.3464708054848],[-75.5089018620518,10.3464843667932],[-75.5089235472404,10.3464990581918],[-75.5089458030886,10.3465148796886],[-75.5089680589471,10.3465295710881],[-75.5089903148156,10.3465431323904],[-75.5090296906128,10.3465634743815],[-75.5090627891369,10.3465770357519],[-75.5091004529756,10.34659285734],[-75.5091215675374,10.3466041584344],[-75.5091489594329,10.3466143294718],[-75.5091723566834,10.3466222402903],[-75.509209449867,10.3466380618621],[-75.5092539617118,10.3466538834747],[-75.5092967615494,10.3466719652623],[-75.5093195881486,10.346678745971],[-75.5093481213956,10.3466877869025],[-75.5093783666359,10.3466979579367],[-75.5094063292138,10.3467081289554],[-75.5094308677653,10.3467239504313],[-75.509466248907,10.3467522030165],[-75.5094822274848,10.3467657642507],[-75.5095187499863,10.3467906265492],[-75.5095701098571,10.3468075782495],[-75.5096003551216,10.3468166191671],[-75.5096266057071,10.3468290503495],[-75.5096648402483,10.346849392257],[-75.5096928028109,10.3468674739205],[-75.5097173413572,10.3468900759484],[-75.5097435918906,10.3469160682692],[-75.5097681304546,10.3469364101019],[-75.5097989463785,10.3469511014818],[-75.5098348983089,10.3469646627849],[-75.5098651435769,10.3469782240604],[-75.5098891114869,10.3469985658814],[-75.5099050900441,10.3470245581467],[-75.5099050899091,10.3470573309211],[-75.5099022363889,10.347102534736],[-75.509898812173,10.3471545191224],[-75.5098965293226,10.3471985928438],[-75.5099050891964,10.3472302355568],[-75.5099159317124,10.3472686588525],[-75.5099279155744,10.3473048219611],[-75.5099456061293,10.347336464709],[-75.5099690033557,10.3473692375734],[-75.5099969658995,10.3474087910271],[-75.5100209337956,10.347443824081],[-75.510038053675,10.3474822473952],[-75.5100437602622,10.3475059794242],[-75.5100477548351,10.3475331017338],[-75.5100511786585,10.3475828259538],[-75.5100580265057,10.3476280298034],[-75.5100637331175,10.3476461113536],[-75.5100837063481,10.3476856647706],[-75.5100979729167,10.3477218278799],[-75.510108244809,10.3477591210705],[-75.5101150926331,10.3478144957788],[-75.5101071031229,10.3478596995761],[-75.5101002549785,10.3478958626121],[-75.5100928361404,10.3479388062194],[-75.5100779985954,10.347986270183],[-75.5100688677915,10.3480167827321],[-75.5100574542915,10.3480529457507],[-75.5100471820969,10.348097019442],[-75.5100414752736,10.3481343125759],[-75.5100437577983,10.3481749960253],[-75.5100477523465,10.3482111590984],[-75.5100426161567,10.3482574929988],[-75.5100374800701,10.3482755745095],[-75.5100300612902,10.348298176394],[-75.510015223719,10.3483456403537],[-75.510010087595,10.3483727626284],[-75.5099935379924,10.3484247469628],[-75.5099724231054,10.348457519654],[-75.5099410361489,10.3484948126858],[-75.509921062595,10.3485264552825],[-75.5099005183818,10.3485547075889],[-75.5098742674609,10.3485852200614],[-75.5098565766258,10.3486044316122],[-75.5098360324263,10.3486270334365],[-75.509818912266,10.3486439847965],[-75.5097858132996,10.3486733671366],[-75.5097492903247,10.348699359171],[-75.5096967885542,10.3487332617956],[-75.5096488522032,10.3487524731917],[-75.5096106172842,10.3487615137688],[-75.5095746650596,10.3487671640663],[-75.5095398541912,10.3487694240792],[-75.5094862112317,10.3487694237971],[-75.5094411283063,10.3487716837442],[-75.5094165894926,10.3487739437998],[-75.5093663705313,10.3487773338034],[-75.5093332717167,10.3487716831349],[-75.509293324907,10.348759251849],[-75.5092790582319,10.3487479508085],[-75.5092373995591,10.3487129175945],[-75.5092168555361,10.3486993563217],[-75.5091894634937,10.3486835348136],[-75.5091620714321,10.3486711035898],[-75.5091187006393,10.3486564120694],[-75.5090947325473,10.348651891531],[-75.509047367058,10.3486394601658],[-75.5090176923591,10.3486225085321],[-75.5089897296876,10.3486032967164],[-75.5089514949454,10.3485874751133],[-75.5089064120997,10.3485818243166],[-75.5088875799832,10.3485852144682],[-75.5088402143765,10.3485908646015],[-75.5087922781766,10.3485863438635],[-75.5087500487251,10.3485750425886],[-75.5087123846587,10.3485603510569],[-75.5086815685832,10.3485513100524],[-75.5086393391312,10.3485411388584],[-75.5085902615561,10.3485422685591],[-75.508550314548,10.3485603497611],[-75.5085075141398,10.3485840814119],[-75.5084766977943,10.3486066830634],[-75.5084607189406,10.3486191139786],[-75.5084236251834,10.3486462359535],[-75.5083956621939,10.3486665774306],[-75.5083796833744,10.3486744879596],[-75.5083328883018,10.3486925690743],[-75.5082980773807,10.3487004794307],[-75.5082786746019,10.3487016093504],[-75.5082438636997,10.3487072595099],[-75.5082073406047,10.3487321212739],[-75.5082044869875,10.348760373636],[-75.5082004918258,10.3488100978025],[-75.5081862248092,10.3488383500576],[-75.5081559792605,10.3488428701547],[-75.5081280164347,10.3488428698886],[-75.5081057600084,10.3488733822545],[-75.5081029062253,10.3489174559529],[-75.5081086124158,10.3489694404024],[-75.5081166013776,10.3490123841091],[-75.5081263024516,10.3490451569723],[-75.508131438176,10.3490767996961],[-75.5081348618242,10.3491152229764],[-75.5081399975945,10.3491423453178],[-75.5081451333108,10.3491751181367],[-75.5081491276652,10.3492101511355],[-75.5081548339668,10.3492519647236],[-75.5081582576089,10.3492915180988],[-75.5081611106029,10.3493288112774],[-75.5081673876226,10.3493661044884],[-75.5081759473492,10.3494011375295],[-75.5081867898158,10.3494305201144],[-75.5081976323382,10.3494542522213],[-75.5082164640644,10.3494983261209],[-75.5082335838356,10.3495367495261],[-75.5082535570623,10.3495650020971],[-75.5082923624444,10.3495932548378],[-75.508326031905,10.3496090764774],[-75.508358560006,10.3496271582945],[-75.5083933707659,10.3496486304146],[-75.5084230454381,10.349675752964],[-75.5084635626278,10.3497311279901],[-75.5084943785306,10.3497729417837],[-75.5085177757677,10.3498079749395],[-75.5085354662927,10.3498430080463],[-75.5085440261684,10.3498667401221],[-75.5085525860169,10.3498938624839],[-75.5085662817908,10.3499356761286],[-75.508567422785,10.34997748967],[-75.50854630757,10.3500193030283],[-75.5085132083699,10.3500452949487],[-75.508488098691,10.3500577257876],[-75.5084464394294,10.3500803273423],[-75.5084173349601,10.3501017989051],[-75.5083910838176,10.3501266607766],[-75.5083739632247,10.3501741246352],[-75.5083728216671,10.3501978566295],[-75.5083739627888,10.3502227187393],[-75.5083762452454,10.3502487109545],[-75.5083876583312,10.3502893944905],[-75.5084207570587,10.3503210374507],[-75.5084732587996,10.3503368592367],[-75.508499509643,10.3503481604127],[-75.5085480165029,10.3503854539661],[-75.5085657072054,10.3504035356385],[-75.508590245927,10.3504283979383],[-75.5086239152419,10.3504747321225],[-75.508642176434,10.3505165457992],[-75.5086467414693,10.3505594894615],[-75.5086427465287,10.3505877418151],[-75.50863247422,10.3506114737369],[-75.5086182071699,10.3506385959125],[-75.5086027987709,10.3506657180782],[-75.5085925264472,10.350690580094],[-75.5085725525062,10.3507357837475],[-75.5085588559291,10.350785507833],[-75.5085571437476,10.3508047194407],[-75.5085628501226,10.3508476631129],[-75.508586247475,10.3508793059752],[-75.5086906796081,10.3510216988274],[-75.5087157889901,10.3510556018842],[-75.5087351916112,10.3510928951813],[-75.5087391861524,10.3511154971195],[-75.5087403272974,10.351141489322],[-75.5087386150278,10.3511731319794],[-75.5087363319245,10.3512251163491],[-75.5087340489444,10.3512612793835],[-75.5087311951653,10.3513132637485],[-75.5087329069139,10.3513482967179],[-75.5087426080531,10.3513901103207],[-75.5087602986829,10.3514262735071],[-75.5087717120438,10.351443225024],[-75.5088253552785,10.3514669574277],[-75.5088487529986,10.3514590469323],[-75.5088932657698,10.3514387055388],[-75.5089275064175,10.3514149737805],[-75.5089531869019,10.3513968924354],[-75.508976013979,10.35138333145],[-75.5090199560412,10.3513652502256],[-75.5090616152854,10.3513641204105],[-75.5090895783345,10.3513641205955],[-75.5091238187729,10.3513686412003],[-75.509158059205,10.3513742918968],[-75.5092014303514,10.3513923736956],[-75.5092299639572,10.3514115854931],[-75.5092573562453,10.3514262768998],[-75.509292737953,10.3514454887331],[-75.50931271149,10.3514579199002],[-75.5093338263713,10.3514714811679],[-75.5093851868955,10.3515053843232],[-75.5094085844499,10.3515245960757],[-75.509427416596,10.3515460679919],[-75.5094536674172,10.3515856214732],[-75.509470787508,10.3516138739496],[-75.5094810595515,10.3516330856257],[-75.5094924729157,10.3516579477842],[-75.5095027449254,10.3516839400316],[-75.5095095928984,10.3517076720698],[-75.5095152995041,10.351734794388],[-75.5095232887813,10.3517675671946],[-75.5095312780541,10.3518014700962],[-75.5095358432947,10.351831982694],[-75.5095421204491,10.3518839671116],[-75.5095438323563,10.3519065690269],[-75.5095449735763,10.35193143113],[-75.5095438319752,10.3519788951275],[-75.5095404077965,10.3520026271115],[-75.5095375542869,10.3520274891938],[-75.5095341301071,10.3520512211776],[-75.5095278525541,10.3520738230512],[-75.5095210043182,10.352097555017],[-75.5095118733659,10.3521235471612],[-75.509489046117,10.352163100376],[-75.509478773833,10.3521845721319],[-75.5094673602018,10.3522049137859],[-75.5094502397711,10.3522320359803],[-75.5094302659443,10.3522614183485],[-75.5094074387202,10.3522930608901],[-75.5093863235397,10.3523213131539],[-75.5093606429586,10.3523473051994],[-75.5093315383424,10.3523687768418],[-75.5092967269794,10.3523868581619],[-75.5092602036392,10.3523958987055],[-75.509223109649,10.3524004188602],[-75.5091768847633,10.3524162399062],[-75.5091688951482,10.3524388417615],[-75.5091643295541,10.3524670941147],[-75.5091746014321,10.3525134280864],[-75.5091791664743,10.3525710629745],[-75.5091666114492,10.3525925347054],[-75.509154056437,10.3526117462453],[-75.5091437841599,10.3526264374182],[-75.5091500614938,10.3526433888875],[-75.5091877261759,10.3526411289353],[-75.509216260015,10.352641129113],[-75.5092425111328,10.3526433894647],[-75.5092898771891,10.3526626013699],[-75.5093315364358,10.3526897239017],[-75.5093652061797,10.3527224968588],[-75.5093903157759,10.3527552697642],[-75.5094833354398,10.3528807108496],[-75.5095181465019,10.3529270449395],[-75.5095346960297,10.3529485168356],[-75.5095712191391,10.3529948509285],[-75.5096008941809,10.3530310141258],[-75.5096294278688,10.3530683074099],[-75.5096533961703,10.3530999501933],[-75.5096716577164,10.3531282026619],[-75.5096836417836,10.3531621055759],[-75.5096813588707,10.3532039190889],[-75.5096727984785,10.3532502529528],[-75.5096625261052,10.3532852858557],[-75.5096488296282,10.3533270993132],[-75.5096391278998,10.3533677826941],[-75.5096339917069,10.3533858641926],[-75.5096208658998,10.3534276776514],[-75.509612305527,10.3534672309417],[-75.5096037451692,10.3535033939461],[-75.5095986089433,10.3535271259199],[-75.5095929020266,10.3535531180812],[-75.5095883364775,10.3535768500576],[-75.5095803467575,10.3536197936353],[-75.5095717863861,10.3536570867336],[-75.5095655087392,10.3536921196529],[-75.5095575190251,10.3537328030392],[-75.509552382703,10.3537734864399],[-75.5095529532042,10.3538073892986],[-75.5095598011445,10.3538469426654],[-75.5095649371316,10.3538706746906],[-75.5095797745643,10.353913618383],[-75.5095980361163,10.3539486514255],[-75.5096134442707,10.3539848145479],[-75.5096242869773,10.3540243679325],[-75.5096374123872,10.3540673116135],[-75.5096482551443,10.3540978242358],[-75.5096562444785,10.3541339873198],[-75.5096602391462,10.3541520688617],[-75.509666516505,10.3541758008904],[-75.509676788611,10.3542017931282],[-75.5096864900172,10.3542323057435],[-75.5096973327253,10.3542752494107],[-75.5097070341305,10.3543068921204],[-75.5097275783964,10.3543509659265],[-75.5097395625055,10.3543871290262],[-75.5097521172662,10.3544300726989],[-75.5097686667703,10.3544775367694],[-75.5097835042491,10.3545227406411],[-75.509790922914,10.3545622940037],[-75.509802336338,10.3546029774787],[-75.5098126083991,10.3546447910434],[-75.509821739107,10.3546854745075],[-75.5098314405372,10.3547171172128],[-75.509846848707,10.3547645812735],[-75.5098576915035,10.3547962239826],[-75.5098633982381,10.3548131754333],[-75.5098805184931,10.3548527288335],[-75.5098993508184,10.3548866317641],[-75.5099495705972,10.3549205348176],[-75.5099849528655,10.3549069738125],[-75.5100129164422,10.3548504691615],[-75.5099963670596,10.3547566712046],[-75.5100403095789,10.3547261587984],[-75.5100129171776,10.3546560927999],[-75.5100334617316,10.3546402715436],[-75.5100448754227,10.3546176696823],[-75.5097909259863,10.3538774563349],[-75.5097698111354,10.3538175611964],[-75.5097606805577,10.3537554059198],[-75.5097635342359,10.3536932506968],[-75.509778372163,10.3536310955268],[-75.509813183875,10.3535587695862],[-75.5099490067981,10.3531937493886],[-75.5099769699696,10.3532039203538],[-75.5099866715883,10.3531790582956],[-75.510021482876,10.3531937496636],[-75.5100043622758,10.3532638155045],[-75.5100802623565,10.3532864176837],[-75.5101070843027,10.3532626857766],[-75.5101162152233,10.3532412139983],[-75.5101476026386,10.3532016607699],[-75.5101647230322,10.353183579302],[-75.5101852674864,10.3531666279393],[-75.51021037736,10.3531496765894],[-75.5102360578947,10.3531372456202],[-75.5102640211279,10.3531282049415],[-75.510293696376,10.3531248147412],[-75.5103267956737,10.3531270750239],[-75.5103559002251,10.3531304653879],[-75.5103838634189,10.3531349858416],[-75.5104101145862,10.353137246098],[-75.5104352244012,10.3531383762544],[-75.5104614755717,10.3531395064115],[-75.5104900094429,10.3531451569525],[-75.5105373756577,10.3531609783879],[-75.5105704749245,10.3531813201692],[-75.510587595235,10.353192621155],[-75.5106098516427,10.3532061823398],[-75.5106355321253,10.3532163532435],[-75.5106646366766,10.353226524151],[-75.5106943119132,10.353233304771],[-75.5107268405421,10.3532389552972],[-75.510759369177,10.3532412155346],[-75.5107930391636,10.3532468660558],[-75.5108267091501,10.3532536466687],[-75.5108615204937,10.3532604272793],[-75.5108951904854,10.3532649476946],[-75.5109277191211,10.3532705982006],[-75.5109596770828,10.3532728584172],[-75.5109893523308,10.3532785089148],[-75.5110372892729,10.3532864196102],[-75.5110629697784,10.3532909400036],[-75.5110937863839,10.3533022409682],[-75.5111274563813,10.3533146720258],[-75.5111616970588,10.3533316234608],[-75.5111942257056,10.3533508350826],[-75.5112244716441,10.3533723068915],[-75.5112484401276,10.3533971689842],[-75.5112712672593,10.353425421361],[-75.511293523718,10.3534581941171],[-75.5113146388232,10.3534864464911],[-75.5113443141149,10.3535316502884],[-75.5113757014329,10.3535440813208],[-75.5114105128175,10.3535463414911],[-75.5114584498109,10.3535542521237],[-75.5114989679962,10.3535723336128],[-75.5115178004111,10.353598325785],[-75.5115309260562,10.353636749009],[-75.511540056935,10.3536570907134],[-75.5115503291771,10.353681952797],[-75.5115566066749,10.3537113352655],[-75.5115600307852,10.3537452381177],[-75.5115685910303,10.3538006127727],[-75.5115788632713,10.3538186942841],[-75.5115937009507,10.3538412961704],[-75.5116108213568,10.3538706786243],[-75.5116245176947,10.3539023212721],[-75.5116342192983,10.3539463949715],[-75.5116119628598,10.3539836881413],[-75.5115914184468,10.3540153308315],[-75.5115737274251,10.3540458434219],[-75.5115503296136,10.3540831365884],[-75.5115309265527,10.3541204297492],[-75.511515518245,10.3541588530001],[-75.5114949738131,10.3541927558741],[-75.511485272293,10.3542300490231],[-75.5114829895922,10.354250390738],[-75.5114858430346,10.3543001149225],[-75.5114904085083,10.354339668249],[-75.5114966860126,10.3543679206222],[-75.5115138064547,10.3544142545076],[-75.5115297855221,10.3544413767756],[-75.5115497593515,10.3544673689433],[-75.5115834295181,10.3545024018552],[-75.511603403353,10.3545261338292],[-75.5116199531125,10.3545521259966],[-75.5116393562699,10.3545735977788],[-75.5116616128282,10.3545928093655],[-75.5116884348527,10.3546255820854],[-75.5117027019187,10.354661745108],[-75.5117169689989,10.3547046887008],[-75.511724958578,10.3547363313516],[-75.5117295240787,10.354770234198],[-75.5117283827753,10.3548052671486],[-75.5117135451571,10.3548549913577],[-75.5116473462084,10.3548708127866],[-75.5115782938608,10.3548968050614],[-75.5115377755318,10.3549081060568],[-75.5116119643259,10.3551262143278],[-75.5117974356466,10.3550764898565],[-75.5118322472972,10.3551262139753],[-75.5118282525661,10.3551454255997],[-75.5118174096803,10.355175938188],[-75.5117860222945,10.3552245323351],[-75.5117746087041,10.3552460041622],[-75.5117643364753,10.3552674759869],[-75.5117506401614,10.3552923381022],[-75.5117318077202,10.3553228507009],[-75.5117106925541,10.3553567535872],[-75.5116867239781,10.3553929166664],[-75.5116627553933,10.3554268195536],[-75.5116410695294,10.3554595923409],[-75.5116250904818,10.3554934952143],[-75.5116119648408,10.3555273980832],[-75.5116005512416,10.3555601708544],[-75.5115925617356,10.3555952038112],[-75.5115857135854,10.3556245862911],[-75.5115817188438,10.3556528386724],[-75.5115765827382,10.3556822211499],[-75.5115691639061,10.3557149939151],[-75.5115623157537,10.3557466365843],[-75.511557750326,10.3557748889657],[-75.5115554676474,10.3558212228653],[-75.5115560383537,10.3558426946707],[-75.511556609065,10.3558686868562],[-75.5115577504617,10.3558969392311],[-75.5115606039294,10.3559455333149],[-75.5115594626068,10.3559839565475],[-75.5115588919467,10.3560042982589],[-75.5115560385812,10.3560483719684],[-75.5115588920349,10.3560834049114],[-75.5115606041245,10.3561195679505],[-75.5115588921231,10.3561625115635],[-75.5115543267053,10.3562054551794],[-75.5115531853797,10.3562427483164],[-75.5115514733743,10.356283431739],[-75.5115509027168,10.356307163735],[-75.5115509027464,10.3563342860154],[-75.5115571803208,10.3563851402842],[-75.5115600337815,10.3564235635115],[-75.51156916477,10.3564676372066],[-75.5115737302738,10.3564970196715],[-75.5115794371473,10.3565275322301],[-75.5115948456615,10.3565693457269],[-75.5116005525214,10.3565862971449],[-75.5116096835232,10.3566326310285],[-75.5116182438377,10.3566744445324],[-75.5116256627801,10.3567117376575],[-75.5116285162325,10.3567354696485],[-75.5116330817685,10.3567818035369],[-75.5116325111361,10.3568202267671],[-75.5116285163955,10.3568575199067],[-75.5116176734404,10.3568948130549],[-75.511611395933,10.3569117644875],[-75.5115874272629,10.3569773100251],[-75.5115765842816,10.3569999119372],[-75.5115628878765,10.3570236439469],[-75.5115303588877,10.3570620672101],[-75.5115006832942,10.357077888568],[-75.5114653008458,10.357089189548],[-75.5114282063386,10.3570982303353],[-75.5114065203169,10.3571016206344],[-75.5113574414245,10.3571106614208],[-75.5113260537588,10.3571151818138],[-75.5112781162292,10.357112921638],[-75.5112467285612,10.3571095313585],[-75.5112113460999,10.3571061410761],[-75.5111656913123,10.3571004905987],[-75.5111160417332,10.3570925799237],[-75.5110943557101,10.3570914498219],[-75.5110703869479,10.3570903197177],[-75.5110235907942,10.3570869294095],[-75.5109790773857,10.3570767585264],[-75.5109579620517,10.3570722381309],[-75.5109727998915,10.3570247741535],[-75.5109722292396,10.3569807004493],[-75.5109699465342,10.3569366267438],[-75.5109659517587,10.3569151549363],[-75.5109608156158,10.3568925530329],[-75.5109465485414,10.3568473492226],[-75.5109254332584,10.3568032755006],[-75.5109088834435,10.3567716328261],[-75.51089404569,10.3567343396775],[-75.510884344089,10.3567049571982],[-75.5108740718045,10.356676704813],[-75.5108712184273,10.3566360213903],[-75.5108426842507,10.3566156796494],[-75.5108107259443,10.3566190698966],[-75.5107542281937,10.356645062007],[-75.5107382489841,10.3566834852139],[-75.5107450971452,10.3567162579784],[-75.5107576521498,10.3567490307509],[-75.5107742019283,10.3567953646679],[-75.51078903966,10.3568405684867],[-75.5108044480992,10.3568710810708],[-75.5108170031189,10.3569015936507],[-75.5108244219761,10.3569354965088],[-75.5108284167096,10.3569840905973],[-75.5108301287244,10.3570168633534],[-75.5108227097807,10.3570518962885],[-75.5108027358056,10.3570586768339],[-75.5107570810064,10.3570711078179],[-75.5107165623723,10.3570801485184],[-75.510675473091,10.3570654572187],[-75.5106452267936,10.3570677173572],[-75.5106246821248,10.3570767580805],[-75.5105824513914,10.3571061404703],[-75.510551634367,10.3571264821184],[-75.5105179639067,10.3571502140422],[-75.5104871468688,10.3571728158739],[-75.5104700262667,10.3571954177342],[-75.5104648900139,10.3572327108559],[-75.5104540469218,10.3572643534894],[-75.5104135282173,10.3572880853859],[-75.5103735802276,10.3572982561395],[-75.5103313494946,10.357308426882],[-75.5102891187587,10.3573185976188],[-75.5102491707338,10.3573378091165],[-75.5102246312425,10.3573457197071],[-75.5101978090123,10.3573525001938],[-75.5101641385498,10.357361540846],[-75.5101304680853,10.3573705814948],[-75.5101007924125,10.3573807522486],[-75.510077964962,10.3573909230238],[-75.5100243204061,10.3574259557743],[-75.5099883671061,10.3574564682035],[-75.5099552672313,10.3574858505448],[-75.5099364345083,10.3575107125596],[-75.5099141776826,10.3575321842747],[-75.5103370515641,10.3590431225476],[-75.5103233548631,10.3591075379152],[-75.5102976737059,10.359168562964],[-75.5102543011824,10.3592318481481],[-75.5100111870731,10.3594228333586],[-75.5096390973954,10.3595075888706],[-75.5088795092991,10.3596126830887],[-75.5087014471465,10.3605020663225],[-75.5092167805097,10.3605981279736],[-75.5092481690152,10.3605190215359],[-75.5093172244641,10.3602127662765],[-75.5094051112423,10.3601347902431],[-75.5094821544865,10.3601257499073],[-75.5094570430092,10.3603246464464],[-75.5095129706833,10.3603269069351],[-75.5095477839321,10.3601144493049],[-75.5098165791805,10.3600873283046],[-75.5097515195488,10.3602918751657],[-75.5097538021707,10.3603223877339],[-75.5098000279739,10.3603540305919],[-75.509827991953,10.3603235181551],[-75.5100026227035,10.3604794719288],[-75.5102120670504,10.360236502277],[-75.5103256341662,10.3603427315134],[-75.5102759838712,10.3604116671522],[-75.5102206269594,10.3603800243349],[-75.5099980566215,10.3606241240358],[-75.509960961862,10.3605811802951],[-75.5098656557787,10.3607371329822],[-75.5099061747251,10.3607721660844],[-75.5099329970788,10.3608083292222],[-75.5099626728789,10.3608490127476],[-75.5099815055972,10.3608761350925],[-75.5099969141726,10.3609021273289],[-75.5100117520203,10.3609382904145],[-75.5100317261065,10.3609721933288],[-75.5101190415498,10.3610908535779],[-75.510136732927,10.3611134555309],[-75.5101567070716,10.361137187585],[-75.5101772519113,10.3611609196396],[-75.5102029329555,10.3611936924664],[-75.5102263312287,10.3612287254734],[-75.5102405984084,10.3612705390194],[-75.5102366034296,10.3613134826047],[-75.5102240480791,10.3613507756906],[-75.5102166289911,10.3613778979397],[-75.5102143461425,10.3614027600152],[-75.5102132046647,10.3614321424728],[-75.5102177700466,10.3614829967464],[-75.5102366028177,10.3615123792648],[-75.5102565769814,10.3615406316907],[-75.5102731269945,10.3615677540107],[-75.5102919597724,10.3615982666203],[-75.5103341908403,10.3616751131734],[-75.5103507408763,10.3616988452053],[-75.5103764219763,10.3617338782064],[-75.510395825482,10.3617587403379],[-75.5104163703803,10.3617824723763],[-75.5104620257999,10.361801684094],[-75.5104991208371,10.3618152453134],[-75.5105504832077,10.3618310667471],[-75.5105961386578,10.3618423677833],[-75.5106320923289,10.3618502785119],[-75.5106680459806,10.3618706202775],[-75.5106857374204,10.36190565324],[-75.5106954391592,10.3619372959051],[-75.5107125598961,10.3619824997167],[-75.5107273978852,10.3620130122938],[-75.5107416651785,10.3620469151532],[-75.5107542203997,10.3620762976311],[-75.5107701997836,10.3621079403024],[-75.5107958809487,10.3621542742152],[-75.5108027292317,10.3621893071567],[-75.5107975929515,10.362215299326],[-75.5107861790123,10.3622582429062],[-75.5107776185412,10.3623011864896],[-75.5107525079323,10.3623441300497],[-75.5107234024851,10.3623678619938],[-75.5107068523304,10.3623791629144],[-75.5106680450711,10.3624028948382],[-75.5106104048904,10.3624254966282],[-75.5105755925205,10.3624288868455],[-75.5105464870949,10.3624322770709],[-75.5104939831789,10.3624424478101],[-75.5104705846935,10.3624469681357],[-75.5104449034294,10.3624514884543],[-75.5103958236888,10.3624560087126],[-75.5103581578437,10.3624582688046],[-75.5103210626861,10.362462789083],[-75.5102822554339,10.3624706996358],[-75.510256574172,10.3624729597502],[-75.5102240445749,10.3624752198416],[-75.5101909442828,10.362477479928],[-75.5101270264522,10.3624887806656],[-75.5100887898826,10.3624978212917],[-75.510070527647,10.3625000814168],[-75.5100391394099,10.3625091220611],[-75.5100328616007,10.3625543258214],[-75.5100431339637,10.3625927490744],[-75.5100842239516,10.3626029200716],[-75.5101190363186,10.3626074405696],[-75.5105053967699,10.3625769290905],[-75.5105944245057,10.3629091770747],[-75.510802728338,10.3628865755128],[-75.5108050110587,10.3629340394869],[-75.5106001313526,10.3629645517186],[-75.5106104036634,10.3630741709089],[-75.5108672167291,10.3630526994863],[-75.5108512371934,10.3631046838179],[-75.5105384959061,10.3631238949273],[-75.5105345007756,10.3632459451288],[-75.5108175659891,10.3632323844616],[-75.5109482549775,10.3636968534391],[-75.5110270109606,10.3639985887213],[-75.5110150262832,10.3640539633437],[-75.5110087485845,10.3640969069298],[-75.5110104606573,10.3641285495761],[-75.5110058950495,10.364171493163],[-75.5109921982769,10.3642144367438],[-75.5109693703497,10.3642392988059],[-75.5109379819497,10.3642664210482],[-75.5109083056402,10.3642912831001],[-75.5108809121211,10.3643127548682],[-75.5108558013911,10.364333096542],[-75.5108164231935,10.3643658692357],[-75.510787317554,10.3643975118438],[-75.5107707672607,10.3644336748441],[-75.5107559290564,10.3644709679403],[-75.5107405201588,10.3645026105628],[-75.5107222577667,10.3645342531802],[-75.5106960055829,10.3645726763505],[-75.5106788845942,10.3645952782115],[-75.5106589101147,10.364615619878],[-75.5106360821383,10.3646370916325],[-75.5106126834623,10.3646574332899],[-75.5105881433884,10.3646766448489],[-75.5105618912204,10.3646935962138],[-75.510535639052,10.3647094174821],[-75.5105088161823,10.364725238747],[-75.510483705406,10.3647410600135],[-75.5104631602219,10.3647546210998],[-75.5104283475515,10.364774962717],[-75.5103952469846,10.3647907839571],[-75.5103615757276,10.3648020848146],[-75.5103313286704,10.3648099953946],[-75.510297657383,10.3648303370008],[-75.5102577083732,10.3648608494346],[-75.510238304566,10.3648755406042],[-75.5102217542588,10.3648879715925],[-75.510194360641,10.3649094433013],[-75.510166396328,10.3649286548171],[-75.5101407147925,10.3649523867156],[-75.5101173160534,10.3649749885254],[-75.5100853567837,10.3650088912478],[-75.5100688064389,10.3650281027946],[-75.5100511146896,10.3650484444308],[-75.5100334229422,10.3650676559716],[-75.5100128776918,10.3650879975952],[-75.5099974687502,10.3651038188593],[-75.5099734992769,10.3651298109394],[-75.5099495297952,10.3651569331121],[-75.5099249896283,10.3651795349032],[-75.5099050150491,10.3652032668052],[-75.5098896060398,10.3652326491967],[-75.5098764797926,10.3652699422576],[-75.5098679191303,10.3653094955255],[-75.5098604998798,10.3653456585149],[-75.5098565048072,10.3653863418959],[-75.5098507976241,10.3654292854583],[-75.5098450904151,10.3654778794923],[-75.5098827565249,10.3654993514427],[-75.5099249882957,10.3655072622744],[-75.5099563768076,10.3655050022093],[-75.5099877653104,10.3655050023298],[-75.5099877651487,10.3655468158215],[-75.5099883357309,10.3655773283716],[-75.509987194195,10.3656123612926],[-75.5099883354426,10.3656519145996],[-75.509984911048,10.3657016387386],[-75.5099814867445,10.3657276308957],[-75.5099786331278,10.3657570133381],[-75.509975208832,10.3657807453064],[-75.5099672188555,10.365823688861],[-75.5099620824115,10.365858721766],[-75.5099569459753,10.3658914944821],[-75.5099124313308,10.365888104023],[-75.5098673459673,10.3658892339327],[-75.5098433765312,10.3658903639263],[-75.5098165535661,10.3658971443776],[-75.5097777458018,10.365922006283],[-75.5097703265368,10.3659559090802],[-75.5097600537189,10.3659999827134],[-75.509755487997,10.3660248447682],[-75.5097520636815,10.3660485767338],[-75.5097469271838,10.3660892601065],[-75.5097389372104,10.3661231629],[-75.5097360835675,10.3661525453395],[-75.509732088495,10.3661875782453],[-75.5097275227045,10.3662260014312],[-75.5097246690223,10.3662632945307],[-75.5097235274281,10.3663039779209],[-75.5097206737021,10.3663503117746],[-75.5097195321497,10.36638195441],[-75.5097206733878,10.3664169873389],[-75.5097218146368,10.3664497600791],[-75.5097235266092,10.3664780124446],[-75.5097246678959,10.3665028745245],[-75.5097355110413,10.3665435579692],[-75.5097469249228,10.3665774608501],[-75.5097589095193,10.3666091035446],[-75.5097703233285,10.366659957839],[-75.509771464527,10.3667051616156],[-75.5097720350491,10.3667447149182],[-75.5097828781987,10.3667876585492],[-75.5098108424498,10.3668249517831],[-75.5098085594295,10.3668724157328],[-75.5098085592741,10.3669074486554],[-75.5098108419193,10.3669447417763],[-75.5098165487814,10.3669820349119],[-75.5098233970256,10.3670249785236],[-75.5098268211039,10.3670566211777],[-75.5098194017677,10.3671018249162],[-75.5098142652365,10.3671481587587],[-75.5098102701551,10.3671843217575],[-75.5098096992567,10.3672283954309],[-75.5098085576398,10.3672758593844],[-75.5098085575195,10.3673029816463],[-75.5098068452941,10.3673289738065],[-75.5098045622997,10.3673696571894],[-75.509791435984,10.3674001696763],[-75.5097549109091,10.3674114704558],[-75.5097012647639,10.3674148604918],[-75.5096573205883,10.3674159903773],[-75.509637916669,10.3674159902832],[-75.5095951139058,10.3674159900715],[-75.5095563060908,10.3674114694977],[-75.5095214932317,10.367401298469],[-75.5095038014726,10.3673922576218],[-75.5094689886858,10.3673696555508],[-75.5094233324885,10.3673560941699],[-75.5094033578695,10.3673560940585],[-75.5093571308343,10.3673662646441],[-75.509336585471,10.3673730450907],[-75.5092954946938,10.3673945166396],[-75.5092658179672,10.3674182484408],[-75.5092429896507,10.3674465006581],[-75.5092252976626,10.3674747529055],[-75.5092041814278,10.3675063954132],[-75.5091750753147,10.3675414281517],[-75.5091414036017,10.3675708103871],[-75.5091105854167,10.3675979324491],[-75.5090643581293,10.3676386155364],[-75.5090409590049,10.3676770385832],[-75.5090403881689,10.3676962501811],[-75.5090341101131,10.3677414539074],[-75.5090169888095,10.3677674459582],[-75.5089758980471,10.3677764864294],[-75.5089467920862,10.3677832667914],[-75.5089211102345,10.3678058684941],[-75.5088977111961,10.3678284702111],[-75.5088606152513,10.3678510718267],[-75.5088029739881,10.367868022814],[-75.5087884809792,10.36789582415],[-75.5086753428551,10.3678689984415],[-75.5082628334451,10.3678368719589],[-75.5079105780463,10.367832279545],[-75.5076881013352,10.3677955652213],[-75.5076643484751,10.3679074818707],[-75.5074359805866,10.3682632679167],[-75.5072130362273,10.3685151657826],[-75.5069691450714,10.3687872549048],[-75.5069561650817,10.3688386224121],[-75.5067355030162,10.3690826176264],[-75.5065278202453,10.3694036652578],[-75.5064994182934,10.3694909508983],[-75.505240584168,10.3693967962453],[-75.5052782416534,10.3689606258294],[-75.5046977375213,10.3689439369856],[-75.5043724151895,10.3689129721282]]],[[[-75.5047448530223,10.3574720071884],[-75.5035101064405,10.3556691102793],[-75.5031406255777,10.3552782437231],[-75.5024932403092,10.3548279589885],[-75.501722338734,10.3546309246229],[-75.5013376520003,10.3546037265518],[-75.5007331422242,10.3546444877943],[-75.4983366981539,10.354959069067],[-75.4978714854609,10.3550030967209],[-75.4975975090574,10.3560988409768],[-75.4992902147442,10.3564666336725],[-75.5003705132564,10.3566327958154],[-75.5018910537285,10.3569567505124],[-75.5018885913369,10.3570361297283],[-75.5017733435276,10.3579569321083],[-75.5023453295267,10.3580302868732],[-75.5026498426628,10.3579773284133],[-75.5030572173449,10.3584621880049],[-75.5050244535699,10.3579366426],[-75.5047448530223,10.3574720071884]]]]},"properties":{"FID":185,"CODIGO":"8970","NOMBRE":"ZONA INDUSTRIAL","UCG":11,"LOC":"LI","ZONA":"UCG 11","Shape__Area":19965417.284179688,"Shape__Length":41530.20596712509}},{"type":"Feature","id":186,"geometry":{"type":"Polygon","coordinates":[[[-75.4801876087835,10.3384270914843],[-75.4783680419246,10.3383619848834],[-75.47720416554,10.3384105590558],[-75.4762212714328,10.3381544372466],[-75.4751292982398,10.3379635038344],[-75.4750489845359,10.3381384068283],[-75.4747438738148,10.3380906691994],[-75.4744548200819,10.3380588342025],[-75.4750010941652,10.3356419301445],[-75.4746799327501,10.3355464873762],[-75.4742463612461,10.3354510314256],[-75.474262502093,10.3347513851411],[-75.471628902732,10.3346874673166],[-75.4716932015995,10.3341786415496],[-75.4719180595933,10.333860646819],[-75.4715006820225,10.3327157176053],[-75.4715489148372,10.3322545903839],[-75.4717577061537,10.3320001991208],[-75.472255538798,10.3318253483038],[-75.4725284978195,10.3321116006966],[-75.4741663954466,10.3326524293207],[-75.4745198098662,10.3315552943509],[-75.474455746995,10.3300764862838],[-75.4769608805757,10.329790539962],[-75.4770250233856,10.3306174050547],[-75.4776191679534,10.3307605772035],[-75.4809592460377,10.3314287537133],[-75.4814409788545,10.3316355127826],[-75.4819388016275,10.3315083495482],[-75.4819711373897,10.3291390887816],[-75.4825652927857,10.3291550431624],[-75.4825808316184,10.3348953405774],[-75.482515438551,10.337469642341],[-75.482023606441,10.338086399194],[-75.4801876087835,10.3384270914843]]]},"properties":{"FID":186,"CODIGO":"8557","NOMBRE":"MEMBRILLAL","UCG":20,"LOC":"LI","ZONA":"Pasacaballos\n","Shape__Area":858771.7763671875,"Shape__Length":4828.9195257401643}},{"type":"Feature","id":187,"geometry":{"type":"Polygon","coordinates":[[[-75.5174700568881,10.2909229073255],[-75.5172155658951,10.290903510633],[-75.5167105311241,10.2912487401963],[-75.513654273885,10.2890552112778],[-75.5136591769518,10.2886464282996],[-75.5132991102791,10.2871191388415],[-75.5148128279251,10.2861522407279],[-75.514973506483,10.2839733172178],[-75.5151722075243,10.2837675828886],[-75.5151767235124,10.2837675828333],[-75.5140037893225,10.2833009069444],[-75.5134896464259,10.2831357702627],[-75.5133449979298,10.2838144050525],[-75.5136105494034,10.28446891136],[-75.5131312030516,10.2849436396499],[-75.5104763433433,10.2842863328743],[-75.5104763460293,10.2831177787365],[-75.5112506760784,10.2829351929655],[-75.5117290683103,10.2808067179646],[-75.5113063300519,10.2806651236658],[-75.5111574571824,10.2799279303986],[-75.5112719743976,10.2789525669297],[-75.5120964946525,10.2780225679378],[-75.5119008913715,10.2777870525107],[-75.5115353618631,10.2772286684074],[-75.510619229861,10.2774781796575],[-75.5104245543783,10.2764120841311],[-75.5096343934577,10.2763100083219],[-75.5096916588609,10.2747675729759],[-75.5114551984591,10.2748016007372],[-75.5116613284108,10.2761512316859],[-75.5122110049722,10.2759924503178],[-75.5123140715411,10.2766162290636],[-75.5117300391814,10.2768430592825],[-75.5123362830589,10.277773289556],[-75.5126141911637,10.2774338324458],[-75.5128752029329,10.2769791526621],[-75.5145039843158,10.2783833781347],[-75.5150144457087,10.2786206320329],[-75.5154771062264,10.2786226659312],[-75.5158531690435,10.2787944771323],[-75.5166107995799,10.27901470517],[-75.5181608341174,10.279797885678],[-75.5181766609612,10.2802678113492],[-75.5197425325804,10.2814425888654],[-75.5204419871491,10.2820591573433],[-75.5204391925326,10.2820618395689],[-75.5203707278144,10.2821149557143],[-75.5204011312122,10.282143543159],[-75.5204130124234,10.2821547147197],[-75.5204700068019,10.2822268331717],[-75.5205456585063,10.2822766917022],[-75.5205740846748,10.2823705222484],[-75.5206025096122,10.282422128677],[-75.520626198156,10.2825018846503],[-75.5206309385923,10.2826097905824],[-75.5207019998384,10.2826989283047],[-75.5207162132433,10.2827552267066],[-75.5207209535736,10.2828584410675],[-75.520725693345,10.2829428891552],[-75.5207209591904,10.2830461037931],[-75.5207162241906,10.2831211690218],[-75.5207446502037,10.2832056164119],[-75.5207920242377,10.2832572222628],[-75.5207872896758,10.2833463621957],[-75.5207581714966,10.2834586338086],[-75.5207838490944,10.2835366101738],[-75.5208409055817,10.2835829425137],[-75.5209110848952,10.2836123234559],[-75.5209801209725,10.2835885890627],[-75.521047444745,10.2835501637673],[-75.5211096352365,10.28358406502],[-75.5211381659987,10.2836496092282],[-75.5211364570888,10.2837434079482],[-75.5212077779445,10.2838055613311],[-75.5212283199073,10.2838756270451],[-75.5212511442666,10.2839558635149],[-75.5212671224017,10.2840349695888],[-75.5212819588911,10.284112946248],[-75.5212996483823,10.2841762307212],[-75.521324184265,10.284245166854],[-75.5213378804361,10.2843265330497],[-75.5213527699114,10.2843381559123],[-75.5213984278545,10.2843737969171],[-75.5214221164422,10.2844441696869],[-75.5214331698867,10.2845423798114],[-75.5214656935492,10.2846079238608],[-75.5214879476859,10.2846847708238],[-75.5215073962055,10.2847209694795],[-75.5215405592336,10.2847866503701],[-75.5215879334795,10.2848335645318],[-75.5216542572928,10.2848945527787],[-75.5216874216072,10.284997766194],[-75.5217063733401,10.2850775222284],[-75.5217016379235,10.2851338211919],[-75.5217158516146,10.2851901195411],[-75.5217111163532,10.2852511100718],[-75.5217395425106,10.2853261742283],[-75.5217679691491,10.2854153130842],[-75.5218627158644,10.2854481509541],[-75.5219195648202,10.2854950647535],[-75.5218902190966,10.2856046581735],[-75.5219056267519,10.285669073289],[-75.5219221756689,10.2857572206813],[-75.5219236737646,10.2857641431119],[-75.5219046968622,10.2859415059507],[-75.521850757142,10.2864651854175],[-75.5206956606177,10.2863086609945],[-75.5206852749985,10.2863517384523],[-75.520350768457,10.2873563542113],[-75.5197445225008,10.2886865660572],[-75.5193710008871,10.2892255381669],[-75.5194202161801,10.2897006312099],[-75.5185808791299,10.2907964662982],[-75.5196729995047,10.2920198104245],[-75.5192433342945,10.2924276116308],[-75.5174700568881,10.2909229073255]]]},"properties":{"FID":187,"CODIGO":"8550","NOMBRE":"PASACABALLOS","UCG":20,"LOC":"LI","ZONA":"Pasacaballos\n","Shape__Area":1190592.921875,"Shape__Length":7066.3644736516244}},{"type":"Feature","id":188,"geometry":{"type":"Polygon","coordinates":[[[-75.5593068649645,10.2385965760883],[-75.5600884523467,10.238119119577],[-75.56071286681,10.2382655026067],[-75.5608936549289,10.2385421546104],[-75.5612715920616,10.2386397482946],[-75.5621259957052,10.2384605877893],[-75.5619289898091,10.2395347861825],[-75.5611402860453,10.2395674586976],[-75.5608116522617,10.2395349584267],[-75.5601051454384,10.2398280201621],[-75.5598093818168,10.2398443397395],[-75.559677949979,10.2399745614777],[-75.559431460905,10.2398606712344],[-75.5590699274837,10.2395840450739],[-75.5589548757762,10.2393724835013],[-75.5571968936282,10.2406259322751],[-75.5545297953564,10.242777673751],[-75.5543216441349,10.2425630826487],[-75.554239473008,10.242465441937],[-75.5541244234476,10.2422538786843],[-75.5539271944296,10.2418795735303],[-75.5538778540666,10.2415377994163],[-75.553910673597,10.2412122897806],[-75.554074947294,10.2409030381093],[-75.5540749232517,10.2407240101754],[-75.5541899130528,10.2404961412643],[-75.5540420100263,10.2403496833623],[-75.553828372561,10.2401381329375],[-75.553680474197,10.2400242254018],[-75.5534175622046,10.2399591585418],[-75.5527109904549,10.2398127720184],[-75.5526453069036,10.2401382857521],[-75.5522166216256,10.2404870998397],[-75.5518451959657,10.2403533727813],[-75.5521657347153,10.2386142749194],[-75.5524525988448,10.2375942143951],[-75.5529252942657,10.2375774324379],[-75.5531618724997,10.2367336495161],[-75.5533841897693,10.2361019238975],[-75.5535648559168,10.2355159906423],[-75.5539098029355,10.2347021819382],[-75.5544190970891,10.2341650307167],[-75.5546326822533,10.2340185248356],[-75.5549120185219,10.2340673132782],[-75.5550270321394,10.2340347472712],[-75.5552406438591,10.234083544271],[-75.555043626351,10.2352228399651],[-75.5546165253891,10.2360366608016],[-75.5545344287271,10.236476104069],[-75.5548795033855,10.2366062601218],[-75.5548303006856,10.2372735528193],[-75.5551425069557,10.2373548871761],[-75.555158956201,10.2374850871166],[-75.555635469313,10.2375175729585],[-75.5563913819795,10.2380220022503],[-75.557650950721,10.2381732165921],[-75.5580310649839,10.2379740761699],[-75.5590186146547,10.2383158410714],[-75.5593068649645,10.2385965760883]]]},"properties":{"FID":188,"CODIGO":"8500","NOMBRE":"SANTA ANA","UCG":20,"LOC":"LH","ZONA":"Santa Ana\n","Shape__Area":376145.533203125,"Shape__Length":3947.9810746099233}},{"type":"Feature","id":189,"geometry":{"type":"Polygon","coordinates":[[[-75.680550608272,10.1457582922872],[-75.6796593652779,10.1449710957015],[-75.6793600666072,10.144521037371],[-75.6792993877395,10.144113704686],[-75.6815073965177,10.1433902541365],[-75.6814349769748,10.1429168758535],[-75.6812818775362,10.1415581289055],[-75.6819524060002,10.1416483693951],[-75.6822531727974,10.1412580631648],[-75.6821085140955,10.1411573358489],[-75.6823963825792,10.1406687194417],[-75.6828208214949,10.1404057840983],[-75.6835383509038,10.1399413642925],[-75.6840576375799,10.1397748697295],[-75.684604417039,10.1397338921935],[-75.6849744846748,10.1396860818245],[-75.6853605045813,10.1396396026069],[-75.6858152480065,10.139545449275],[-75.686577577802,10.1394707418496],[-75.6865777043647,10.1394693035201],[-75.6873413286702,10.1395683509045],[-75.6879429914346,10.1399762778308],[-75.6885113371922,10.1402955305172],[-75.6888781386269,10.1405240276155],[-75.6895186710723,10.140861342375],[-75.6895963583279,10.1409614752298],[-75.6894749407146,10.1414447982547],[-75.6894626125189,10.1426856967638],[-75.6891962697549,10.142764433873],[-75.6889932318685,10.1425156715677],[-75.6886610659862,10.1425727601929],[-75.6879685725059,10.142682566718],[-75.6879742047749,10.1426834406627],[-75.6879229807383,10.1431900514343],[-75.6878351143865,10.1437824536894],[-75.6872713434971,10.1437349956724],[-75.6872292063198,10.1439285636539],[-75.6869734469124,10.1439403335311],[-75.6869366020141,10.1441004187556],[-75.6866192270313,10.1441369314536],[-75.6865945286106,10.1442931841233],[-75.6843384942406,10.1442918625486],[-75.6842590748386,10.1448598477649],[-75.6841725873636,10.1455239308497],[-75.6837457535226,10.1454862821227],[-75.6829910173101,10.1461772478535],[-75.6821072535543,10.1462984936613],[-75.6821813523589,10.145972855617],[-75.6817903666482,10.1459057631239],[-75.681825481779,10.1455197366491],[-75.680550608272,10.1457582922872]]]},"properties":{"FID":189,"CODIGO":"8600","NOMBRE":"BARU","UCG":20,"LOC":"LH","ZONA":"Barú","Shape__Area":485524.4326171875,"Shape__Length":3416.2124838602003}},{"type":"Feature","id":190,"geometry":{"type":"Polygon","coordinates":[[[-75.5547257034635,10.2589911602527],[-75.5546836827795,10.2586170524021],[-75.5550474173059,10.2586031474593],[-75.5548514453687,10.2577718105357],[-75.5547114998221,10.2574254279135],[-75.5554250109163,10.2576470284701],[-75.5557189345574,10.2586307682432],[-75.5562225637598,10.2585891306752],[-75.5565024673504,10.2593373186959],[-75.5564325277135,10.2594066087115],[-75.55679892629,10.260580085536],[-75.5569084028523,10.2609307079519],[-75.5569007921046,10.261013755674],[-75.5568944347472,10.2610831264945],[-75.5570624839369,10.2622608672182],[-75.5569505756969,10.2623440193104],[-75.5570625677179,10.2628428213535],[-75.5567128303758,10.262939862913],[-75.5566708898866,10.2631477095498],[-75.5562837401212,10.263310856506],[-75.5561953213669,10.2638148116932],[-75.555244010896,10.2639238450437],[-75.555266220994,10.26414359753],[-75.5546910468404,10.2642313173226],[-75.5542591898339,10.2642900384927],[-75.5540967950425,10.2637161578639],[-75.5545443364187,10.262676894608],[-75.5545438557501,10.2612747312181],[-75.5545441252858,10.2611250167984],[-75.5545021120553,10.2608063331849],[-75.5545440593136,10.2606400549525],[-75.5549775669722,10.2593236717157],[-75.5546837716389,10.2592682869572],[-75.5546557805193,10.2591851543764],[-75.5547257034635,10.2589911602527]]]},"properties":{"FID":190,"CODIGO":"8501","NOMBRE":"ARARCA","UCG":20,"LOC":"LH","ZONA":"Ararca","Shape__Area":154305.6904296875,"Shape__Length":2047.7409170270921}},{"type":"Feature","id":191,"geometry":{"type":"Polygon","coordinates":[[[-75.5108683280513,10.1817640500161],[-75.5116630836168,10.1813754888128],[-75.5118540311708,10.1813192493892],[-75.5119933713235,10.1813141364383],[-75.5121791580218,10.1812527841915],[-75.5123701051346,10.1811198547815],[-75.512648784259,10.1808897846152],[-75.5129893926989,10.1808182058964],[-75.5133145192437,10.1808182039638],[-75.5134808591285,10.1808436899057],[-75.5135248741972,10.1815219123925],[-75.5135248823026,10.1826447087552],[-75.5134821166261,10.1830401593284],[-75.5134108377278,10.1833296859031],[-75.5134607371194,10.1837180742079],[-75.5130972048324,10.1838875551892],[-75.512705567838,10.1841976658233],[-75.5122307748866,10.1842027802986],[-75.5120992699156,10.1839299291031],[-75.5114292277421,10.1839440534678],[-75.5110942066234,10.1839793615816],[-75.5107235449117,10.1839934844669],[-75.5099964773185,10.1840994067569],[-75.5096685916401,10.1825387891681],[-75.5096761919984,10.182157720307],[-75.5096091037423,10.1818305106806],[-75.5101303408793,10.1815697678909],[-75.5105690051109,10.1813652632176],[-75.5108683280513,10.1817640500161]]]},"properties":{"FID":191,"CODIGO":"8551","NOMBRE":"LETICIA","UCG":20,"LOC":"LI","ZONA":"Pasacaballos\n","Shape__Area":126881.6181640625,"Shape__Length":1504.6114364681362}},{"type":"Feature","id":192,"geometry":{"type":"Polygon","coordinates":[[[-75.5163797995478,10.2006651884621],[-75.5151333173951,10.2007558965707],[-75.5148375285035,10.1995978489093],[-75.5144572352094,10.1984607303853],[-75.514112154122,10.1971561819252],[-75.5137741194131,10.1960260382695],[-75.5139360888772,10.1959562748253],[-75.5150135403106,10.1958446446385],[-75.5157670512728,10.195739991793],[-75.5159360788929,10.1967933975539],[-75.515696645201,10.1968561868469],[-75.515661437814,10.1971143071987],[-75.5160135599625,10.1979235428543],[-75.5162882237185,10.1990118277793],[-75.5163797995478,10.2006651884621]]]},"properties":{"FID":192,"CODIGO":"8552","NOMBRE":"RECREO","UCG":20,"LOC":"LI","ZONA":"Pasacaballos\n","Shape__Area":100363.6826171875,"Shape__Length":1511.6668799477911}},{"type":"Feature","id":193,"geometry":{"type":"Polygon","coordinates":[[[-75.5771727368132,10.3303181048804],[-75.5773049864815,10.3301628340697],[-75.5774470443885,10.3300512236217],[-75.5775400951849,10.3298765553615],[-75.5776331713417,10.3298231710854],[-75.5776625550255,10.3297649488459],[-75.5776968250541,10.3296436571901],[-75.5776967985479,10.3295175221171],[-75.5776820748334,10.3293962405524],[-75.5776820554682,10.3293040646314],[-75.5776379318439,10.3291633842992],[-75.5775987098933,10.3290324050712],[-75.5775594971313,10.3289450888476],[-75.5775104969656,10.3289111391838],[-75.577441897995,10.3288723424753],[-75.5774075903962,10.3288141327433],[-75.5773340930333,10.3287753370163],[-75.5772899899015,10.3287316836159],[-75.5772556843713,10.328683177144],[-75.5772360821059,10.3286589241186],[-75.5771821874844,10.328649232442],[-75.5771135881845,10.3286055846024],[-75.5771135790907,10.3285619221692],[-75.5770694810678,10.3285425257737],[-75.5769616838128,10.328484330982],[-75.5768930845789,10.3284406830947],[-75.5767901869794,10.3283824872476],[-75.5767460950297,10.3283921989039],[-75.5766530081041,10.3283922177944],[-75.5765109276288,10.3283922465756],[-75.5764864374432,10.328421359628],[-75.5764374468893,10.328435923872],[-75.5763933529223,10.3284359327814],[-75.5763541515533,10.3284019809603],[-75.5763002500162,10.3283583299789],[-75.5762757428552,10.3283049697852],[-75.5762463355315,10.328251610577],[-75.5762071371906,10.3282322130753],[-75.5761336355429,10.3281740110952],[-75.5760797430258,10.3281740219326],[-75.5759523524698,10.3281303856555],[-75.5758886504672,10.3280770332918],[-75.5758886643496,10.328144952186],[-75.5758690830397,10.3282225782845],[-75.5758054057908,10.3282905099328],[-75.5757466087191,10.3282662646584],[-75.5757318933216,10.3281789433051],[-75.5757416760785,10.328101319174],[-75.5757318626564,10.3280285505997],[-75.5756779612684,10.3279848995125],[-75.5755652772995,10.3279849220026],[-75.5754379040292,10.3280286092365],[-75.5753399372887,10.3281256562942],[-75.575246858293,10.3281644855756],[-75.5751047794801,10.3281693653759],[-75.5750606963172,10.3282227392382],[-75.5750607090432,10.3282858070725],[-75.5749872251926,10.328314929702],[-75.5749284418549,10.3283586037513],[-75.5748696649411,10.3284313853086],[-75.5747961849386,10.3284799138716],[-75.5747177961699,10.3284799293076],[-75.5746492170845,10.3285381589935],[-75.5745365261198,10.3285042213893],[-75.574433639591,10.3284993905022],[-75.5744091292415,10.3284314758273],[-75.5743797131192,10.328329602951],[-75.5743747990051,10.3282568333757],[-75.5744384746173,10.3281791993083],[-75.5745168609845,10.3281646296021],[-75.5745952321835,10.3280772899207],[-75.5746638209076,10.3280675737423],[-75.574732410991,10.3280675602488],[-75.5747911952769,10.3280287372951],[-75.5748156816886,10.3279802189709],[-75.574825462714,10.3278928921658],[-75.5749087255279,10.3277667406437],[-75.575045877767,10.3276260235272],[-75.5751438375836,10.3274950173967],[-75.5751683009528,10.3273300660693],[-75.5753054503383,10.3271796461407],[-75.5753838147742,10.3270583465264],[-75.575452382972,10.3269516026036],[-75.5753984715673,10.3268545863261],[-75.5755405231592,10.3267187196601],[-75.5757070831282,10.3266410642376],[-75.5759226228022,10.3265003316491],[-75.5761234578157,10.3263256421327],[-75.5761969211763,10.3261994916636],[-75.5761969002575,10.3260976130214],[-75.5762605799748,10.326044235051],[-75.5763438277555,10.3258501636693],[-75.5764221574814,10.325563916731],[-75.5764662284596,10.3254571781136],[-75.5765494909834,10.3253358766397],[-75.5766474534837,10.3252242754439],[-75.5766621234295,10.3250884340745],[-75.5768847952915,10.3250270752324],[-75.5768909616066,10.3249444132186],[-75.5768482420191,10.3248312738327],[-75.5768825299552,10.3247973071151],[-75.5769743766945,10.3246474298015],[-75.5768414100925,10.3245403040225],[-75.5766682504858,10.3244301248299],[-75.5764641749942,10.3243260748129],[-75.5764456340972,10.3243720012063],[-75.5763714452476,10.3244332463841],[-75.5763250642921,10.3244087636645],[-75.5762724973719,10.3243720361459],[-75.5763961179183,10.324136274956],[-75.5764734078857,10.3241209517919],[-75.5766682131348,10.3242494957629],[-75.5768413726423,10.3243596749573],[-75.5769928831746,10.3244361818628],[-75.5770887407542,10.324503515529],[-75.5771165841581,10.3245892321168],[-75.5772000965904,10.3247606595967],[-75.5772526713471,10.3248341250762],[-75.57744124456,10.3247269336063],[-75.5776112717629,10.3246411764091],[-75.5777689326011,10.3245584831818],[-75.5778833104521,10.324481921839],[-75.5779078163942,10.3244269193858],[-75.5780535905244,10.3242562526878],[-75.5781728783111,10.3242037243693],[-75.578292160495,10.3241249439196],[-75.578305393536,10.3240199339731],[-75.5784379119792,10.3238492698543],[-75.5785704660034,10.3238492422251],[-75.5786499541458,10.3236392112345],[-75.5788752316606,10.3233372682563],[-75.5789944858239,10.3231272288401],[-75.5791094894882,10.3231424860526],[-75.5791673145056,10.3231501575189],[-75.5791857274417,10.3230735064056],[-75.5792557342151,10.3229603457372],[-75.5794142009512,10.3228398672207],[-75.5794547392817,10.3228106597071],[-75.5794768427244,10.3227559070071],[-75.579532115869,10.3226865478145],[-75.5796463505285,10.3225624280927],[-75.5797679613751,10.3224565566856],[-75.5798490449863,10.3224309903795],[-75.5799190680142,10.3223944768013],[-75.5800185666665,10.3223032088997],[-75.580114384954,10.3222374908327],[-75.5801807432968,10.3222958745624],[-75.5802286667485,10.3223287131393],[-75.5802581642591,10.3223798049924],[-75.5802544887366,10.3224272540691],[-75.5802508148048,10.3224820028824],[-75.5802766182884,10.3224929469696],[-75.5804129907227,10.3224710185596],[-75.5804424864664,10.3225111607901],[-75.5805235916098,10.3225841401806],[-75.5805457236263,10.3226607826663],[-75.5805973428586,10.3227410686831],[-75.5806710603326,10.3227410528329],[-75.5807963776316,10.3227300762442],[-75.5808958946109,10.3227227550446],[-75.5809474930393,10.3227081444308],[-75.5809296729096,10.3226674101236],[-75.5809694131717,10.3225492685842],[-75.5808236096557,10.3225755521413],[-75.5805717429554,10.3225099764094],[-75.5803993916743,10.322365628917],[-75.5803861221123,10.3223000018239],[-75.5804523672219,10.3221556031532],[-75.5805318766849,10.3220505788888],[-75.5806246320835,10.3219061739104],[-75.5806775987676,10.3216567702596],[-75.5806643032669,10.3214730107948],[-75.5805582606144,10.3214730335852],[-75.5805582491157,10.3214205299831],[-75.5806244997198,10.3213023822043],[-75.5806774922219,10.3211711120856],[-75.5806774403907,10.320934845582],[-75.5803725887883,10.3210267924706],[-75.5804520514911,10.3207117538034],[-75.5805845472701,10.3204492073315],[-75.5804785078313,10.3204623558501],[-75.5803592155215,10.3204886335078],[-75.5803989471255,10.320331114174],[-75.5805447324032,10.320226075692],[-75.5805844753842,10.32012105994],[-75.5803591610652,10.3202392412357],[-75.5804783757651,10.319858564667],[-75.5805313680902,10.3197272939831],[-75.5805710730592,10.319451641648],[-75.5805312617891,10.3192416357497],[-75.5805577202413,10.3190053635265],[-75.5807167570559,10.3188871963585],[-75.5809951027227,10.3188215069699],[-75.5810746105908,10.3187164825569],[-75.5811673537626,10.3185195737901],[-75.5811938406846,10.3184145608254],[-75.5813661238795,10.3182570126115],[-75.5814721421604,10.3181519823399],[-75.5816444565956,10.318138819054],[-75.5817107440941,10.3181913082072],[-75.5817107557802,10.3182438118185],[-75.5817372840003,10.3183225611584],[-75.5817903194221,10.3183881789462],[-75.5818168558681,10.3185063067098],[-75.5818699089066,10.3186506796088],[-75.5818831815464,10.3187294324124],[-75.5821218109974,10.3188868909465],[-75.5822411137446,10.3189131162487],[-75.5823073779325,10.3188605980587],[-75.5823471260555,10.3187818341797],[-75.5824664228752,10.318781807884],[-75.5825592391185,10.3189130461326],[-75.5826520435961,10.318991781324],[-75.5825194998982,10.3190311884659],[-75.5824001941337,10.3189918369312],[-75.5823206660095,10.3190049802079],[-75.582347199758,10.3191099815858],[-75.5823870009984,10.3192674836471],[-75.5824930754052,10.3194118453242],[-75.5826654260166,10.3195561923086],[-75.5828775427013,10.3197005303771],[-75.582970299903,10.3195692504723],[-75.5831161078122,10.3195692180434],[-75.5830233536475,10.3197136237463],[-75.5830896417039,10.3197661126077],[-75.5832487048166,10.3197660771681],[-75.5832619873906,10.319884207176],[-75.5833415007469,10.3198054343066],[-75.583341527653,10.319923567271],[-75.583381281632,10.3198710547833],[-75.5835005968363,10.3199497832192],[-75.5835006118174,10.3200154131575],[-75.5837392280067,10.3201072405349],[-75.5839513093674,10.3200940670805],[-75.5841368798727,10.3200808994744],[-75.58434898848,10.320185858719],[-75.5844550610511,10.3203170934012],[-75.5846671790552,10.3204614302785],[-75.5848129843189,10.3204482713254],[-75.5848130026233,10.3205270264365],[-75.5848130087249,10.3205532785258],[-75.5849323062054,10.3205532513149],[-75.5850383485398,10.3205532270903],[-75.5851576220835,10.3204481925964],[-75.5851841446306,10.3205006901251],[-75.5852504332077,10.3205531785368],[-75.5853167039612,10.3205269112462],[-75.5854757828393,10.3205925046401],[-75.5855950988319,10.3206712322932],[-75.5856879230989,10.3208287217031],[-75.5857674886202,10.32097308839],[-75.5859265616208,10.32101242947],[-75.5860856222455,10.3209992662957],[-75.5862048919133,10.3208811056646],[-75.5863639306537,10.3207760614922],[-75.5865097172593,10.3206841460873],[-75.5866820172019,10.3206053507557],[-75.5869206159138,10.3206184206633],[-75.5872652569994,10.3206314654386],[-75.5874640986191,10.320683922149],[-75.5861185003318,10.3225548865494],[-75.5859065496285,10.3232200488728],[-75.5856237851036,10.3234184817107],[-75.585864249605,10.3242793399127],[-75.5855007109432,10.3244851571913],[-75.5848933068229,10.3239204013517],[-75.5845280948964,10.3242938813658],[-75.5839036516329,10.3247257629358],[-75.5836829202289,10.3251199150981],[-75.5825922840292,10.3256859250049],[-75.5822460438153,10.3258403014463],[-75.5821768772279,10.3262346390307],[-75.5824194359122,10.326971796969],[-75.5819173889727,10.3272119296423],[-75.5813114962105,10.3276235286045],[-75.5807108808547,10.327690305579],[-75.5808052244353,10.3280170073858],[-75.5813356348785,10.3286119939112],[-75.5815832385783,10.3292420477652],[-75.5815085233481,10.3297156198074],[-75.5808373549242,10.3299001177429],[-75.5805973448507,10.330162142856],[-75.5805092021377,10.3303707706608],[-75.580102603039,10.3305843182319],[-75.5796154321423,10.3308299043962],[-75.5789022015228,10.3302983412848],[-75.5782457650111,10.3306574798856],[-75.577163019071,10.3307062165181],[-75.5770675608638,10.3306801623713],[-75.5770747991942,10.3305558418552],[-75.5771286708881,10.3304539522362],[-75.5771727368132,10.3303181048804]]]},"properties":{"FID":193,"CODIGO":"8400","NOMBRE":"BOCACHICA","UCG":20,"LOC":"LH","ZONA":"Bocachica\n","Shape__Area":806175.8330078125,"Shape__Length":6074.5119479271252}},{"type":"Feature","id":194,"geometry":{"type":"Polygon","coordinates":[[[-75.5415123045271,10.3462866796958],[-75.5408882532668,10.3459692954752],[-75.5409741239507,10.3459296072638],[-75.5411000725521,10.3459239269905],[-75.5411172442139,10.3458899137201],[-75.5412031213065,10.3459182488008],[-75.5412775457943,10.3459182418635],[-75.5413576919963,10.345884222697],[-75.5414092101325,10.3458161945182],[-75.5414836275333,10.3457424955672],[-75.5415008040362,10.3457594997913],[-75.5415237054991,10.3457765034759],[-75.5416153048272,10.3457764948443],[-75.5416267531057,10.3457594879251],[-75.5416496474737,10.3457027996344],[-75.5416897238114,10.3457198016841],[-75.5417068986823,10.3457198000588],[-75.5417526994343,10.3457311329458],[-75.5417813242203,10.3457311302309],[-75.5418385726927,10.3457197875679],[-75.5418557354643,10.3455950764528],[-75.5419244321648,10.3455667268467],[-75.5420160319846,10.3455723867142],[-75.5420618327262,10.3455837195575],[-75.5421247989038,10.3454986843284],[-75.5422564616785,10.3453852994097],[-75.542302255148,10.3453229402513],[-75.5424339144239,10.3451755435816],[-75.5425598548209,10.345090502157],[-75.5426457244908,10.3450451448863],[-75.5426457211062,10.3450111332083],[-75.5427602109292,10.3449204242088],[-75.5428804341519,10.3449147438011],[-75.5429663020183,10.3448523806056],[-75.542949123208,10.3448127020066],[-75.543017811649,10.3447049915839],[-75.5431265665812,10.3445179165951],[-75.5432582245622,10.3443648509702],[-75.543470036639,10.3442627947952],[-75.5436188751368,10.3441664136099],[-75.5436818404318,10.3440813773829],[-75.5437219063054,10.3440020136467],[-75.5437161778619,10.3439623332192],[-75.5436932763364,10.34394533021],[-75.5436703654946,10.3438376290809],[-75.543739058962,10.3437809358291],[-75.5437333305188,10.3437525926663],[-75.5436531834218,10.3437582704183],[-75.5436073760221,10.3436845829213],[-75.5435615765082,10.3436845875226],[-75.543561571284,10.3436335692517],[-75.5434356174374,10.3435825647578],[-75.5434069933347,10.3435825676191],[-75.5433440224749,10.3436222537539],[-75.5432867719603,10.3435995849276],[-75.5433039392791,10.3435315607846],[-75.5431779929708,10.3435542466766],[-75.5430749452754,10.3435542568829],[-75.5429890683568,10.3435315919901],[-75.5428974762269,10.3435882861784],[-75.5428058732582,10.3435486153234],[-75.5426627492935,10.3435372920595],[-75.542599751921,10.3432992167876],[-75.5423306818034,10.34331058015],[-75.5424050857527,10.3431121713886],[-75.5424509203354,10.343050757318],[-75.5425023960473,10.3429817839784],[-75.5426225936015,10.3427153471186],[-75.5426569306796,10.3426019711113],[-75.5428229323484,10.3423978852405],[-75.5428400906573,10.3422278245658],[-75.5428973289853,10.3421201154932],[-75.542983189525,10.3419953982685],[-75.5431320331415,10.3419557025498],[-75.543309504703,10.341955684923],[-75.5434240063159,10.3420010225637],[-75.5434927081164,10.3420293582764],[-75.5436873544446,10.3420350079324],[-75.543870553301,10.34205199474],[-75.5439907746429,10.3420406452684],[-75.5440880975187,10.3420406353548],[-75.5442254953447,10.3420406213092],[-75.5442941942576,10.3420406142643],[-75.5443972396721,10.3420235983494],[-75.5444945601284,10.3419895765151],[-75.5446033268144,10.3419328789333],[-75.5447235390657,10.3418365002716],[-75.5447979592427,10.3418081499377],[-75.5448609410277,10.341876165808],[-75.5449010105575,10.3418364817688],[-75.5450155092772,10.341842137834],[-75.545135731714,10.3418421252016],[-75.5452502286604,10.3418421131291],[-75.5453818990121,10.3418137566089],[-75.5454047943391,10.3417740743276],[-75.5454334207331,10.3417967458215],[-75.5453990774366,10.34185343464],[-75.5455593766517,10.3418704240735],[-75.5457483020463,10.3419100838794],[-75.5459372230766,10.3419100637222],[-75.5461146952214,10.3419157131649],[-75.5462864418552,10.3419156945191],[-75.5464181117477,10.3418930057065],[-75.5464925314858,10.3418589858846],[-75.5465783984422,10.3418022903336],[-75.546698612766,10.3417285851377],[-75.5467672947944,10.3415811936037],[-75.5468531475597,10.3413997884711],[-75.5469332785556,10.3412467270188],[-75.54699051255,10.3411163425448],[-75.5469905048482,10.3410483191753],[-75.5468874545918,10.3410256561414],[-75.5468588168053,10.3409066184109],[-75.5470076627693,10.3409009333003],[-75.5470992555289,10.340855574201],[-75.5471450409412,10.3407365281998],[-75.5471393076969,10.3406628368528],[-75.5471450119362,10.3404814405574],[-75.5470648516526,10.3403737458098],[-75.5470190309368,10.3401810180112],[-75.5470247390915,10.3400336333992],[-75.5470304549508,10.3399542721601],[-75.5470991518898,10.33994292729],[-75.547127750382,10.3397161795198],[-75.5472136205174,10.3396934954821],[-75.5472250540641,10.3395517788377],[-75.547299462161,10.3394213923773],[-75.5473337898369,10.3392343242445],[-75.5473852978187,10.3390982717126],[-75.5474425266918,10.3389282068389],[-75.5475054796833,10.3387524726942],[-75.5475398130294,10.3386164220671],[-75.5475970332503,10.3383726651663],[-75.5476542671076,10.3382479491689],[-75.5476771565835,10.3381629173533],[-75.5477172270483,10.3381345697427],[-75.5478088182489,10.338083541822],[-75.5478431520497,10.3379531597727],[-75.5477858992993,10.337913485966],[-75.5477973377764,10.3378171182085],[-75.5479518952216,10.3377093969421],[-75.5480377482432,10.3375449973023],[-75.5481980156889,10.3373125657253],[-75.5482953067736,10.3370517982378],[-75.5483410971809,10.3369837695815],[-75.5484269584789,10.3368930618338],[-75.548461291897,10.3367626797105],[-75.548552872537,10.3366266223424],[-75.5486387350196,10.336547251768],[-75.5487188659451,10.3364111956802],[-75.5488274512506,10.3363406247697],[-75.5489086702728,10.336236050491],[-75.5490467618349,10.3362199474263],[-75.5492254633073,10.3361555788433],[-75.5493310486654,10.336026871247],[-75.5494447629112,10.3359464233266],[-75.5496559674544,10.3359705285532],[-75.5497940637691,10.335994642397],[-75.5499159256394,10.3361152794788],[-75.5499403108334,10.3362439716812],[-75.5500215442723,10.3362600488056],[-75.5501027856349,10.336340473473],[-75.550200268381,10.3363806789285],[-75.5502165275813,10.3364852417535],[-75.5502733995874,10.3365656693234],[-75.5503384077204,10.336750660685],[-75.5504115051843,10.336662173908],[-75.5505089950673,10.3367586833852],[-75.5505008519157,10.3365978154707],[-75.5505089600742,10.3364771628015],[-75.5506957835373,10.33640474897],[-75.5507039006593,10.3363564873031],[-75.5507607647163,10.3363725672247],[-75.550858248564,10.3364208159262],[-75.5509963421287,10.3364207989175],[-75.5512156743259,10.336477075899],[-75.5513700336314,10.3366298821729],[-75.5513781721164,10.3367505328381],[-75.5513700704135,10.3369194461961],[-75.5512969792788,10.337056193858],[-75.5512644947628,10.3371205454554],[-75.5512807604708,10.3372733688897],[-75.5513295158392,10.337402057946],[-75.5512970251749,10.3374181488768],[-75.5513051554923,10.3374744519801],[-75.5513864077156,10.3376353107625],[-75.551402676578,10.3378122645191],[-75.5515245284794,10.337844423085],[-75.551508297485,10.3379650767836],[-75.5515732891709,10.3380133293215],[-75.5517195220829,10.3381339626495],[-75.551808889622,10.3382304727423],[-75.5519699655953,10.3382418102966],[-75.5522032716883,10.3384297948989],[-75.5523044443891,10.3385360608442],[-75.5524218535485,10.3386026717186],[-75.5524425850405,10.3388899547493],[-75.5526213010205,10.3389301490629],[-75.5528243771637,10.3388979491377],[-75.5529462253783,10.3388979333865],[-75.5531898694642,10.3385037729928],[-75.5533349109393,10.3387178234999],[-75.5535717064096,10.3388495911425],[-75.5538804286785,10.3391471578525],[-75.5536611406116,10.3394367507773],[-75.5535962141134,10.3398791487166],[-75.552984236604,10.3394660547663],[-75.5525377018164,10.3394887867778],[-75.552011028661,10.3395852203112],[-75.5517018855677,10.3395739220609],[-75.5516217254165,10.3394775656739],[-75.5514957687494,10.339398220836],[-75.55143278539,10.3393188680972],[-75.5513583480641,10.3392055050848],[-75.551094988332,10.3390694910243],[-75.550883160865,10.3390014937855],[-75.5506599085837,10.3391318993193],[-75.5504595336546,10.3390865748593],[-75.5502935134026,10.3390865950291],[-75.5502247943768,10.338916544911],[-75.5501389148973,10.3388598691448],[-75.550116024639,10.3389335639],[-75.5500129950326,10.3390752916856],[-75.5498412284727,10.3388995852567],[-75.5495606965282,10.338774909224],[-75.5494233019622,10.3387862627683],[-75.5492630080616,10.3387976189578],[-75.5492744427062,10.3386729080806],[-75.5491370413723,10.3386275753546],[-75.5490568992094,10.338672933692],[-75.54875924043,10.3389450620119],[-75.5484787476338,10.3391491646929],[-75.5482726827288,10.3393986074981],[-75.5480380229891,10.3399031410933],[-75.5480208669217,10.3400618642593],[-75.5480437782296,10.3401638967027],[-75.5479923112637,10.3406514034153],[-75.5480037827721,10.3408384663763],[-75.5479751729395,10.3409631791531],[-75.5479751874479,10.3410878886629],[-75.5477233061487,10.3412012895774],[-75.5477519429767,10.3413089899997],[-75.5477347893125,10.3414903875931],[-75.5475859437377,10.3415017416542],[-75.5475229850375,10.3416321268753],[-75.5475688023604,10.3417908429003],[-75.5475287431473,10.3419212255363],[-75.5474600548982,10.3420119310909],[-75.5472253596279,10.3422330333414],[-75.5472196444244,10.3423180631864],[-75.5470078470704,10.342527825489],[-75.5470250365451,10.3426582016933],[-75.5470823087254,10.342862265413],[-75.5470136150056,10.3429076219605],[-75.5468361256711,10.3427545890636],[-75.546641484056,10.3427999594307],[-75.5464926568134,10.3429813713936],[-75.5464411490839,10.3431287609805],[-75.5463953838949,10.343434871107],[-75.546280927119,10.3438090120643],[-75.5460519146066,10.3436673215745],[-75.5460290261737,10.3437693590883],[-75.5458801757293,10.3437467006843],[-75.5455195235591,10.3439111290711],[-75.5453993154916,10.3440528571792],[-75.5451874773578,10.3439054956406],[-75.5451874938184,10.3440585481974],[-75.5450500961853,10.3440642312691],[-75.5448440114942,10.3441832937238],[-75.5447581514049,10.3443136807781],[-75.5445348898465,10.3444157389827],[-75.5440368671926,10.34486361054],[-75.5439223683659,10.3448636221849],[-75.543739174329,10.344903321023],[-75.5435731632046,10.3450223786137],[-75.5436017943196,10.3450847304794],[-75.5433957332513,10.3454475423565],[-75.5435217251038,10.3458670070912],[-75.5433728750012,10.3458556847599],[-75.5432011239241,10.345833027409],[-75.5430465426051,10.3457593507555],[-75.5429377678409,10.345753692873],[-75.5428118335207,10.3459010891818],[-75.542554229437,10.346093847179],[-75.542411122143,10.3462639194498],[-75.5422851656233,10.3461902396595],[-75.5419932233222,10.3465077099934],[-75.5415123045271,10.3462866796958]]]},"properties":{"FID":194,"CODIGO":"8450","NOMBRE":"CAÑO DEL ORO","UCG":20,"LOC":"LH","ZONA":"Caño del Oro\n","Shape__Area":313547.4599609375,"Shape__Length":5280.1941473598526}},{"type":"Feature","id":195,"geometry":{"type":"Polygon","coordinates":[[[-75.5746994616309,10.3808276159584],[-75.574597558604,10.3807872838395],[-75.5744956637154,10.3807873039346],[-75.5744956556031,10.3807469516881],[-75.5744956353225,10.3806460710712],[-75.5743325873908,10.3805653986615],[-75.5742408679162,10.3804948002397],[-75.5741389610221,10.3804342918496],[-75.5741389388398,10.3803233231682],[-75.5740981728831,10.3802829789035],[-75.5741491141956,10.3802527047375],[-75.5742510149722,10.3802829489393],[-75.5742713858343,10.3802425926906],[-75.5742713757304,10.3801921523805],[-75.574271361585,10.3801215359461],[-75.5743121133883,10.3800912637546],[-75.5743272673078,10.3800612426397],[-75.5743413812884,10.3799983027876],[-75.5743865875271,10.3800038883056],[-75.5744054830704,10.3799805501635],[-75.5743291884478,10.3798948829329],[-75.5742976280241,10.3797744596189],[-75.5743111292683,10.3797030913278],[-75.5743111167525,10.379640646396],[-75.5743561712439,10.3796540185988],[-75.5743516589065,10.3796183366663],[-75.5743426413902,10.3795826556192],[-75.574324607258,10.3795157538762],[-75.5743246045756,10.3795023728193],[-75.5743020661678,10.3794399323122],[-75.5742795277692,10.3793774918033],[-75.5743471027407,10.3793640974698],[-75.5743380879154,10.379341797479],[-75.5743200546923,10.3792793560871],[-75.5742479647384,10.3792436874228],[-75.5743065293328,10.3792302948661],[-75.5743200412812,10.3792124508013],[-75.5743200296583,10.3791544662201],[-75.5743425403228,10.3790786358022],[-75.5743875714646,10.3789760388381],[-75.5744506241522,10.3788778986722],[-75.5744731320773,10.3787886871867],[-75.5744415806696,10.3787128674035],[-75.5743604688685,10.3786192159529],[-75.5743514433304,10.3785433917305],[-75.574315384131,10.3784541917611],[-75.5742531553236,10.378335434082],[-75.5742522879422,10.3783359748912],[-75.5741982109744,10.3782601595612],[-75.5741666643766,10.378206641077],[-75.5741486313025,10.3781442001282],[-75.5740675196621,10.3780505481285],[-75.5740179510532,10.3779925732476],[-75.5739593715776,10.3779301402122],[-75.5738841544782,10.3778921531093],[-75.5738767464346,10.3778043468085],[-75.5737732560956,10.3777092421625],[-75.5737215015075,10.3776141268406],[-75.5736032252242,10.3774970732223],[-75.5734569871765,10.3774048744377],[-75.5732936540618,10.377296185102],[-75.573228875304,10.3772097779433],[-75.5732908130535,10.3771679500107],[-75.5733077013662,10.3771372822808],[-75.5732879775434,10.3770675928092],[-75.5732260123636,10.376970034758],[-75.5730964589274,10.3768139473615],[-75.5728486295094,10.3765742506808],[-75.5727190910842,10.3764962196047],[-75.5726824703423,10.3764098076431],[-75.5725332247889,10.3763401428766],[-75.5724149386235,10.3762091425021],[-75.5723670525126,10.3761087932852],[-75.5724374393904,10.3760781155379],[-75.5723923754643,10.3760140062964],[-75.5722543805991,10.3758857973431],[-75.5720910497646,10.3757826828419],[-75.5718967548314,10.3757213895024],[-75.5716996522422,10.3757047002798],[-75.5717052702829,10.3756350059306],[-75.5717587602544,10.3755903927271],[-75.5717318954921,10.3754486070894],[-75.5715284519539,10.3752153961342],[-75.5705862053784,10.3744134199296],[-75.5704919574622,10.3742082357255],[-75.5705861385675,10.3740589808052],[-75.5705861174699,10.373947052659],[-75.5705295463079,10.3737045521117],[-75.5703976185385,10.3735180295147],[-75.5698511471298,10.3732009999198],[-75.5694366105706,10.3731078018264],[-75.5689844078067,10.3731078834363],[-75.5681739750738,10.3718021995089],[-75.5686636722938,10.3707761041007],[-75.5714903611724,10.3730887684833],[-75.5718860960367,10.373387169088],[-75.5721914011733,10.3733629342873],[-75.573465019457,10.3731710164501],[-75.5740356110058,10.3731406413374],[-75.5743414472502,10.3732141010373],[-75.5743413488168,10.3734432233441],[-75.5743413892508,10.3736449849984],[-75.5743414155333,10.3737761298986],[-75.5742089893827,10.373947652891],[-75.5746777713134,10.3743208187248],[-75.5749936429399,10.3743409328113],[-75.5751362969567,10.3743610805138],[-75.5752178647522,10.3746233540709],[-75.575778244097,10.3744719204373],[-75.5760719861514,10.3744566061811],[-75.5766272491221,10.3747269767389],[-75.5760986065699,10.3753400523902],[-75.5764652130304,10.3760912018087],[-75.576748038826,10.376456224661],[-75.576443011933,10.3769871551268],[-75.576614078532,10.3772235034595],[-75.5764586911124,10.3776237389034],[-75.5764276942383,10.3780932150826],[-75.5770808051163,10.3787318686867],[-75.5773700972989,10.3783295790351],[-75.5778270928181,10.3782646146331],[-75.5781123447586,10.3780224418388],[-75.5783147491774,10.3778844630305],[-75.5785504845839,10.3780021741657],[-75.5784689909488,10.3781030718685],[-75.5783161692803,10.3781938963958],[-75.5782343527256,10.3784458767948],[-75.57817084154,10.3785386660679],[-75.5780615412682,10.378698352628],[-75.578051398963,10.3789202921157],[-75.5780819951003,10.3790514305597],[-75.5781635148464,10.3790715897028],[-75.5782145028006,10.3792632522551],[-75.5782145392987,10.3794347493053],[-75.5781534155027,10.3794952904235],[-75.5780209698268,10.3795760224976],[-75.5780209933756,10.3796869911756],[-75.5780210319107,10.3798685762835],[-75.5778886052738,10.3800401008553],[-75.5775829617636,10.3802318373384],[-75.5773821415189,10.3805557737225],[-75.5772743803423,10.3806625066737],[-75.5770896307753,10.3807692553904],[-75.5768663757822,10.3808226564924],[-75.5767509075684,10.3808912798556],[-75.5765507600132,10.3809980314047],[-75.5763352162187,10.3811124081493],[-75.5763121354617,10.3811886348037],[-75.5760581144975,10.3813868633316],[-75.5758000735203,10.3815436488609],[-75.5756370578291,10.3816243860975],[-75.5755160426811,10.3816216349449],[-75.5754230677083,10.3815739886512],[-75.5753211417466,10.3814226880944],[-75.5753007298641,10.3812612831843],[-75.5751885981612,10.3810292801244],[-75.575045928843,10.3809486040205],[-75.5748726890834,10.380857845852],[-75.5746994616309,10.3808276159584]]]},"properties":{"FID":195,"CODIGO":"8350","NOMBRE":"TIERRA BOMBA","UCG":20,"LOC":"LH","ZONA":"Tierra bomba\n","Shape__Area":421340.7421875,"Shape__Length":4273.3062472620031}},{"type":"Feature","id":196,"geometry":{"type":"Polygon","coordinates":[[[-75.557228653826,10.3647807675503],[-75.5569858825731,10.3658689872746],[-75.5569356540781,10.3658237912384],[-75.5568745851477,10.3657955464804],[-75.5568140877441,10.3657752135174],[-75.5567119282149,10.3657435862233],[-75.5566468648415,10.3657266433611],[-75.5565818031319,10.3657130911292],[-75.5565150297943,10.3657040603692],[-75.5564220059945,10.3656995533737],[-75.5563535218371,10.3657006924374],[-75.5562850378409,10.3657029620868],[-75.5562165541664,10.3657074929222],[-75.5561486423522,10.3657142825494],[-75.556048201095,10.3657323780735],[-75.5559865697545,10.3657595083386],[-75.5559232256389,10.3657832493435],[-75.5558581687496,10.3658035999301],[-75.5557936827031,10.3658273410681],[-75.555726912395,10.3658397811352],[-75.5556590003821,10.3658454412159],[-75.5555916558196,10.3658386703867],[-75.5555237414215,10.3658273783778],[-75.5554558284559,10.3658262582856],[-75.5553873449001,10.3658319172304],[-75.555294322595,10.3658466220135],[-75.5552269826799,10.3658647127421],[-75.5551642088572,10.3658884535196],[-75.5550991520539,10.3659099333959],[-75.5550340952417,10.3659314144162],[-75.5549684670366,10.3659540249442],[-75.5549016972951,10.365970986084],[-75.5548332154919,10.3659811661548],[-75.5547664452686,10.3659947354657],[-75.5547002458795,10.3660116964865],[-75.5546095077015,10.3660377009798],[-75.5545438803017,10.3660580513777],[-75.5544782528933,10.3660784017623],[-75.5544131956939,10.3660976226137],[-75.5543475669453,10.3661168423715],[-75.5542825103474,10.3661405832832],[-75.5542174532772,10.3661609335382],[-75.554151254992,10.3661778944459],[-75.5540896220774,10.3662038949049],[-75.554029703682,10.366237804697],[-75.5539675002199,10.3662626757655],[-75.5539012995065,10.3662705952913],[-75.5539178329168,10.3661383718776],[-75.5539115451146,10.3660716973814],[-75.5538909914595,10.3660084142651],[-75.5536855740734,10.3660864006393],[-75.5536967368378,10.3659202840478],[-75.5537648466282,10.365859258857],[-75.5536946414097,10.3657869421196],[-75.5536215850686,10.3657372273344],[-75.5535251296452,10.3656886462124],[-75.55332652114,10.3656536398736],[-75.5532312143265,10.3656547817841],[-75.5531210705746,10.3656627068879],[-75.5530537284722,10.3656649757005],[-75.5529852452058,10.3656728953346],[-75.5529196164301,10.3656830746275],[-75.5528534165575,10.3656966446248],[-75.5527866469038,10.3657147347691],[-75.5527215899724,10.3657362153224],[-75.5526588162818,10.3657622156553],[-75.5525949016889,10.3657870855223],[-75.5525304152492,10.3658096954067],[-75.5524516616201,10.3658345683088],[-75.5523837510226,10.3658515279155],[-75.5523152681404,10.3658628380508],[-75.5522473548894,10.3658684962544],[-75.5521811568517,10.3658877168006],[-75.5520949852773,10.3659250213782],[-75.5520105272823,10.3659634551584],[-75.5519340575441,10.3659984972612],[-75.5518701422601,10.3660278882285],[-75.551781117004,10.3660516316647],[-75.5517137756718,10.3660697216585],[-75.5516447227802,10.3660844212096],[-75.5515773815889,10.3660946004441],[-75.5515094695875,10.3661013890922],[-75.5514432695654,10.3661149587994],[-75.5513827789271,10.3661454786846],[-75.5513177210913,10.3661613082668],[-75.5512635001378,10.3661296721015],[-75.5512543611797,10.3660641285067],[-75.551265767308,10.3659985811958],[-75.5512700686708,10.3659221911087],[-75.5512117478349,10.3659465125316],[-75.5511902446551,10.3658249443894],[-75.5511898343135,10.365769181762],[-75.5511253424813,10.3657499776671],[-75.5510637039955,10.365723993075],[-75.5509980721503,10.3657104409404],[-75.550910750347,10.3656731581204],[-75.5509061760422,10.3656110034368],[-75.5508468195451,10.3655793678335],[-75.5507806172261,10.3655646851242],[-75.5507121325065,10.3655613028995],[-75.5506447899825,10.3655601817211],[-75.5505768766243,10.3655647101287],[-75.5505095353677,10.3655737596964],[-75.5504416210202,10.3655703773445],[-75.5503719948581,10.365561344499],[-75.5503029386509,10.3655489220824],[-75.5502373068744,10.3655353697922],[-75.5501682516556,10.3655308569206],[-75.5501003395513,10.3655455571594],[-75.5500369951698,10.3655704264501],[-75.549974791799,10.3655975556344],[-75.5499120173524,10.365619035345],[-75.5498321190808,10.3656133942627],[-75.5497659168762,10.3656088821193],[-75.5496997157042,10.3656032393617],[-75.5496363697641,10.3656156777553],[-75.5495718825949,10.3656337669602],[-75.5494857144831,10.3657015831641],[-75.5494183615231,10.3656145742872],[-75.5493515888157,10.3656089315258],[-75.5492853871048,10.3655987685958],[-75.5492180423179,10.3655886057871],[-75.5491506988401,10.3655795724074],[-75.5490844967346,10.3655660199491],[-75.5490171515544,10.3655524664544],[-75.5489543726723,10.3655276121914],[-75.5489041452431,10.3654812842949],[-75.5488516355803,10.3654383461443],[-75.5488002675732,10.3653931489652],[-75.5487534644818,10.3653445594434],[-75.5487209266128,10.3652869292337],[-75.5486735503588,10.3652146087295],[-75.5486107674527,10.3651648916042],[-75.5485508392919,10.3651196953795],[-75.5484949055782,10.3650801482111],[-75.5484372614346,10.3650462519186],[-75.5483761930103,10.3650146160552],[-75.5483151249973,10.3649863708242],[-75.5482512033377,10.3649626459977],[-75.5481598879299,10.3649321441756],[-75.5480931145954,10.364919721021],[-75.547993240307,10.3649005203515],[-75.5479258979317,10.3648993986031],[-75.5478574143046,10.3649039265015],[-75.5477889308065,10.3649095849857],[-75.5477221601087,10.3649197633484],[-75.5476605218022,10.3648915180574],[-75.5475994541376,10.3648655327338],[-75.547534392597,10.3648485891818],[-75.5474676194344,10.3648372953404],[-75.5474002769443,10.3648350428815],[-75.5473323631753,10.3648350505164],[-75.547266164017,10.3648452287203],[-75.5472011064976,10.3648633175146],[-75.5471126505436,10.3648881890399],[-75.54709437802,10.3647989141428],[-75.5470321686394,10.3647740582817],[-75.5469653961512,10.3647684161811],[-75.5468980543185,10.3647718131477],[-75.5468301413487,10.3647684311893],[-75.5467627991322,10.3647684386406],[-75.5466948862675,10.3647763568726],[-75.5466275449378,10.3647842738701],[-75.5465590613162,10.3647888026493],[-75.5464905780718,10.3647967209008],[-75.5464266583867,10.3647786463987],[-75.5463621670441,10.3647594413459],[-75.5462965349697,10.3647402375617],[-75.546230902111,10.3647244232512],[-75.5461635595277,10.3647210399327],[-75.5460956468261,10.3647199167058],[-75.5460294444854,10.3647120131479],[-75.5459643829353,10.3646939386773],[-75.5458981797331,10.3646781255176],[-75.5458319778302,10.3646634406303],[-75.5457657757555,10.3646577970619],[-75.5456984334384,10.3646566748469],[-75.5456316614913,10.3646555513996],[-75.5455643195445,10.3646578186437],[-75.5454964044605,10.3646453950713],[-75.5454410417692,10.3645968071329],[-75.5453759803987,10.3645798631435],[-75.5453092072465,10.3645674382528],[-75.5452424342218,10.3645561451061],[-75.5451745210713,10.3645505015968],[-75.545106607119,10.3645482487177],[-75.5450386942151,10.3645448652236],[-75.5449707802649,10.3645426123158],[-75.5449022973564,10.3645426194972],[-75.5448343834075,10.3645403665606],[-75.5447658992104,10.3645392431125],[-75.5446979861918,10.3645347301031],[-75.5446289309081,10.3645268265537],[-75.5445707164585,10.3644997109136],[-75.5445336154365,10.3644432101911],[-75.5445079270591,10.3643810575944],[-75.5444753914717,10.3643256858355],[-75.5444342923515,10.3642386731856],[-75.5443903426401,10.3641855626402],[-75.544344682075,10.364134713466],[-75.5442967380681,10.3640872540073],[-75.544244800682,10.3640431855959],[-75.544190579617,10.3640002480108],[-75.5441346466467,10.363960700079],[-75.5440730083759,10.3639279340093],[-75.5440085165265,10.3639008189073],[-75.543943454789,10.363878222781],[-75.5438641256732,10.3638556292475],[-75.5437962118799,10.3638420747141],[-75.5437300086143,10.3638228704619],[-75.5436643767772,10.3638025355378],[-75.5435993153168,10.3637822005428],[-75.5435188442287,10.3637584764383],[-75.5434515003768,10.3637404016866],[-75.5433847269005,10.3637223268636],[-75.5433179535469,10.3637053814702],[-75.5432534620373,10.3636805262601],[-75.5431912529487,10.3636534096088],[-75.5431233340804,10.3635890010497],[-75.5431170487525,10.3635121555471],[-75.5430257291258,10.363430798378],[-75.5429789271,10.3633810785629],[-75.5429298427921,10.3633347496105],[-75.5428773341845,10.3632906810318],[-75.5428168373623,10.3632624346951],[-75.5427506350686,10.3632511398158],[-75.5426832930607,10.3632500169686],[-75.5426170927311,10.3632466327945],[-75.5425474655706,10.3632319487201],[-75.5424852569031,10.3631957917547],[-75.5424184840444,10.3631822368183],[-75.5423499990333,10.3631698126344],[-75.5422809437717,10.3631585179344],[-75.5422147415188,10.3631472229446],[-75.5421468282806,10.3631370587064],[-75.5420829083416,10.3631223739823],[-75.5421074422763,10.3630624764071],[-75.5421091475692,10.3629912808029],[-75.5420657701796,10.3629404310805],[-75.5420172563303,10.3628929713317],[-75.5419613234976,10.3628500335302],[-75.541901968083,10.3628150056215],[-75.5418403304867,10.3627844991645],[-75.5417746973799,10.3627596437644],[-75.5417067833647,10.3627404380988],[-75.5416382986952,10.3627302738069],[-75.5415703857826,10.3627223694906],[-75.5415469528411,10.362203982765],[-75.5413001720717,10.3617154202857],[-75.5423910367871,10.3612881471968],[-75.5436776415255,10.3617088404839],[-75.5449757112952,10.3618906833119],[-75.5461129367982,10.3618450678275],[-75.5467009060971,10.3617691571003],[-75.5477427056038,10.3620676205882],[-75.5481539798615,10.3625018719452],[-75.5491409597687,10.3628546244585],[-75.5501553803319,10.3633973761083],[-75.5512245655941,10.3633972448794],[-75.5521293030738,10.3637228547618],[-75.5526775859143,10.3635870663365],[-75.5529790972289,10.3631798726954],[-75.5537467315083,10.3632883466696],[-75.5539386953318,10.3637226194904],[-75.554404776935,10.3639125627237],[-75.5550901720747,10.364048188152],[-75.5553643835104,10.3644824488609],[-75.5562142438386,10.3644280437896],[-75.5568722847229,10.3649708238096],[-75.557228653826,10.3647807675503]]]},"properties":{"FID":196,"CODIGO":"8352","NOMBRE":"PUNTA ARENAS","UCG":20,"LOC":"LH","ZONA":"Punta Arenas","Shape__Area":438927.41015625,"Shape__Length":4225.1709403011482}},{"type":"Feature","id":197,"geometry":{"type":"Polygon","coordinates":[[[-75.4982178822805,10.517264848678],[-75.4978445143867,10.5171026628494],[-75.4975782583242,10.5169842702794],[-75.4972078137016,10.5168582354046],[-75.4968916240919,10.5166898809185],[-75.4963021709223,10.5167896326063],[-75.4962866764437,10.5164288930031],[-75.4958290893811,10.5162139628811],[-75.495270658369,10.5163520906347],[-75.494938835735,10.5163005896814],[-75.4948983828402,10.5162139163983],[-75.493882382939,10.5158300977678],[-75.49483878469,10.5152449585653],[-75.4951664975189,10.5149855390639],[-75.4957818634006,10.5145892086481],[-75.4959987290606,10.5144802296913],[-75.4964773295284,10.5142397234129],[-75.4970057581175,10.5140645516496],[-75.4971946355902,10.5140019393325],[-75.497638853485,10.5138902569156],[-75.4978791652046,10.5138938703824],[-75.4981559640774,10.5136351676637],[-75.4983379661517,10.5133209675639],[-75.4985491449647,10.5134182646605],[-75.49875524846,10.5133708459713],[-75.4991487562584,10.5134236644868],[-75.499562275894,10.513403878688],[-75.4999090760922,10.5140111293655],[-75.5000157856175,10.5141563422643],[-75.5000091078548,10.514380756116],[-75.4998503586825,10.5148111104539],[-75.4995886161356,10.5151246422203],[-75.4994508562266,10.5153018561063],[-75.4993754445094,10.5155292051608],[-75.4991553334985,10.5158064142522],[-75.4984949681272,10.5173706864383],[-75.4982178822805,10.517264848678]]]},"properties":{"FID":197,"CODIGO":"8651","NOMBRE":"MANZANILLO DEL MAR","UCG":20,"LOC":"LV","ZONA":"La Boquilla","Shape__Area":161737.7431640625,"Shape__Length":1824.7135449389559}},{"type":"Feature","id":198,"geometry":{"type":"Polygon","coordinates":[[[-75.47186562265,10.4939195270141],[-75.473075097017,10.4922740817343],[-75.4736949542024,10.4913765593977],[-75.474208970946,10.4907034225311],[-75.4750404781648,10.4894917633414],[-75.4745792210465,10.4893043992733],[-75.4743758792251,10.4853328240373],[-75.4757816456953,10.4851085845722],[-75.476204780083,10.4859912679269],[-75.476038489031,10.4861707688705],[-75.4772173587769,10.4874724117963],[-75.4777009404643,10.488564538645],[-75.477897442333,10.4885795192258],[-75.4781392451241,10.489028342606],[-75.4780031817326,10.4892377675584],[-75.4781089644972,10.4894920975262],[-75.4777763983017,10.4896865419237],[-75.477957743653,10.4900904792399],[-75.4782599394678,10.4912125059307],[-75.4763703983739,10.4918256618621],[-75.4761286161984,10.4911973179923],[-75.4755542148887,10.4912122140361],[-75.4752670254366,10.491122422089],[-75.4741970670351,10.4925401875455],[-75.4739064085699,10.4927678581825],[-75.4724701436589,10.4948471170479],[-75.4721942691462,10.4953580908172],[-75.4707012303693,10.4975097640937],[-75.4703384561297,10.4974199580701],[-75.4703385731519,10.4969032904864],[-75.4703687942852,10.4966121257913],[-75.47186562265,10.4939195270141]]]},"properties":{"FID":198,"CODIGO":"8652","NOMBRE":"TIERRA BAJA","UCG":20,"LOC":"LV","ZONA":"La Boquilla","Shape__Area":310561.2099609375,"Shape__Length":3872.969635497454}},{"type":"Feature","id":199,"geometry":{"type":"Polygon","coordinates":[[[-75.4610814149246,10.4842286946064],[-75.4612574846503,10.4824888976459],[-75.4610646745263,10.4809928190617],[-75.461246767772,10.4802724172075],[-75.4607875192991,10.4801008137103],[-75.4605276284545,10.4796290619728],[-75.4606750029341,10.4792602935806],[-75.4605584659922,10.4789761913767],[-75.4591425009631,10.4783973057927],[-75.4590388340823,10.478323835736],[-75.4594674118606,10.4777475885925],[-75.4607857615576,10.4780848912764],[-75.4618843710152,10.4784765240709],[-75.4623215159794,10.4789003354367],[-75.4627115258019,10.4785144501351],[-75.4631360976108,10.47877181118],[-75.4627980547046,10.4793292359928],[-75.4626127140352,10.4797091234014],[-75.4629667097608,10.479841896774],[-75.4632745551834,10.4800154324477],[-75.4635171822989,10.4800755047744],[-75.4636991190431,10.4803414051586],[-75.4637684085354,10.480572982449],[-75.4641670299112,10.4805473119562],[-75.4647732767529,10.4828630703851],[-75.464643221357,10.4833347617702],[-75.4644698319814,10.4838407529324],[-75.4629052706577,10.4840658681798],[-75.4610814149246,10.4842286946064]]]},"properties":{"FID":199,"CODIGO":"8653","NOMBRE":"PUERTO REY","UCG":20,"LOC":"LV","ZONA":"La Boquilla","Shape__Area":225438.4658203125,"Shape__Length":2485.7386283307364}},{"type":"Feature","id":200,"geometry":{"type":"Polygon","coordinates":[[[-75.437978115617,10.5461571036964],[-75.4379537286864,10.5456577798443],[-75.4379953633557,10.5452057736519],[-75.4380473725516,10.5447845891018],[-75.4380163141277,10.5444147507659],[-75.4366666671237,10.5444041626078],[-75.4367810607153,10.5436028886952],[-75.436864271135,10.5429557036997],[-75.4370200557564,10.5427194592232],[-75.4376636970805,10.5428634326969],[-75.4378299188587,10.5423909091967],[-75.4377676423587,10.5423292562173],[-75.4378818377163,10.5419746871847],[-75.438209072571,10.5416947698727],[-75.4377140623918,10.5410034226803],[-75.4373516313618,10.5405570995167],[-75.4375108126049,10.5404783885938],[-75.4377583966091,10.5404871959223],[-75.4381474522091,10.5405222850851],[-75.4386868280607,10.5405574082464],[-75.4389255045044,10.5408462056049],[-75.4389696266213,10.5412312060222],[-75.4388060337115,10.5414460097812],[-75.4392348716556,10.5413450135954],[-75.4394293737268,10.5414763044718],[-75.4395708236307,10.5415988334447],[-75.4396503728353,10.5417388479254],[-75.4397034514395,10.5416338625579],[-75.439783059195,10.541520133388],[-75.4401191302311,10.5412577156341],[-75.4403136366292,10.5413715064096],[-75.4407116435129,10.5409341062696],[-75.4411802319773,10.5411879539364],[-75.4414896326362,10.5415555130344],[-75.4417636291267,10.5420805601089],[-75.4420111285851,10.542474354438],[-75.4414802625802,10.5439004520284],[-75.4423468176692,10.5439268911313],[-75.4421609973282,10.544504336077],[-75.4420194200147,10.5449417941038],[-75.4420901111167,10.5451605540264],[-75.4426735802499,10.5457731654629],[-75.4418422058309,10.5465692140958],[-75.4411261268216,10.5458340749146],[-75.4405955979578,10.5457377093897],[-75.4402858997417,10.5466563668009],[-75.437978115617,10.5461571036964]]]},"properties":{"FID":200,"CODIGO":"8200","NOMBRE":"PONTEZUELA","UCG":20,"LOC":"LV","ZONA":"Pontezuela","Shape__Area":288174.16796875,"Shape__Length":2906.6871525079719}},{"type":"Feature","id":201,"geometry":{"type":"Polygon","coordinates":[[[-75.389241072052,10.5389755514761],[-75.388642430226,10.5381695478522],[-75.3876492062363,10.5360292340065],[-75.3886782785946,10.5357189991666],[-75.389114117474,10.5361160896466],[-75.3894278446161,10.5365994200069],[-75.3896677713011,10.5367845197856],[-75.3892424645328,10.5354359279304],[-75.3893986538106,10.5353095728867],[-75.389455470436,10.5352112718323],[-75.3897394264745,10.535042827324],[-75.3897394649885,10.5349445044322],[-75.3903355715216,10.5344080671752],[-75.3908762903337,10.5341839257532],[-75.3937012311563,10.5349615734544],[-75.3949044262607,10.5353589398503],[-75.3953057994496,10.5346687874531],[-75.3923951326483,10.5300427015168],[-75.391593195562,10.5293175850847],[-75.3914196404935,10.5271430752809],[-75.3906363657361,10.5232943564693],[-75.3913161244515,10.5242437767012],[-75.3919429264035,10.5268671527155],[-75.3921167830685,10.528265075196],[-75.3934063937342,10.530647091383],[-75.3938247137776,10.5312512588876],[-75.3957257670873,10.5308722927402],[-75.3966254221721,10.5305365844365],[-75.3969816045252,10.5303550231964],[-75.397557013542,10.5306140925587],[-75.3976561591343,10.5302038456784],[-75.3985736255311,10.5276367529444],[-75.3990056050168,10.5275427743757],[-75.3997632484718,10.5280655832574],[-75.4001460438541,10.5293158241069],[-75.3999814046386,10.5297865931546],[-75.4002254030291,10.5302181161436],[-75.4004519502427,10.530684147832],[-75.4010975497684,10.5297352105245],[-75.401498822525,10.5292693972719],[-75.402632115163,10.53004637509],[-75.4032540001441,10.5309883889314],[-75.4048694589082,10.5320882701162],[-75.4049032721313,10.5324981909785],[-75.4045974966632,10.5330558339201],[-75.4032324575378,10.5333308844474],[-75.4028041129993,10.5348359793568],[-75.4017761430194,10.53411884956],[-75.4016532784333,10.5363450235677],[-75.4022287449627,10.5364832820765],[-75.4022808523321,10.5370873121833],[-75.4010090526024,10.5373083769581],[-75.4002993124391,10.5373362214028],[-75.4003702553264,10.5374205230398],[-75.401377539991,10.5389238101936],[-75.4019026241575,10.5392610990854],[-75.40197351347,10.5394999077868],[-75.4018882957117,10.5396403396801],[-75.4013630566151,10.5397384807709],[-75.4013489564899,10.539471599392],[-75.4013064421073,10.5392749388006],[-75.4011644951813,10.5392748894888],[-75.4010508328137,10.539569818705],[-75.4005965771624,10.5396398909558],[-75.4003836113287,10.5397662316412],[-75.3990349762133,10.5401450021038],[-75.3988933546395,10.5392459995872],[-75.3986664180848,10.5387543044345],[-75.3980558781881,10.5392176090886],[-75.3976060509572,10.5395707474819],[-75.39746651806,10.539605212347],[-75.3971700502349,10.5395705907136],[-75.3969259979992,10.5392771254559],[-75.3967517062066,10.5389836852389],[-75.3964726215664,10.5391043866084],[-75.3962879095726,10.5392144190431],[-75.3961821898021,10.5391888415577],[-75.3961735541898,10.539298175872],[-75.3961946585085,10.53947835002],[-75.3957160976966,10.539725380947],[-75.3956652571451,10.5398049708352],[-75.3955847674967,10.5399096893935],[-75.3955719678528,10.5401694596261],[-75.3949833008673,10.5404541584339],[-75.3938949988549,10.5407177217563],[-75.3933446304289,10.5404954516704],[-75.3931723869437,10.5405783001751],[-75.3929254492952,10.5404701558004],[-75.3926245322283,10.5412158484785],[-75.3922494695338,10.5412521686866],[-75.3919231355952,10.5408728004855],[-75.3914668547479,10.5403623289071],[-75.3911532008741,10.5396719108601],[-75.3911184879641,10.539240460654],[-75.3904730800185,10.5395681073014],[-75.3896707983072,10.5396713451741],[-75.389241072052,10.5389755514761]]]},"properties":{"FID":201,"CODIGO":"8250","NOMBRE":"BAYUNCA","UCG":20,"LOC":"LV","ZONA":"Bayunca\n","Shape__Area":1472023.5771484375,"Shape__Length":9570.9157097870047}},{"type":"Feature","id":202,"geometry":{"type":"Polygon","coordinates":[[[-75.3508773806401,10.6540635150499],[-75.3507135397968,10.6544618514247],[-75.3510155068681,10.654698567998],[-75.3512543113445,10.6553710241868],[-75.3514178404415,10.6555703177621],[-75.3523859418747,10.6577123188145],[-75.351718396594,10.6585212705939],[-75.3490874181876,10.6589681423399],[-75.3483233630113,10.6593857441142],[-75.3462746305816,10.6598324764195],[-75.3454331477154,10.660039842023],[-75.3443813409786,10.6603015292335],[-75.3435351046431,10.6606802394881],[-75.3438688269305,10.6601876159218],[-75.3441671409508,10.6600164695552],[-75.3441102240269,10.6599440048434],[-75.3441268791249,10.6592438144652],[-75.3443223463138,10.6588978428852],[-75.3444603125105,10.6587369589497],[-75.344254989131,10.6587537733184],[-75.3440133837555,10.6584791679303],[-75.343524242834,10.6582181754798],[-75.3438014074646,10.6577701012102],[-75.3439779278279,10.6572223679371],[-75.3443054464711,10.656761869422],[-75.3442678001571,10.6565501886928],[-75.3446335054522,10.6553053205528],[-75.3435385398211,10.6550930757411],[-75.3438789565366,10.65405985555],[-75.3459806720831,10.6546710518542],[-75.3460497975598,10.6542790513251],[-75.3461311884538,10.6542308045886],[-75.3461231169795,10.6541100762567],[-75.3462045598013,10.6539652502627],[-75.3461476564382,10.6538686410248],[-75.3461478167736,10.6535708550389],[-75.3460910305377,10.6532569424982],[-75.3463351806621,10.6531524435213],[-75.3468963375377,10.6536356346511],[-75.3470260630537,10.6534389889545],[-75.3470514438581,10.6530530326659],[-75.347404100841,10.6526423463562],[-75.3478572646131,10.6520908686427],[-75.347987541776,10.6519138745044],[-75.3482479331063,10.6518657203797],[-75.348524723588,10.6519332440558],[-75.3487011858413,10.6514726621568],[-75.349091283739,10.6516596237187],[-75.3494278720041,10.6515685456022],[-75.3497452177528,10.6515204196222],[-75.3500134233458,10.6520839369178],[-75.3498750108289,10.6522609277236],[-75.3502411631715,10.6522369712002],[-75.350932364795,10.6529938633011],[-75.3512300922203,10.6535407687263],[-75.350713911353,10.6537521655186],[-75.3506145623564,10.6539112038148],[-75.3508773806401,10.6540635150499]]]},"properties":{"FID":202,"CODIGO":"8150","NOMBRE":"ARROYO GRANDE","UCG":20,"LOC":"LV","ZONA":"Arroyo Grande\n","Shape__Area":609191.138671875,"Shape__Length":3973.0384965889907}},{"type":"Feature","id":203,"geometry":{"type":"Polygon","coordinates":[[[-75.4453848045357,10.612228252465],[-75.4451036388779,10.6121229368242],[-75.444776849386,10.6121379046318],[-75.4445944765799,10.6120476460562],[-75.4447465009895,10.611904829886],[-75.444594583967,10.6115514360725],[-75.4447009841644,10.6115289035896],[-75.4446402063517,10.6114386707284],[-75.4444350333855,10.611355925566],[-75.4442070500977,10.6113258037469],[-75.4441311141113,10.6110476092159],[-75.4440741774327,10.6106924121784],[-75.4440371850252,10.6103623936053],[-75.4439565257481,10.6101152985277],[-75.4439508510165,10.6096779085498],[-75.4441609485566,10.6093723879409],[-75.4445418259115,10.6095214747072],[-75.444678635244,10.6094463203261],[-75.4448579654418,10.609431574113],[-75.4444451953216,10.6089691019777],[-75.4437042755831,10.6073066676258],[-75.4435686722079,10.6059499276253],[-75.4438161897184,10.6040065838582],[-75.4444709775276,10.6040189460107],[-75.4461878170575,10.6061093738057],[-75.4462001200792,10.6063538287765],[-75.4472130398648,10.6071240615558],[-75.4477320264003,10.6066841523219],[-75.448596871453,10.6065865446321],[-75.4487824611184,10.6052543156819],[-75.4492396153083,10.6050832893162],[-75.4495236384932,10.6057433667488],[-75.4503134124627,10.6104003391428],[-75.449707854141,10.6112680272485],[-75.4492754769109,10.6110601578938],[-75.4495844428657,10.6105835364541],[-75.4493126814544,10.6103634759544],[-75.4488429893649,10.6106049970692],[-75.4485921659647,10.6107778689305],[-75.4487972695623,10.6112064547558],[-75.4487440628018,10.611251554199],[-75.4485008767708,10.6112364691391],[-75.4483869187133,10.6110560063755],[-75.4482653488408,10.610935688721],[-75.4483792745574,10.6112740365421],[-75.4481284672993,10.6113642063499],[-75.4480144538491,10.6114544034715],[-75.4477560435726,10.6115596081201],[-75.4474748309995,10.6116798446025],[-75.4473797048167,10.6116693686181],[-75.447269644606,10.6116572479537],[-75.4468440945853,10.6115067944752],[-75.4465449690709,10.611499622611],[-75.4463273268605,10.6114615782919],[-75.4462512540641,10.6118224426091],[-75.446137246255,10.6118825657103],[-75.4459320422912,10.6119426698545],[-75.4457800279984,10.6120403766018],[-75.44569644914,10.6119576575344],[-75.4456432305873,10.6120553847794],[-75.4453848045357,10.612228252465]]]},"properties":{"FID":203,"CODIGO":"8700","NOMBRE":"ARROYO DE PIEDRA","UCG":20,"LOC":"LV","ZONA":"Arroyo de Piedra\n","Shape__Area":435143.544921875,"Shape__Length":3688.188048866054}},{"type":"Feature","id":204,"geometry":{"type":"Polygon","coordinates":[[[-75.4069045477521,10.640964078786],[-75.4069739047287,10.641189777289],[-75.406641616714,10.6411847607045],[-75.4059966805149,10.6416253450944],[-75.4060164009934,10.6420970653674],[-75.4054244708627,10.6420922200324],[-75.4048435217284,10.6415710637755],[-75.4044166803452,10.6417864883041],[-75.4043079438868,10.6411397425643],[-75.4046713077996,10.6406817808394],[-75.4054796541103,10.6400533097015],[-75.4054161615747,10.6398556828345],[-75.4065877038007,10.6392363131047],[-75.4081859855606,10.6386709717558],[-75.4084030677708,10.6387617846148],[-75.4100398770092,10.6382422818284],[-75.4101339831528,10.6386200733333],[-75.4071776701729,10.6399388179454],[-75.4071825947869,10.6400418453343],[-75.4068597394305,10.6403142517346],[-75.4071030360022,10.6406501614853],[-75.4069045477521,10.640964078786]]]},"properties":{"FID":204,"CODIGO":"8151","NOMBRE":"ARROYO DE LAS CANOAS","UCG":20,"LOC":"LV","ZONA":"Arroyo Grande\n","Shape__Area":85622.224609375,"Shape__Length":1797.7133741496466}},{"type":"Feature","id":205,"geometry":{"type":"Polygon","coordinates":[[[-75.5097056517643,10.4569909766395],[-75.5088135043529,10.458212195079],[-75.5076935646644,10.4597528054758],[-75.5059472038531,10.4616879512262],[-75.5041059042449,10.4639236939033],[-75.5018279720161,10.4666666903907],[-75.5009357581119,10.4681321306254],[-75.5007459108061,10.4688460702237],[-75.4996448756281,10.4703866518846],[-75.4986956984085,10.4717205671121],[-75.4970630640317,10.4746890092615],[-75.4962087550716,10.4764738337831],[-75.4955442960548,10.4776574480711],[-75.4952025698017,10.478315012304],[-75.493247070898,10.4827300954912],[-75.4925065729073,10.4852664365857],[-75.4919749663721,10.4864312624761],[-75.4918229982337,10.4880470233076],[-75.4920127758425,10.4889864359389],[-75.4929997454508,10.4920301532465],[-75.4933603944301,10.4927816944151],[-75.4937020845023,10.4931198977262],[-75.4946891963155,10.4940405633686],[-75.4952207131324,10.494679383083],[-75.4960369920239,10.4953182156055],[-75.4967583567232,10.4959006776671],[-75.4977265250932,10.4962952685021],[-75.4993021648211,10.4972535201101],[-75.4989224462588,10.4981741182534],[-75.4984478567102,10.4978171273264],[-75.4975745728488,10.4981176992486],[-75.4967012829246,10.4985122088183],[-75.495846947179,10.4994703571977],[-75.4962076958532,10.4984746098788],[-75.4967962317034,10.4979109967735],[-75.4966064042946,10.4976103799166],[-75.4956002631594,10.4972533598604],[-75.4954864049918,10.4963327416117],[-75.4950687762431,10.49593817239],[-75.4919744988255,10.4940028346745],[-75.4914619808533,10.4932512825977],[-75.490949432351,10.4930070061289],[-75.4903419893915,10.4924057502858],[-75.4905888088397,10.4919548539584],[-75.4903610360924,10.4914663506247],[-75.4897916138043,10.4901511514164],[-75.4895639036738,10.488798398485],[-75.4890894885428,10.4863371348025],[-75.4885200399219,10.4855855736955],[-75.4877037962866,10.4850218736634],[-75.4875709027599,10.485153379999],[-75.4872861521741,10.4851533587148],[-75.4864509464811,10.4843641977153],[-75.4879318674574,10.4813958009866],[-75.489298820161,10.4790286060085],[-75.4898114088528,10.4783334836273],[-75.4913111571918,10.4768493261167],[-75.4929437794961,10.4752148647218],[-75.4930766741606,10.4749518397797],[-75.4934184204811,10.473956092981],[-75.4936842055992,10.4734676186762],[-75.4942157436618,10.4730355225456],[-75.4945574661924,10.4723779591486],[-75.4947852860151,10.4718331177581],[-75.4950130962653,10.4714573685705],[-75.4952598952042,10.4709501038581],[-75.4955636435988,10.4703864776068],[-75.4960192586452,10.4696537659167],[-75.4967406258163,10.4689022776704],[-75.4974240132208,10.4684138187645],[-75.4981453505574,10.4682259686858],[-75.4992463768589,10.4669108485813],[-75.5014104273979,10.4645999923156],[-75.5034225877,10.4623830575914],[-75.5043147635385,10.4613685231776],[-75.5047323764402,10.4608612544319],[-75.5030050180032,10.461086671342],[-75.5026063968703,10.4611242369488],[-75.5023406527731,10.4610302893916],[-75.5023976043199,10.4608236223577],[-75.5027013222892,10.460541809765],[-75.5030999480314,10.4602975754179],[-75.5034985671231,10.4602975853042],[-75.504030061836,10.4601848693714],[-75.5042009035849,10.4599594164898],[-75.5041629513417,10.4594521381091],[-75.5039731441164,10.4589824324153],[-75.5036504724606,10.4582121145341],[-75.5037833553183,10.4577612042341],[-75.5040491052481,10.4574981774744],[-75.5041630102211,10.456840597904],[-75.5042958992339,10.4560515022474],[-75.504675543086,10.4554878683917],[-75.5046945332688,10.4550745314066],[-75.504751498081,10.4540975532757],[-75.5047135460401,10.4535714867099],[-75.5049413347741,10.4530078493215],[-75.505529770016,10.4523878541735],[-75.5097056517643,10.4569909766395]]]},"properties":{"FID":205,"CODIGO":"8650","NOMBRE":"LA BOQUILLA","UCG":20,"LOC":"LV","ZONA":"La Boquilla","Shape__Area":2059079.142578125,"Shape__Length":13921.756667279016}},{"type":"Feature","id":206,"geometry":{"type":"Polygon","coordinates":[[[-75.3231937471937,10.6745575639174],[-75.3224146057345,10.6741789305536],[-75.3228927206008,10.6738592338907],[-75.3231577351397,10.6733357816414],[-75.3229595470084,10.6727975059295],[-75.3227097842873,10.6724337362549],[-75.3228716386686,10.6722738412747],[-75.3227174593454,10.6719101291374],[-75.3230410913525,10.6717139695713],[-75.3240333530124,10.6722527214309],[-75.3243499473041,10.6715402168809],[-75.3245117515618,10.6714603172412],[-75.3249089602363,10.6711769309733],[-75.3253131010406,10.6715844250452],[-75.3250408807625,10.671875158614],[-75.3252760070457,10.6721298319836],[-75.3249743185338,10.6725150889767],[-75.3250551124661,10.672653312405],[-75.3246282567437,10.6733221175566],[-75.3245103849834,10.6737002112594],[-75.3245763895726,10.6739766012933],[-75.3234585431777,10.674390458155],[-75.3231937471937,10.6745575639174]]]},"properties":{"FID":206,"CODIGO":"8152","NOMBRE":"LAS EUROPAS","UCG":20,"LOC":"LV","ZONA":"Arroyo Grande\n","Shape__Area":63565.138671875,"Shape__Length":1299.1779059366827}},{"type":"Feature","id":207,"geometry":{"type":"Polygon","coordinates":[[[-75.5021128833479,10.5556210915773],[-75.5022367473173,10.5560417727295],[-75.5024281981854,10.556364950241],[-75.5026590727036,10.5565098268351],[-75.5028448979284,10.5566547020707],[-75.5030489552111,10.5567138880618],[-75.5031646496687,10.5568595938132],[-75.5033477746081,10.5570738319347],[-75.5034119028409,10.5573276721953],[-75.5038516772545,10.5575905870715],[-75.5039707752899,10.557989479149],[-75.503686748569,10.5580348008499],[-75.5032836204807,10.5578353463379],[-75.5029537796063,10.5580166512252],[-75.5025335336149,10.5580876434102],[-75.5023757649578,10.5580043803125],[-75.5022285165629,10.5578482660469],[-75.5020375737646,10.5578171813082],[-75.5019551050013,10.5581435428949],[-75.5018909575958,10.5585605616547],[-75.5014603093267,10.5594489839139],[-75.501231257083,10.5593945827723],[-75.5010021854817,10.5599294497166],[-75.5008189395637,10.560001969067],[-75.500250846425,10.5610807640006],[-75.5002245081911,10.5615010656306],[-75.5001225491945,10.5618150783387],[-75.4997194114133,10.5618059982727],[-75.5001134344354,10.5604914909973],[-75.4997286241061,10.5604461489273],[-75.4999943584868,10.5595939859428],[-75.4988399446495,10.5591225282623],[-75.498940743757,10.5587327085631],[-75.4992765796991,10.5583616629348],[-75.4989810127939,10.5582154212333],[-75.4988516921418,10.5584073436098],[-75.4983529207597,10.5582245357102],[-75.4992889689281,10.557073704943],[-75.4986393260852,10.5565154792765],[-75.4985682935038,10.5563286689986],[-75.4975482387507,10.5555596680826],[-75.4976673639715,10.5551335868221],[-75.497612414477,10.5546168413851],[-75.4969161238112,10.5541272645862],[-75.4972368155739,10.5536467984848],[-75.4979239417203,10.5541817025489],[-75.4984631845538,10.5546010459065],[-75.4985788879514,10.5544553477446],[-75.4986840669834,10.5544657592719],[-75.4989996000174,10.5546010670759],[-75.4996096274853,10.5549653470523],[-75.5001775926492,10.5551006628375],[-75.5005983116982,10.555090269894],[-75.5009243710946,10.5550174292678],[-75.5013030128212,10.5551735515018],[-75.5013347924417,10.5551849873055],[-75.5017657984137,10.5553400831481],[-75.5017806400979,10.5554455625679],[-75.5018594742434,10.5555180000462],[-75.5019439412629,10.5555347183336],[-75.5020340389647,10.5555681525627],[-75.5021128833479,10.5556210915773]]]},"properties":{"FID":207,"CODIGO":"8300","NOMBRE":"PUNTA CANOA","UCG":20,"LOC":"LV","ZONA":"Punta Canoa\n","Shape__Area":248892.0439453125,"Shape__Length":3164.6487584370075}},{"type":"Feature","id":208,"geometry":{"type":"Polygon","coordinates":[[[-75.7440606931699,10.1775561373772],[-75.7434624670756,10.177638316392],[-75.7431427086146,10.1776589816316],[-75.7428746222493,10.177812460181],[-75.7427819395211,10.1780271299265],[-75.7425857946583,10.1778126644942],[-75.7423174137979,10.1775573729667],[-75.7420285423672,10.1774962613368],[-75.741812141959,10.177802991265],[-75.7414304109925,10.1777112867849],[-75.7412034019091,10.1776092539195],[-75.7407391492276,10.1775176066014],[-75.7403161869923,10.1774668067082],[-75.7406460564006,10.1771599982178],[-75.7407076631907,10.1767614043753],[-75.7409549512132,10.1763728994913],[-75.7414704781372,10.1760455213351],[-75.7420170597326,10.1758714091984],[-75.7425945274505,10.1756155203539],[-75.74275944546,10.175441676545],[-75.7431513786004,10.1753800836077],[-75.7432340551169,10.1755946292002],[-75.7437912460261,10.1758292764621],[-75.7437605223127,10.1761358756703],[-75.7437609587495,10.1767388108585],[-75.7439364880302,10.1769737287471],[-75.7440606931699,10.1775561373772]]]},"properties":{"FID":208,"CODIGO":"8750","NOMBRE":"ISLAS DEL ROSARIO","UCG":20,"LOC":"LH","ZONA":"Islas del Rosario","Shape__Area":72910.2265625,"Shape__Length":1203.3292834045617}},{"type":"Feature","id":209,"geometry":{"type":"Polygon","coordinates":[[[-75.8753351246477,9.78324583399837],[-75.8750192606052,9.78336882285335],[-75.8749712258945,9.78341657173759],[-75.8748956538346,9.78340983867428],[-75.8746826989116,9.78341006644593],[-75.8745658801631,9.78337612170696],[-75.8743597503753,9.78333545842425],[-75.8740919133178,9.78340388371203],[-75.8739133872362,9.7834790274348],[-75.8738994413049,9.78328825237931],[-75.8737756128124,9.78312485024085],[-75.8736244097882,9.78305687220926],[-75.873521219553,9.78292070367211],[-75.8733494819372,9.78292088666592],[-75.8732053845837,9.78307094653314],[-75.8731368738436,9.78324136765476],[-75.8731300854408,9.78331632807777],[-75.8731164938813,9.78345262108483],[-75.8729173295063,9.78350053055749],[-75.8727937960707,9.78360968481632],[-75.8727182829162,9.78365746262245],[-75.8726770805234,9.78367113429318],[-75.8725535174966,9.78375303279172],[-75.8723612591664,9.78383500424128],[-75.8722650196199,9.78377378113469],[-75.8721070132355,9.78376713500322],[-75.872010869317,9.78379449277772],[-75.8719422255282,9.78384226312473],[-75.8718529657944,9.7838832414048],[-75.8716812570305,9.78391067925304],[-75.8715369969771,9.78391083220819],[-75.8715575394788,9.78384948508159],[-75.8715574513761,9.78376771804174],[-75.8715093426893,9.78374732725522],[-75.8715092472585,9.78365874629437],[-75.8714611312504,9.7836315415801],[-75.8713305883442,9.78361123812161],[-75.8709321268352,9.78358440431422],[-75.8709047293674,9.78365938651782],[-75.8709254478665,9.78376157351725],[-75.8709117821061,9.78382972726102],[-75.8709461737089,9.78387057443476],[-75.8709462983109,9.78398641108149],[-75.8701768818397,9.78395996879371],[-75.8701081426801,9.78391915780731],[-75.8698952019362,9.78393301043375],[-75.869730252908,9.7838582312342],[-75.8695651871315,9.78367442920743],[-75.8696682445832,9.78368794840329],[-75.8696682080668,9.78365387879598],[-75.8695374754217,9.78345641268353],[-75.8693793743318,9.78336118429365],[-75.8693173881721,9.78321134314975],[-75.8692622351079,9.78302742514577],[-75.8691040613868,9.78286405739351],[-75.869007720641,9.78270743841745],[-75.8689251044134,9.78253717710809],[-75.8688151195598,9.78246915351802],[-75.8687736913282,9.78227159311501],[-75.8687597702471,9.78210125949665],[-75.8686151032195,9.7817198314989],[-75.8685667475008,9.78146776689059],[-75.8686009056181,9.78129056878478],[-75.8686693746533,9.78107926494993],[-75.8687653141876,9.78086111828408],[-75.8689024703688,9.78064292823641],[-75.8691015170881,9.78048599837796],[-75.8692870070362,9.78049943095273],[-75.8694518448421,9.78047200160151],[-75.8696647104089,9.7803900101004],[-75.8698364467953,9.78038982901444],[-75.8700973910727,9.78030097260561],[-75.8703790313411,9.78029386130114],[-75.8705781942414,9.78024595336201],[-75.8707430537623,9.7802389651588],[-75.8711139821508,9.78021813096884],[-75.8714916478495,9.78007463851041],[-75.8719929632099,9.77993101447426],[-75.8726317479021,9.77986219684551],[-75.8730301681855,9.77985495921897],[-75.8733668150906,9.779895484418],[-75.8736278243798,9.77986795062498],[-75.8741361482751,9.77985378062372],[-75.8743490343859,9.77979222800107],[-75.8743971648436,9.77983306016301],[-75.8744933074154,9.77980570175544],[-75.8745825065276,9.77971021146862],[-75.8746718092189,9.77971011602978],[-75.8749122247229,9.77969623112426],[-75.8749946135176,9.77965525943369],[-75.8750082338473,9.7795462220308],[-75.8750562902466,9.77951891490798],[-75.8751800808855,9.7796482470457],[-75.8755306150313,9.77982503376783],[-75.8757367576043,9.77987932425902],[-75.8759290499386,9.77983142058507],[-75.8761629899423,9.78017867981725],[-75.87623199665,9.78046479063133],[-75.8762322494273,9.78069646383433],[-75.876218651769,9.78082594301908],[-75.8761160558326,9.78123488867861],[-75.8760201953795,9.78152117642057],[-75.8759036446134,9.78173253315109],[-75.8758765455487,9.78208007241628],[-75.8758768352661,9.78234581519305],[-75.8758633785703,9.78260475878595],[-75.8757742979265,9.78280927208277],[-75.8756028350853,9.78306157115183],[-75.8754861796486,9.7831775329078],[-75.8753351246477,9.78324583399837]]]},"properties":{"FID":209,"CODIGO":"8850","NOMBRE":"ARCHIPIELAGO SAN BERNARDO","UCG":20,"LOC":"LH","ZONA":"Arch. de San Bernardo","Shape__Area":314728.2919921875,"Shape__Length":2501.8840517249669}},{"type":"Feature","id":210,"geometry":{"type":"Polygon","coordinates":[[[-76.1777757359683,9.38164638305216],[-76.1777929697075,9.38133655915839],[-76.1776679050693,9.38118632455352],[-76.1776587220201,9.38104472289705],[-76.1777563894535,9.38084981292597],[-76.1775421478181,9.38067319263133],[-76.1774621197863,9.38077070631391],[-76.1773106722322,9.38080639610171],[-76.177131439822,9.38029336460612],[-76.1773359239082,9.38002744428384],[-76.177638136684,9.3800034190313],[-76.1778464846384,9.37969572511981],[-76.1778054806002,9.37963700361944],[-76.1778303750522,9.37959750593077],[-76.1779423892563,9.3794141305044],[-76.1780281942214,9.37928827393161],[-76.1780307386308,9.37923573895259],[-76.17801218032,9.3792121353261],[-76.1779194840993,9.37914402067471],[-76.1779563749922,9.37907303544154],[-76.1780596250646,9.37912799765721],[-76.17810447522,9.37907012996393],[-76.1781438452379,9.37891246523697],[-76.1780881552977,9.37883377486878],[-76.1781355585883,9.37871596329564],[-76.1783403285268,9.37860051207971],[-76.1784916904261,9.37852056615964],[-76.178515617411,9.37844882646904],[-76.1785980325131,9.37820172308111],[-76.1786861601315,9.37767933708231],[-76.1788733749192,9.37770553764184],[-76.1788293874296,9.37800656084053],[-76.1789364060976,9.37804176375407],[-76.1789723949604,9.3782187195468],[-76.1791239766378,9.37825383834263],[-76.179391811544,9.37849231488185],[-76.1794013678083,9.37882864178001],[-76.1794287493319,9.37916493502364],[-76.1795359209,9.37927979807464],[-76.1797321847855,9.37937679048355],[-76.1801418767058,9.37922554646304],[-76.1804178622059,9.37906570359312],[-76.1807747398166,9.37925975473318],[-76.1807217733698,9.37952539030756],[-76.1805616178008,9.37966731205999],[-76.1801429281692,9.37977431768585],[-76.1801431656053,9.37989823376605],[-76.1802947141789,9.37991564970168],[-76.1805086681188,9.37994179875989],[-76.1806514568478,9.3800388917205],[-76.1806873110517,9.38014503806474],[-76.1808478233104,9.38018899033824],[-76.1808748668312,9.38034826040064],[-76.1809464226402,9.38048089269942],[-76.1810356169716,9.3805161286336],[-76.1810538328903,9.38071967127075],[-76.18054593086,9.38078259037098],[-76.1804934732199,9.3813137603351],[-76.1805203809263,9.38140222124292],[-76.1805038285242,9.38206609097641],[-76.1805669302374,9.38243772113809],[-76.1797116509518,9.38261636143645],[-76.1795598300093,9.38245732696064],[-76.1796039358052,9.38221826178972],[-76.1791844974507,9.38193581593705],[-76.1791579118583,9.38201552674681],[-76.1789619852496,9.38209555711882],[-76.1788635732297,9.38190101679623],[-76.1789168461206,9.38179470210936],[-76.1786576337655,9.38140573904245],[-76.178650730857,9.3814184918384],[-76.1784178376977,9.38184875032112],[-76.1786324867175,9.38223779759738],[-76.1782498331548,9.38254831045158],[-76.1779203507799,9.38269940146446],[-76.1779277755676,9.38192048335239],[-76.1777757359683,9.38164638305216]]]},"properties":{"FID":210,"CODIGO":"8800","NOMBRE":"ISLA FUERTE","UCG":20,"LOC":"LH","ZONA":"Isla Fuerte","Shape__Area":128058.3232421875,"Shape__Length":2198.3259306792152}},{"type":"Feature","id":211,"geometry":{"type":"Polygon","coordinates":[[[-75.446128921505,10.4594708390358],[-75.4452152215654,10.4603748356782],[-75.4449106354661,10.4607622800863],[-75.4449540843173,10.4610062753773],[-75.4446350918747,10.460948800398],[-75.4443015747499,10.4610061391137],[-75.4443596308889,10.4607478129024],[-75.4446061955026,10.4604608218423],[-75.4447367552165,10.4601881585544],[-75.4448093171038,10.4599011310011],[-75.4450993871522,10.4595854443262],[-75.445432950967,10.459298470621],[-75.4456940045385,10.4590545380736],[-75.4458824851213,10.4591550416843],[-75.4457809421506,10.4593559507503],[-75.446128921505,10.4594708390358]]]},"properties":{"FID":211,"CODIGO":"8654","NOMBRE":"ZAPATERO","UCG":20,"LOC":"LV","ZONA":"La Boquilla","Shape__Area":15492.2099609375,"Shape__Length":669.34151652333708}},{"type":"Feature","id":212,"geometry":{"type":"Polygon","coordinates":[[[-75.4810770935916,10.4065031259459],[-75.4811268282595,10.4065141150865],[-75.4810305949682,10.4072273371468],[-75.4805088077223,10.410247685451],[-75.4803758052422,10.4108035786009],[-75.4804049639007,10.4104156311765],[-75.4803294709112,10.4105151901804],[-75.4802384151507,10.4107003065765],[-75.480127135664,10.4108203766314],[-75.4800613794863,10.4108854145949],[-75.4799147040265,10.4109404367798],[-75.4798084931923,10.4109354231739],[-75.4797629859951,10.4108253451676],[-75.479722560933,10.4104701010375],[-75.4797225874135,10.4102053572332],[-75.4797529584327,10.4099601946876],[-75.4796417799665,10.4100084551953],[-75.4795100059076,10.4101264577022],[-75.4794851712347,10.410144334035],[-75.4794637531432,10.4101899080809],[-75.4794306451708,10.4102170272731],[-75.4794066712937,10.4102283259492],[-75.4793821276383,10.4102271932035],[-75.4793684312991,10.4102034600022],[-75.4793764251718,10.410175208303],[-75.4793844184702,10.4101526072758],[-75.4793672962291,10.4101401747894],[-75.479342180345,10.4101537333847],[-75.4793187778507,10.4101616414763],[-75.4792953770684,10.4101469480342],[-75.4797296719068,10.4091260869221],[-75.4802992508058,10.4078028639243],[-75.4804551474855,10.4073103582153],[-75.4807196196987,10.4065104246962],[-75.4807429512873,10.4064440239389],[-75.4810770935916,10.4065031259459]]]},"properties":{"FID":212,"CODIGO":"1959","NOMBRE":"OLAYA ST. LA PUNTILLA","UCG":6,"LOC":"LV","ZONA":"UCG 6","Shape__Area":41964.630859375,"Shape__Length":1310.4585676857796}},{"type":"Feature","id":213,"geometry":{"type":"Polygon","coordinates":[[[-75.4774699088939,10.4090927269008],[-75.4776273880536,10.4088357165647],[-75.4778457663974,10.4084256242097],[-75.4776246493576,10.4082704223909],[-75.4772109123031,10.4075930213078],[-75.4768936575615,10.4071624597198],[-75.4770377756963,10.4067914118641],[-75.477476431188,10.4069929534056],[-75.4778346987637,10.4072119037714],[-75.4782182447912,10.4066161680079],[-75.4780531075915,10.4064997669128],[-75.4782420313067,10.4061076689178],[-75.4780279674216,10.4060065176111],[-75.4781763596482,10.4056462965786],[-75.4783919376505,10.405219577178],[-75.4782771808168,10.4051475181305],[-75.4783692437794,10.4050266259389],[-75.4769748313148,10.404431472643],[-75.4772101939389,10.403868684677],[-75.4778766962858,10.404079133488],[-75.4783558240566,10.4042839897865],[-75.4787721045129,10.4045320166301],[-75.4789508817767,10.4046933229326],[-75.480419325059,10.4058565284925],[-75.480617121644,10.4059574251824],[-75.4810307044572,10.4060880120696],[-75.4811839885373,10.4061097047367],[-75.4811268282595,10.4065141150865],[-75.4810770935916,10.4065031259459],[-75.4807429512873,10.4064440239389],[-75.4807196196987,10.4065104246962],[-75.4807196627939,10.4065104304265],[-75.4804551474855,10.4073103582153],[-75.4802992508058,10.4078028639243],[-75.4797296719068,10.4091260869221],[-75.4792953770684,10.4101469480342],[-75.4792851057276,10.4101209548437],[-75.479270051499,10.4101427163727],[-75.4792478584747,10.4102439361037],[-75.4791893837403,10.4104657451094],[-75.4789919736325,10.4104594236874],[-75.4787704552363,10.4106730516149],[-75.4784994407915,10.4106116086415],[-75.4782559445051,10.4106195290871],[-75.4780377456634,10.4106414050622],[-75.4780911281287,10.4102851319054],[-75.4781550554578,10.4100046132503],[-75.4782690019585,10.4096058390729],[-75.4777495223093,10.4092675047632],[-75.4774699088939,10.4090927269008]]]},"properties":{"FID":213,"CODIGO":"1960","NOMBRE":"OLAYA ST. PLAYA BLANCA","UCG":6,"LOC":"LV","ZONA":"UCG 6","Shape__Area":171727.2275390625,"Shape__Length":2424.1428639784344}}]}