{"type":"FeatureCollection","features":[{"type":"Feature","properties":{"FID":1,"CODIGO":"0150","NOMBRE":"DANIEL LEMAITRE","UCG":3,"LOC":"LH","ZONA":"UCG 3","Shape__Area":620834.9912109375,"Shape__Length":3705.5807179752696},"geometry":{"type":"Polygon","coordinates":[[[-75.51904,10.43274],[-75.5198,10.43314],[-75.51997,10.43322],[-75.52021,10.4333],[-75.52042,10.4334],[-75.52061,10.43352],[-75.52086,10.43372],[-75.52116,10.43433],[-75.52156,10.43445],[-75.52157,10.43415],[-75.52151,10.43365],[-75.52187,10.43365],[-75.52237,10.43365],[-75.52249,10.43365],[-75.5225,10.43387],[-75.52272,10.43387],[-75.52335,10.43406],[-75.52334,10.43411],[-75.52334,10.43432],[-75.52346,10.43447],[-75.52342,10.43523],[-75.52341,10.43566],[-75.52373,10.43579],[-75.52368,10.43699],[-75.52358,10.43885],[-75.52354,10.44009],[-75.5222,10.44002],[-75.52216,10.44124],[-75.5215,10.44123],[-75.52144,10.44217],[-75.52146,10.44236],[-75.52123,10.44238],[-75.52015,10.44239],[-75.51882,10.44244],[-75.51883,10.44199],[-75.51894,10.43958],[-75.51738,10.43952],[-75.51611,10.43947],[-75.51615,10.43884],[-75.51624,10.43726],[-75.51662,10.43662],[-75.51681,10.43627],[-75.51693,10.43615],[-75.5171,10.43574],[-75.51767,10.43437],[-75.51772,10.43421],[-75.51804,10.43435],[-75.51813,10.43421],[-75.51845,10.43358],[-75.51888,10.43314],[-75.51888,10.43299],[-75.51904,10.43274]]]}},{"type":"Feature","properties":{"FID":2,"CODIGO":"0200","NOMBRE":"SANTA MARIA","UCG":3,"LOC":"LH","ZONA":"UCG 3","Shape__Area":91068.9541015625,"Shape__Length":1261.3249566183954},"geometry":{"type":"Polygon","coordinates":[[[-75.51601,10.44141],[-75.51606,10.44102],[-75.51608,10.44047],[-75.51611,10.44],[-75.51611,10.43965],[-75.51611,10.43947],[-75.51738,10.43952],[-75.51894,10.43958],[-75.51883,10.44199],[-75.51882,10.44244],[-75.51877,10.44248],[-75.5186,10.44247],[-75.5186,10.44245],[-75.51809,10.44239],[-75.51808,10.44222],[-75.51753,10.4421],[-75.51721,10.44195],[-75.51712,10.44216],[-75.51692,10.44206],[-75.51694,10.442],[-75.51597,10.44156],[-75.51601,10.44141]]]}},{"type":"Feature","properties":{"FID":3,"CODIGO":"0250","NOMBRE":"CANAPOTE","UCG":3,"LOC":"LH","ZONA":"UCG 3","Shape__Area":245551.51171875,"Shape__Length":2706.6176081869726},"geometry":{"type":"Polygon","coordinates":[[[-75.52506,10.4368],[-75.52507,10.43676],[-75.52549,10.43678],[-75.52552,10.43684],[-75.52561,10.43693],[-75.5258,10.4371],[-75.52606,10.43724],[-75.52629,10.4373],[-75.52665,10.43733],[-75.52676,10.43735],[-75.52682,10.43737],[-75.52688,10.43744],[-75.52664,10.43781],[-75.52655,10.43799],[-75.52626,10.43899],[-75.52562,10.44149],[-75.52559,10.44175],[-75.52571,10.44176],[-75.52618,10.44175],[-75.52621,10.44203],[-75.52592,10.44211],[-75.52535,10.44228],[-75.52375,10.44256],[-75.52145,10.44285],[-75.52126,10.44286],[-75.52123,10.44238],[-75.52146,10.44236],[-75.52144,10.44217],[-75.5215,10.44123],[-75.52216,10.44124],[-75.5222,10.44002],[-75.52354,10.44009],[-75.52358,10.43885],[-75.52368,10.43699],[-75.52373,10.43579],[-75.52391,10.43584],[-75.52411,10.43593],[-75.52433,10.43606],[-75.52439,10.43617],[-75.52441,10.43644],[-75.52446,10.43659],[-75.52478,10.43688],[-75.52492,10.437],[-75.52502,10.43706],[-75.52505,10.43693],[-75.52506,10.4368]]]}},{"type":"Feature","properties":{"FID":4,"CODIGO":"0300","NOMBRE":"SAN PEDRO Y LIBERTAD","UCG":2,"LOC":"LH","ZONA":"UCG 2","Shape__Area":178880.154296875,"Shape__Length":2365.8426296374078},"geometry":{"type":"Polygon","coordinates":[[[-75.52559,10.44175],[-75.52562,10.44149],[-75.52626,10.43899],[-75.52655,10.43799],[-75.52664,10.43781],[-75.52688,10.43744],[-75.52751,10.43667],[-75.52844,10.43557],[-75.53044,10.43464],[-75.53082,10.43524],[-75.53117,10.43572],[-75.53122,10.43576],[-75.53132,10.43587],[-75.5315,10.43611],[-75.53189,10.43674],[-75.53174,10.4368],[-75.53166,10.43674],[-75.53153,10.43679],[-75.53131,10.43688],[-75.53108,10.43709],[-75.53085,10.43724],[-75.53067,10.43728],[-75.53063,10.43737],[-75.53055,10.43746],[-75.53047,10.43747],[-75.53042,10.43751],[-75.5302,10.43758],[-75.53012,10.43756],[-75.53003,10.43757],[-75.52999,10.43759],[-75.52993,10.43764],[-75.52985,10.43771],[-75.52981,10.43774],[-75.52975,10.43774],[-75.52963,10.43779],[-75.52952,10.43783],[-75.52945,10.43784],[-75.52935,10.43794],[-75.5292,10.43795],[-75.52911,10.438],[-75.5291,10.43808],[-75.52903,10.43815],[-75.52892,10.43817],[-75.52882,10.4382],[-75.52875,10.43827],[-75.52873,10.4384],[-75.52851,10.4386],[-75.52825,10.4388],[-75.5279,10.43894],[-75.52772,10.43893],[-75.52754,10.43899],[-75.52706,10.43922],[-75.52695,10.43929],[-75.52688,10.43935],[-75.5268,10.43942],[-75.52673,10.43953],[-75.52667,10.43975],[-75.52672,10.43972],[-75.52667,10.44046],[-75.52669,10.44088],[-75.52665,10.44126],[-75.5265,10.4415],[-75.52623,10.44171],[-75.52618,10.44175],[-75.52571,10.44176],[-75.52559,10.44175]]]}},{"type":"Feature","properties":{"FID":5,"CODIGO":"0350","NOMBRE":"SIETE DE AGOSTO","UCG":3,"LOC":"LH","ZONA":"UCG 3","Shape__Area":133423.4990234375,"Shape__Length":1567.5803753729829},"geometry":{"type":"Polygon","coordinates":[[[-75.51384,10.43642],[-75.51392,10.4363],[-75.51449,10.43657],[-75.51502,10.43679],[-75.5157,10.43707],[-75.51607,10.43719],[-75.51624,10.43726],[-75.51615,10.43884],[-75.51611,10.43947],[-75.51611,10.43965],[-75.51611,10.44],[-75.51608,10.44047],[-75.51606,10.44102],[-75.51601,10.44141],[-75.51597,10.44156],[-75.51592,10.4417],[-75.51518,10.44141],[-75.51507,10.44137],[-75.51504,10.44139],[-75.51475,10.44127],[-75.5148,10.44113],[-75.51426,10.44095],[-75.51373,10.44062],[-75.51371,10.44036],[-75.51374,10.43949],[-75.5138,10.43784],[-75.51382,10.43709],[-75.51384,10.43642]]]}},{"type":"Feature","properties":{"FID":6,"CODIGO":"0400","NOMBRE":"TORICES","UCG":2,"LOC":"LH","ZONA":"UCG 2","Shape__Area":1290691.2890625,"Shape__Length":7436.480013038497},"geometry":{"type":"Polygon","coordinates":[[[-75.53285,10.42681],[-75.53295,10.42687],[-75.53306,10.4268],[-75.53304,10.4267],[-75.5332,10.42661],[-75.53311,10.42637],[-75.53308,10.42626],[-75.53287,10.4261],[-75.53299,10.42583],[-75.53266,10.42564],[-75.53274,10.42551],[-75.53256,10.4254],[-75.53238,10.4253],[-75.53242,10.42513],[-75.53234,10.42505],[-75.53245,10.42465],[-75.53248,10.42461],[-75.53265,10.4244],[-75.53275,10.42414],[-75.53284,10.42415],[-75.53297,10.42424],[-75.533,10.42421],[-75.53314,10.42432],[-75.5333,10.42408],[-75.53338,10.42401],[-75.53363,10.4237],[-75.53371,10.42354],[-75.53383,10.42337],[-75.53385,10.42335],[-75.53412,10.42348],[-75.53453,10.42363],[-75.53466,10.42361],[-75.53493,10.42356],[-75.5353,10.42356],[-75.53557,10.42366],[-75.53577,10.42376],[-75.53628,10.42414],[-75.5373,10.42489],[-75.53809,10.42545],[-75.53849,10.42491],[-75.53866,10.42473],[-75.53881,10.42468],[-75.53899,10.42458],[-75.53969,10.42514],[-75.53896,10.42635],[-75.5385,10.42713],[-75.53817,10.42774],[-75.53753,10.42934],[-75.53739,10.4297],[-75.53751,10.4298],[-75.5377,10.42999],[-75.53811,10.42984],[-75.5382,10.42984],[-75.5389,10.42956],[-75.5397,10.4292],[-75.5399,10.4292],[-75.54001,10.4294],[-75.54012,10.42958],[-75.54019,10.42993],[-75.54029,10.4302],[-75.54038,10.43034],[-75.54016,10.43059],[-75.54002,10.43056],[-75.53979,10.43068],[-75.5397,10.43074],[-75.53959,10.43075],[-75.5395,10.43082],[-75.53937,10.43097],[-75.53933,10.43107],[-75.53927,10.43113],[-75.5392,10.43128],[-75.53912,10.43135],[-75.53907,10.43143],[-75.53907,10.43147],[-75.539,10.43151],[-75.53898,10.43154],[-75.53891,10.43156],[-75.53889,10.43159],[-75.53891,10.43164],[-75.53889,10.43172],[-75.53885,10.43178],[-75.53879,10.43181],[-75.53879,10.43187],[-75.53877,10.4319],[-75.53868,10.43194],[-75.53861,10.43199],[-75.53854,10.43202],[-75.53849,10.43205],[-75.53841,10.43214],[-75.53834,10.4322],[-75.53831,10.43221],[-75.53828,10.43221],[-75.53825,10.43224],[-75.53821,10.43226],[-75.53809,10.43232],[-75.53797,10.4324],[-75.53787,10.43248],[-75.53777,10.43257],[-75.53768,10.43257],[-75.53762,10.43255],[-75.53753,10.43261],[-75.53747,10.43266],[-75.53735,10.43264],[-75.53728,10.43266],[-75.53721,10.43272],[-75.53712,10.43281],[-75.53707,10.43283],[-75.53703,10.43286],[-75.53699,10.43292],[-75.53691,10.43302],[-75.53687,10.43306],[-75.5368,10.43313],[-75.53667,10.43319],[-75.53662,10.43323],[-75.53646,10.43326],[-75.53633,10.43329],[-75.53627,10.43333],[-75.53621,10.43335],[-75.53619,10.43339],[-75.53605,10.43349],[-75.53598,10.43359],[-75.53585,10.43368],[-75.53577,10.43375],[-75.53565,10.43378],[-75.5356,10.4338],[-75.53551,10.43381],[-75.53547,10.4338],[-75.53543,10.43381],[-75.53539,10.43379],[-75.53527,10.43387],[-75.53523,10.43388],[-75.53485,10.43423],[-75.53484,10.43424],[-75.53481,10.43426],[-75.5348,10.43427],[-75.53475,10.43431],[-75.53452,10.43471],[-75.53439,10.43501],[-75.53427,10.43514],[-75.53425,10.43522],[-75.53415,10.43529],[-75.53412,10.43537],[-75.53383,10.43563],[-75.53371,10.43569],[-75.5336,10.43572],[-75.53352,10.43576],[-75.53344,10.43579],[-75.53337,10.43579],[-75.5333,10.4358],[-75.53322,10.43587],[-75.53318,10.43588],[-75.53313,10.43591],[-75.5331,10.43596],[-75.53306,10.43598],[-75.53308,10.436],[-75.5331,10.43602],[-75.5331,10.43605],[-75.53313,10.4361],[-75.53311,10.43614],[-75.53308,10.43617],[-75.53304,10.43619],[-75.53301,10.43619],[-75.53301,10.43614],[-75.53299,10.43617],[-75.53295,10.43617],[-75.53291,10.43615],[-75.53286,10.43616],[-75.53278,10.43618],[-75.53275,10.43618],[-75.53273,10.43622],[-75.53268,10.43625],[-75.53265,10.43627],[-75.53262,10.43631],[-75.53262,10.43632],[-75.53262,10.43639],[-75.53238,10.43653],[-75.53223,10.43663],[-75.53215,10.43668],[-75.53189,10.43674],[-75.5315,10.43611],[-75.53132,10.43587],[-75.53122,10.43576],[-75.53117,10.43572],[-75.53082,10.43524],[-75.53044,10.43464],[-75.52844,10.43557],[-75.52751,10.43667],[-75.52688,10.43744],[-75.52682,10.43737],[-75.52676,10.43735],[-75.52665,10.43733],[-75.52629,10.4373],[-75.52606,10.43724],[-75.5258,10.4371],[-75.52561,10.43693],[-75.52552,10.43684],[-75.52549,10.43678],[-75.52574,10.43675],[-75.52616,10.43708],[-75.52677,10.43657],[-75.52676,10.43617],[-75.52676,10.4361],[-75.52671,10.43604],[-75.52679,10.43533],[-75.5267,10.43526],[-75.52667,10.43525],[-75.52768,10.43402],[-75.52786,10.43378],[-75.52728,10.43349],[-75.52737,10.43337],[-75.52744,10.43311],[-75.52749,10.43294],[-75.52798,10.43247],[-75.52819,10.43223],[-75.5286,10.4318],[-75.52936,10.43098],[-75.52913,10.43069],[-75.52898,10.4303],[-75.52894,10.43015],[-75.52861,10.42933],[-75.5282,10.42881],[-75.5279,10.42832],[-75.52756,10.42793],[-75.52776,10.42775],[-75.52757,10.42735],[-75.52735,10.42715],[-75.52712,10.42706],[-75.52685,10.42708],[-75.52689,10.4262],[-75.52721,10.42578],[-75.52802,10.42672],[-75.52838,10.42718],[-75.52875,10.42686],[-75.52904,10.4266],[-75.52913,10.4267],[-75.52918,10.42677],[-75.52934,10.42669],[-75.52952,10.42669],[-75.52978,10.42698],[-75.52983,10.42697],[-75.52992,10.42694],[-75.52993,10.42693],[-75.52996,10.42701],[-75.53011,10.42709],[-75.53013,10.42724],[-75.53039,10.4274],[-75.53038,10.42746],[-75.53062,10.42767],[-75.53083,10.42786],[-75.53106,10.42767],[-75.53134,10.42731],[-75.53142,10.42739],[-75.53151,10.4274],[-75.53166,10.42722],[-75.53177,10.42658],[-75.53182,10.42648],[-75.53186,10.42651],[-75.53192,10.42662],[-75.53214,10.42697],[-75.53236,10.4273],[-75.53259,10.42708],[-75.5327,10.42696],[-75.53282,10.42686],[-75.53285,10.42681]]]}},{"type":"Feature","properties":{"FID":7,"CODIGO":"0450","NOMBRE":"SAN FRANCISCO","UCG":3,"LOC":"LH","ZONA":"UCG 3","Shape__Area":664125.767578125,"Shape__Length":4227.065406504424},"geometry":{"type":"Polygon","coordinates":[[[-75.51392,10.4363],[-75.51406,10.43351],[-75.51419,10.43029],[-75.51406,10.43],[-75.51406,10.42984],[-75.51404,10.42972],[-75.51396,10.42941],[-75.51342,10.42902],[-75.5135,10.42879],[-75.51336,10.42857],[-75.51332,10.42837],[-75.51334,10.42819],[-75.5135,10.42802],[-75.51369,10.42793],[-75.5138,10.42796],[-75.51399,10.42796],[-75.51424,10.42725],[-75.51398,10.42697],[-75.5139,10.42654],[-75.51388,10.42611],[-75.51395,10.42556],[-75.51405,10.42508],[-75.51461,10.42502],[-75.51534,10.42513],[-75.5159,10.42525],[-75.51609,10.42528],[-75.51681,10.42546],[-75.51684,10.42545],[-75.51696,10.42548],[-75.51697,10.42545],[-75.51745,10.42549],[-75.51877,10.42573],[-75.5188,10.42576],[-75.51882,10.42579],[-75.51953,10.42593],[-75.51972,10.42605],[-75.52008,10.42611],[-75.52011,10.42612],[-75.52015,10.42613],[-75.52004,10.42654],[-75.5196,10.4275],[-75.51924,10.42736],[-75.51916,10.42748],[-75.51905,10.42758],[-75.51884,10.42764],[-75.5188,10.4278],[-75.51868,10.42815],[-75.51848,10.42806],[-75.51835,10.42828],[-75.51812,10.42864],[-75.51802,10.42869],[-75.51785,10.42887],[-75.51779,10.429],[-75.51767,10.42935],[-75.51773,10.42944],[-75.51876,10.429],[-75.51881,10.42906],[-75.51892,10.42948],[-75.51895,10.42969],[-75.51894,10.42988],[-75.51897,10.43004],[-75.51894,10.43025],[-75.51894,10.43027],[-75.51944,10.43059],[-75.51934,10.43074],[-75.51965,10.43092],[-75.51958,10.43095],[-75.51935,10.43122],[-75.51916,10.43142],[-75.51881,10.43206],[-75.51857,10.43253],[-75.51904,10.43274],[-75.51888,10.43299],[-75.51888,10.43314],[-75.51845,10.43358],[-75.51813,10.43421],[-75.51804,10.43435],[-75.51772,10.43421],[-75.51767,10.43437],[-75.5171,10.43574],[-75.51693,10.43615],[-75.51681,10.43627],[-75.51662,10.43662],[-75.51624,10.43726],[-75.51607,10.43719],[-75.5157,10.43707],[-75.51502,10.43679],[-75.51449,10.43657],[-75.51392,10.4363]]]}},{"type":"Feature","properties":{"FID":8,"CODIGO":"0500","NOMBRE":"PABLO VI - II","UCG":2,"LOC":"LH","ZONA":"UCG 2","Shape__Area":43831.9599609375,"Shape__Length":1068.5404869018498},"geometry":{"type":"Polygon","coordinates":[[[-75.52478,10.43688],[-75.52446,10.43659],[-75.52441,10.43644],[-75.52439,10.43617],[-75.52433,10.43606],[-75.52411,10.43593],[-75.52391,10.43584],[-75.52373,10.43579],[-75.52341,10.43566],[-75.52342,10.43523],[-75.52346,10.43447],[-75.52334,10.43432],[-75.52334,10.43411],[-75.52368,10.43415],[-75.52382,10.43417],[-75.52387,10.43406],[-75.52413,10.43366],[-75.52438,10.43367],[-75.52475,10.43366],[-75.52461,10.4347],[-75.52503,10.43473],[-75.52503,10.43482],[-75.52499,10.43677],[-75.52507,10.43676],[-75.52506,10.4368],[-75.52505,10.43693],[-75.52502,10.43706],[-75.52492,10.437],[-75.52478,10.43688]]]}},{"type":"Feature","properties":{"FID":9,"CODIGO":"0550","NOMBRE":"PEDRO SALAZAR","UCG":2,"LOC":"LH","ZONA":"UCG 2","Shape__Area":40325.8955078125,"Shape__Length":813.8897222963262},"geometry":{"type":"Polygon","coordinates":[[[-75.52616,10.43708],[-75.52574,10.43675],[-75.52549,10.43678],[-75.52507,10.43676],[-75.52499,10.43677],[-75.52503,10.43482],[-75.52503,10.43473],[-75.52512,10.43473],[-75.52552,10.43486],[-75.52667,10.43525],[-75.5267,10.43526],[-75.52679,10.43533],[-75.52671,10.43604],[-75.52676,10.4361],[-75.52676,10.43617],[-75.52677,10.43657],[-75.52616,10.43708]]]}},{"type":"Feature","properties":{"FID":10,"CODIGO":"0600","NOMBRE":"LOS COMUNEROS","UCG":2,"LOC":"LH","ZONA":"UCG 2","Shape__Area":26347.6630859375,"Shape__Length":758.7896401356771},"geometry":{"type":"Polygon","coordinates":[[[-75.52568,10.43447],[-75.5257,10.4342],[-75.52583,10.43401],[-75.52587,10.43402],[-75.52589,10.43403],[-75.52602,10.43408],[-75.52625,10.43425],[-75.52673,10.43361],[-75.52677,10.43355],[-75.52699,10.43374],[-75.52705,10.43379],[-75.52707,10.43376],[-75.52728,10.43349],[-75.52786,10.43378],[-75.52768,10.43402],[-75.52667,10.43525],[-75.52552,10.43486],[-75.52568,10.43447]]]}},{"type":"Feature","properties":{"FID":11,"CODIGO":"0700","NOMBRE":"PETARE","UCG":2,"LOC":"LH","ZONA":"UCG 2","Shape__Area":57736.337890625,"Shape__Length":1160.3970125374499},"geometry":{"type":"Polygon","coordinates":[[[-75.52614,10.4316],[-75.52641,10.4315],[-75.52646,10.43161],[-75.52659,10.43186],[-75.52685,10.43244],[-75.52728,10.43349],[-75.52707,10.43376],[-75.52705,10.43379],[-75.52699,10.43374],[-75.52677,10.43355],[-75.52673,10.43361],[-75.52625,10.43425],[-75.52602,10.43408],[-75.52589,10.43403],[-75.52587,10.43402],[-75.52583,10.43401],[-75.5257,10.4342],[-75.52568,10.43447],[-75.52552,10.43486],[-75.52512,10.43473],[-75.52503,10.43473],[-75.52461,10.4347],[-75.52475,10.43366],[-75.52476,10.43355],[-75.52493,10.43361],[-75.52511,10.43326],[-75.52535,10.4328],[-75.52557,10.43243],[-75.52563,10.43228],[-75.52569,10.43203],[-75.52569,10.43178],[-75.52568,10.43173],[-75.52586,10.43169],[-75.52614,10.4316]]]}},{"type":"Feature","properties":{"FID":12,"CODIGO":"0750","NOMBRE":"PALESTINA","UCG":2,"LOC":"LH","ZONA":"UCG 2","Shape__Area":63513.1513671875,"Shape__Length":1748.9098382001032},"geometry":{"type":"Polygon","coordinates":[[[-75.52279,10.4317],[-75.5228,10.43216],[-75.52307,10.43214],[-75.52311,10.43213],[-75.52313,10.43192],[-75.52323,10.4314],[-75.52364,10.43024],[-75.52364,10.42955],[-75.52355,10.42885],[-75.52411,10.42876],[-75.52417,10.42849],[-75.52472,10.4285],[-75.52456,10.42874],[-75.52437,10.42976],[-75.52437,10.43003],[-75.52441,10.43021],[-75.52442,10.43053],[-75.5243,10.43095],[-75.52405,10.43099],[-75.52381,10.43154],[-75.52386,10.4316],[-75.52369,10.43198],[-75.52359,10.43225],[-75.52357,10.43246],[-75.52353,10.43293],[-75.52339,10.43366],[-75.52335,10.43406],[-75.52272,10.43387],[-75.5225,10.43387],[-75.52249,10.43365],[-75.5225,10.43339],[-75.52249,10.43319],[-75.52247,10.43303],[-75.52244,10.43279],[-75.52225,10.43278],[-75.5222,10.43274],[-75.52217,10.43269],[-75.52209,10.43232],[-75.52205,10.43184],[-75.52204,10.43174],[-75.52207,10.43174],[-75.52279,10.4317]]]}},{"type":"Feature","properties":{"FID":13,"CODIGO":"0800","NOMBRE":"REPUBLICA DEL CARIBE","UCG":2,"LOC":"LH","ZONA":"UCG 2","Shape__Area":42673.162109375,"Shape__Length":1090.6529303820826},"geometry":{"type":"Polygon","coordinates":[[[-75.52368,10.43415],[-75.52384,10.43319],[-75.52397,10.43279],[-75.52412,10.43233],[-75.52437,10.4318],[-75.52447,10.4316],[-75.52452,10.43158],[-75.52465,10.43134],[-75.52484,10.43136],[-75.5252,10.43121],[-75.52522,10.43127],[-75.52532,10.43149],[-75.52545,10.43145],[-75.5258,10.43138],[-75.52599,10.43133],[-75.52601,10.43132],[-75.52629,10.43122],[-75.52641,10.4315],[-75.52614,10.4316],[-75.52586,10.43169],[-75.52568,10.43173],[-75.52569,10.43178],[-75.52569,10.43203],[-75.52563,10.43228],[-75.52557,10.43243],[-75.52535,10.4328],[-75.52511,10.43326],[-75.52493,10.43361],[-75.52476,10.43355],[-75.52475,10.43366],[-75.52438,10.43367],[-75.52413,10.43366],[-75.52387,10.43406],[-75.52382,10.43417],[-75.52368,10.43415]]]}},{"type":"Feature","properties":{"FID":14,"CODIGO":"0850","NOMBRE":"PARAISO II","UCG":2,"LOC":"LH","ZONA":"UCG 2","Shape__Area":89888.0947265625,"Shape__Length":2013.3060379376502},"geometry":{"type":"Polygon","coordinates":[[[-75.52381,10.43154],[-75.52405,10.43099],[-75.5243,10.43095],[-75.52442,10.43053],[-75.52441,10.43021],[-75.52437,10.43003],[-75.52437,10.42976],[-75.52456,10.42874],[-75.52472,10.4285],[-75.52482,10.4284],[-75.52493,10.42831],[-75.52518,10.42773],[-75.52541,10.42756],[-75.5254,10.42731],[-75.52619,10.42721],[-75.52639,10.42718],[-75.52657,10.42729],[-75.52621,10.42808],[-75.526,10.42891],[-75.52591,10.42933],[-75.52578,10.43],[-75.52574,10.43042],[-75.52601,10.43132],[-75.52599,10.43133],[-75.5258,10.43138],[-75.52545,10.43145],[-75.52532,10.43149],[-75.52522,10.43127],[-75.5252,10.43121],[-75.52484,10.43136],[-75.52465,10.43134],[-75.52452,10.43158],[-75.52447,10.4316],[-75.52437,10.4318],[-75.52412,10.43233],[-75.52397,10.43279],[-75.52384,10.43319],[-75.52368,10.43415],[-75.52334,10.43411],[-75.52335,10.43406],[-75.52339,10.43366],[-75.52353,10.43293],[-75.52357,10.43246],[-75.52359,10.43225],[-75.52369,10.43198],[-75.52386,10.4316],[-75.52381,10.43154]]]}},{"type":"Feature","properties":{"FID":15,"CODIGO":"0900","NOMBRE":"LA PAZ","UCG":2,"LOC":"LH","ZONA":"UCG 2","Shape__Area":205128.181640625,"Shape__Length":2589.273975388168},"geometry":{"type":"Polygon","coordinates":[[[-75.52086,10.43372],[-75.52061,10.43352],[-75.52042,10.4334],[-75.52021,10.4333],[-75.51997,10.43322],[-75.5198,10.43314],[-75.51904,10.43274],[-75.51857,10.43253],[-75.51881,10.43206],[-75.51916,10.43142],[-75.51935,10.43122],[-75.51958,10.43095],[-75.51965,10.43092],[-75.51973,10.43093],[-75.51985,10.43114],[-75.52057,10.43152],[-75.52069,10.43106],[-75.52084,10.43086],[-75.52134,10.4303],[-75.52141,10.43002],[-75.52147,10.42951],[-75.5211,10.42936],[-75.52113,10.42901],[-75.52119,10.42846],[-75.52123,10.42789],[-75.52123,10.42777],[-75.52162,10.42776],[-75.52345,10.42794],[-75.52355,10.42885],[-75.52364,10.42955],[-75.52364,10.43024],[-75.52323,10.4314],[-75.52313,10.43192],[-75.52311,10.43213],[-75.52307,10.43214],[-75.5228,10.43216],[-75.52279,10.4317],[-75.52207,10.43174],[-75.52204,10.43174],[-75.52205,10.43184],[-75.52209,10.43232],[-75.52217,10.43269],[-75.5222,10.43274],[-75.52225,10.43278],[-75.52244,10.43279],[-75.52247,10.43303],[-75.52249,10.43319],[-75.5225,10.43339],[-75.52249,10.43365],[-75.52237,10.43365],[-75.52187,10.43365],[-75.52151,10.43365],[-75.52157,10.43415],[-75.52156,10.43445],[-75.52116,10.43433],[-75.52086,10.43372]]]}},{"type":"Feature","properties":{"FID":16,"CODIGO":"0950","NOMBRE":"LOMA FRESCA","UCG":2,"LOC":"LH","ZONA":"UCG 2","Shape__Area":103733.9599609375,"Shape__Length":1573.5280110691451},"geometry":{"type":"Polygon","coordinates":[[[-75.52732,10.43095],[-75.52723,10.431],[-75.52713,10.43098],[-75.52695,10.43059],[-75.52663,10.43068],[-75.5262,10.43091],[-75.52621,10.43095],[-75.52626,10.43115],[-75.52629,10.43122],[-75.52601,10.43132],[-75.52574,10.43042],[-75.52578,10.43],[-75.52591,10.42933],[-75.526,10.42891],[-75.52621,10.42808],[-75.52657,10.42729],[-75.52665,10.42719],[-75.52685,10.42708],[-75.52712,10.42706],[-75.52735,10.42715],[-75.52757,10.42735],[-75.52776,10.42775],[-75.52756,10.42793],[-75.5279,10.42832],[-75.5282,10.42881],[-75.52861,10.42933],[-75.52894,10.43015],[-75.52898,10.4303],[-75.52913,10.43069],[-75.52903,10.43065],[-75.52891,10.43074],[-75.52872,10.43086],[-75.52862,10.43069],[-75.52842,10.43035],[-75.5282,10.43039],[-75.52818,10.43044],[-75.52818,10.43053],[-75.52815,10.43061],[-75.528,10.43076],[-75.52782,10.4309],[-75.52764,10.43074],[-75.52734,10.43098],[-75.52732,10.43095]]]}},{"type":"Feature","properties":{"FID":17,"CODIGO":"1000","NOMBRE":"PABLO VI - I","UCG":2,"LOC":"LH","ZONA":"UCG 2","Shape__Area":56252.341796875,"Shape__Length":1188.4014905487973},"geometry":{"type":"Polygon","coordinates":[[[-75.52626,10.43115],[-75.52621,10.43095],[-75.5262,10.43091],[-75.52663,10.43068],[-75.52695,10.43059],[-75.52713,10.43098],[-75.52723,10.431],[-75.52732,10.43095],[-75.52734,10.43098],[-75.52764,10.43074],[-75.52782,10.4309],[-75.528,10.43076],[-75.52815,10.43061],[-75.52818,10.43053],[-75.52818,10.43044],[-75.5282,10.43039],[-75.52842,10.43035],[-75.52862,10.43069],[-75.52872,10.43086],[-75.52891,10.43074],[-75.52903,10.43065],[-75.52913,10.43069],[-75.52936,10.43098],[-75.5286,10.4318],[-75.52819,10.43223],[-75.52798,10.43247],[-75.52749,10.43294],[-75.52744,10.43311],[-75.52737,10.43337],[-75.52728,10.43349],[-75.52685,10.43244],[-75.52659,10.43186],[-75.52646,10.43161],[-75.52641,10.4315],[-75.52629,10.43122],[-75.52626,10.43115]]]}},{"type":"Feature","properties":{"FID":18,"CODIGO":"1050","NOMBRE":"SAN DIEGO","UCG":1,"LOC":"LH","ZONA":"UCG 1","Shape__Area":268424.4716796875,"Shape__Length":2630.1995340220915},"geometry":{"type":"Polygon","coordinates":[[[-75.54477,10.42894],[-75.54489,10.42864],[-75.5449,10.42829],[-75.54481,10.42803],[-75.54471,10.42774],[-75.54457,10.42747],[-75.54437,10.42716],[-75.54427,10.42687],[-75.54442,10.42671],[-75.54466,10.42652],[-75.54524,10.42614],[-75.54587,10.42573],[-75.54694,10.42488],[-75.54723,10.42464],[-75.54738,10.42489],[-75.547,10.42508],[-75.54716,10.42569],[-75.54873,10.42521],[-75.54847,10.42621],[-75.54843,10.42681],[-75.54831,10.42835],[-75.54831,10.42876],[-75.5483,10.42893],[-75.54937,10.42826],[-75.54941,10.42832],[-75.54974,10.42875],[-75.54971,10.42878],[-75.54969,10.4288],[-75.54966,10.42883],[-75.54963,10.42886],[-75.54961,10.42888],[-75.54958,10.42891],[-75.54957,10.42894],[-75.54955,10.42897],[-75.54953,10.429],[-75.54951,10.42903],[-75.54946,10.42911],[-75.54944,10.42915],[-75.54942,10.42918],[-75.5494,10.42921],[-75.54938,10.42924],[-75.54937,10.42926],[-75.54935,10.42928],[-75.54931,10.42934],[-75.54929,10.42936],[-75.54926,10.42939],[-75.54924,10.42941],[-75.54921,10.42943],[-75.54917,10.42945],[-75.5491,10.42948],[-75.54907,10.4295],[-75.54903,10.42951],[-75.54898,10.42952],[-75.54894,10.42952],[-75.54891,10.42953],[-75.54888,10.42954],[-75.54884,10.42955],[-75.54878,10.42958],[-75.54875,10.42959],[-75.54835,10.42975],[-75.54832,10.42976],[-75.54825,10.42978],[-75.54822,10.4298],[-75.54816,10.42982],[-75.54807,10.42986],[-75.54803,10.42987],[-75.548,10.42989],[-75.54797,10.42991],[-75.54794,10.42993],[-75.54789,10.42997],[-75.54728,10.43057],[-75.54679,10.43111],[-75.5465,10.43146],[-75.54604,10.43175],[-75.54578,10.43187],[-75.54535,10.43149],[-75.54486,10.43055],[-75.5444,10.42981],[-75.54432,10.42967],[-75.54423,10.42965],[-75.54432,10.42948],[-75.54453,10.42917],[-75.54477,10.42894]]]}},{"type":"Feature","properties":{"FID":19,"CODIGO":"1100","NOMBRE":"CERRO DE LA POPA","UCG":2,"LOC":"LH","ZONA":"UCG 2","Shape__Area":683427.7265625,"Shape__Length":4363.489399856541},"geometry":{"type":"Polygon","coordinates":[[[-75.52472,10.4285],[-75.52417,10.42849],[-75.52411,10.42876],[-75.52355,10.42885],[-75.52345,10.42794],[-75.52162,10.42776],[-75.52123,10.42777],[-75.52125,10.42731],[-75.52149,10.42659],[-75.52206,10.42552],[-75.52258,10.4243],[-75.52316,10.42276],[-75.52306,10.42196],[-75.52224,10.42198],[-75.52234,10.42001],[-75.52249,10.41968],[-75.52294,10.41952],[-75.52333,10.41922],[-75.52377,10.41937],[-75.52405,10.41899],[-75.52429,10.41846],[-75.52485,10.41846],[-75.525,10.41814],[-75.52503,10.41738],[-75.52426,10.41712],[-75.52428,10.41694],[-75.52486,10.41699],[-75.52525,10.41706],[-75.52558,10.4174],[-75.52575,10.41754],[-75.52618,10.41754],[-75.5263,10.41758],[-75.52592,10.41789],[-75.52621,10.41817],[-75.52689,10.41752],[-75.52703,10.41763],[-75.5272,10.41761],[-75.52771,10.41806],[-75.52753,10.41826],[-75.52778,10.41847],[-75.52774,10.4187],[-75.52829,10.41936],[-75.52829,10.41986],[-75.52834,10.41991],[-75.52828,10.42002],[-75.52808,10.42026],[-75.52801,10.42053],[-75.52798,10.42084],[-75.5277,10.42088],[-75.52768,10.42109],[-75.52799,10.42157],[-75.52863,10.42206],[-75.52928,10.4227],[-75.52925,10.4233],[-75.52914,10.4237],[-75.52886,10.42381],[-75.52863,10.42382],[-75.52818,10.42393],[-75.52795,10.42448],[-75.52796,10.42496],[-75.5277,10.42514],[-75.52721,10.42578],[-75.52689,10.4262],[-75.52685,10.42708],[-75.52665,10.42719],[-75.52657,10.42729],[-75.52639,10.42718],[-75.52619,10.42721],[-75.5254,10.42731],[-75.52541,10.42756],[-75.52518,10.42773],[-75.52493,10.42831],[-75.52482,10.4284],[-75.52472,10.4285]]]}},{"type":"Feature","properties":{"FID":20,"CODIGO":"1150","NOMBRE":"SAN BERNARDO","UCG":3,"LOC":"LH","ZONA":"UCG 3","Shape__Area":134636.4365234375,"Shape__Length":1844.4972854911223},"geometry":{"type":"Polygon","coordinates":[[[-75.52004,10.42654],[-75.52015,10.42613],[-75.52063,10.42635],[-75.52125,10.42653],[-75.52149,10.42659],[-75.52125,10.42731],[-75.52123,10.42777],[-75.52123,10.42789],[-75.52119,10.42846],[-75.52113,10.42901],[-75.5211,10.42936],[-75.52147,10.42951],[-75.52141,10.43002],[-75.52134,10.4303],[-75.52084,10.43086],[-75.52069,10.43106],[-75.52057,10.43152],[-75.51985,10.43114],[-75.51973,10.43093],[-75.51965,10.43092],[-75.51934,10.43074],[-75.51944,10.43059],[-75.51894,10.43027],[-75.51894,10.43025],[-75.51897,10.43004],[-75.51894,10.42988],[-75.51895,10.42969],[-75.51892,10.42948],[-75.51881,10.42906],[-75.51876,10.429],[-75.51773,10.42944],[-75.51767,10.42935],[-75.51779,10.429],[-75.51785,10.42887],[-75.51802,10.42869],[-75.51812,10.42864],[-75.51835,10.42828],[-75.51848,10.42806],[-75.51868,10.42815],[-75.5188,10.4278],[-75.51884,10.42764],[-75.51905,10.42758],[-75.51916,10.42748],[-75.51924,10.42736],[-75.5196,10.4275],[-75.52004,10.42654]]]}},{"type":"Feature","properties":{"FID":21,"CODIGO":"1250","NOMBRE":"NARIÑO","UCG":2,"LOC":"LH","ZONA":"UCG 2","Shape__Area":228755.517578125,"Shape__Length":2818.9889259072374},"geometry":{"type":"Polygon","coordinates":[[[-75.53039,10.4274],[-75.53013,10.42724],[-75.53011,10.42709],[-75.52996,10.42701],[-75.52993,10.42693],[-75.52992,10.42694],[-75.52983,10.42697],[-75.52978,10.42698],[-75.52952,10.42669],[-75.52934,10.42669],[-75.52918,10.42677],[-75.52913,10.4267],[-75.52904,10.4266],[-75.52875,10.42686],[-75.52838,10.42718],[-75.52802,10.42672],[-75.52721,10.42578],[-75.5277,10.42514],[-75.52796,10.42496],[-75.52795,10.42448],[-75.52818,10.42393],[-75.52863,10.42382],[-75.52886,10.42381],[-75.52914,10.4237],[-75.52925,10.4233],[-75.52928,10.4227],[-75.52863,10.42206],[-75.52799,10.42157],[-75.52768,10.42109],[-75.5277,10.42088],[-75.52798,10.42084],[-75.52804,10.42107],[-75.52819,10.42127],[-75.5284,10.42139],[-75.52868,10.4215],[-75.5291,10.42159],[-75.52915,10.42171],[-75.52921,10.42195],[-75.52927,10.42202],[-75.5295,10.42232],[-75.52959,10.42242],[-75.5296,10.42242],[-75.52962,10.42246],[-75.52969,10.42252],[-75.52979,10.42261],[-75.52988,10.42265],[-75.53033,10.4231],[-75.53073,10.42346],[-75.53126,10.42387],[-75.53204,10.4244],[-75.53214,10.42444],[-75.53246,10.42459],[-75.53248,10.42461],[-75.53245,10.42465],[-75.53234,10.42505],[-75.53242,10.42513],[-75.53238,10.4253],[-75.53256,10.4254],[-75.53274,10.42551],[-75.53266,10.42564],[-75.53299,10.42583],[-75.53287,10.4261],[-75.53308,10.42626],[-75.53311,10.42637],[-75.5332,10.42661],[-75.53304,10.4267],[-75.53306,10.4268],[-75.53295,10.42687],[-75.53285,10.42681],[-75.53282,10.42686],[-75.5327,10.42696],[-75.53259,10.42708],[-75.53236,10.4273],[-75.53214,10.42697],[-75.53192,10.42662],[-75.53186,10.42651],[-75.53182,10.42648],[-75.53177,10.42658],[-75.53166,10.42722],[-75.53151,10.4274],[-75.53142,10.42739],[-75.53134,10.42731],[-75.53106,10.42767],[-75.53083,10.42786],[-75.53062,10.42767],[-75.53038,10.42746],[-75.53039,10.4274]]]}},{"type":"Feature","properties":{"FID":22,"CODIGO":"1400","NOMBRE":"ESPINAL","UCG":2,"LOC":"LH","ZONA":"UCG 2","Shape__Area":242883.166015625,"Shape__Length":2934.1029570471997},"geometry":{"type":"Polygon","coordinates":[[[-75.53557,10.42366],[-75.5353,10.42356],[-75.53493,10.42356],[-75.53466,10.42361],[-75.53453,10.42363],[-75.53412,10.42348],[-75.53385,10.42335],[-75.53362,10.42315],[-75.53381,10.4229],[-75.53427,10.42271],[-75.53477,10.42255],[-75.53492,10.4224],[-75.53572,10.42258],[-75.53618,10.42268],[-75.53695,10.42302],[-75.53818,10.42397],[-75.5382,10.42366],[-75.53782,10.42281],[-75.53713,10.4218],[-75.53789,10.42142],[-75.53869,10.42102],[-75.53917,10.42103],[-75.53945,10.42109],[-75.54034,10.42138],[-75.54054,10.42145],[-75.54105,10.42179],[-75.54123,10.42202],[-75.54131,10.42207],[-75.5415,10.4222],[-75.54189,10.42238],[-75.54199,10.42256],[-75.54188,10.42279],[-75.54184,10.42309],[-75.54192,10.42328],[-75.54181,10.42337],[-75.54166,10.42346],[-75.54153,10.4235],[-75.5416,10.42362],[-75.54158,10.42373],[-75.54172,10.42389],[-75.5418,10.42406],[-75.54193,10.42462],[-75.54129,10.42458],[-75.54108,10.42499],[-75.54096,10.4252],[-75.54034,10.42478],[-75.53997,10.42536],[-75.53969,10.42514],[-75.53899,10.42458],[-75.53881,10.42468],[-75.53866,10.42473],[-75.53849,10.42491],[-75.53809,10.42545],[-75.5373,10.42489],[-75.53628,10.42414],[-75.53577,10.42376],[-75.53557,10.42366]]]}},{"type":"Feature","properties":{"FID":23,"CODIGO":"1500","NOMBRE":"LO AMADOR","UCG":2,"LOC":"LH","ZONA":"UCG 2","Shape__Area":174567.1298828125,"Shape__Length":2093.853457812816},"geometry":{"type":"Polygon","coordinates":[[[-75.53204,10.4244],[-75.53126,10.42387],[-75.53073,10.42346],[-75.53033,10.4231],[-75.52988,10.42265],[-75.52979,10.42261],[-75.52969,10.42252],[-75.52962,10.42246],[-75.5296,10.42242],[-75.52959,10.42242],[-75.5295,10.42232],[-75.52927,10.42202],[-75.52921,10.42195],[-75.52915,10.42171],[-75.5291,10.42159],[-75.52868,10.4215],[-75.5284,10.42139],[-75.52819,10.42127],[-75.52804,10.42107],[-75.52798,10.42084],[-75.52808,10.42082],[-75.52826,10.42079],[-75.52832,10.42075],[-75.52843,10.42073],[-75.52849,10.42073],[-75.52851,10.42077],[-75.52854,10.42091],[-75.52858,10.42089],[-75.52902,10.42085],[-75.52916,10.42081],[-75.5293,10.42076],[-75.52923,10.42057],[-75.52921,10.42044],[-75.5298,10.42015],[-75.53049,10.41982],[-75.53054,10.41981],[-75.53061,10.41988],[-75.53088,10.4202],[-75.53135,10.42067],[-75.53189,10.42113],[-75.53281,10.42169],[-75.53341,10.42197],[-75.534,10.42219],[-75.53451,10.42229],[-75.53492,10.4224],[-75.53477,10.42255],[-75.53427,10.42271],[-75.53381,10.4229],[-75.53362,10.42315],[-75.53385,10.42335],[-75.53383,10.42337],[-75.53371,10.42354],[-75.53363,10.4237],[-75.53338,10.42401],[-75.5333,10.42408],[-75.53314,10.42432],[-75.533,10.42421],[-75.53297,10.42424],[-75.53284,10.42415],[-75.53275,10.42414],[-75.53265,10.4244],[-75.53248,10.42461],[-75.53246,10.42459],[-75.53214,10.42444],[-75.53204,10.4244]]]}},{"type":"Feature","properties":{"FID":24,"CODIGO":"1600","NOMBRE":"EL POZON","UCG":6,"LOC":"LV","ZONA":"UCG 6","Shape__Area":2474124.71484375,"Shape__Length":7156.767910766091},"geometry":{"type":"Polygon","coordinates":[[[-75.45778,10.4036],[-75.45809,10.404],[-75.45854,10.4044],[-75.46021,10.40558],[-75.46048,10.40565],[-75.46041,10.40649],[-75.46071,10.40658],[-75.46113,10.40665],[-75.46161,10.40642],[-75.462,10.40644],[-75.4622,10.40647],[-75.46244,10.40661],[-75.46274,10.40706],[-75.46285,10.40787],[-75.46428,10.40905],[-75.46468,10.40924],[-75.46486,10.40946],[-75.46521,10.41048],[-75.46532,10.41083],[-75.46553,10.41094],[-75.46577,10.41117],[-75.46604,10.41143],[-75.46638,10.41185],[-75.46761,10.41185],[-75.46845,10.41233],[-75.46854,10.41288],[-75.4686,10.4137],[-75.46795,10.41385],[-75.46816,10.41567],[-75.46629,10.41579],[-75.46806,10.41862],[-75.46579,10.41993],[-75.46474,10.42053],[-75.46201,10.42215],[-75.46097,10.42289],[-75.46166,10.42377],[-75.45994,10.42458],[-75.45888,10.42264],[-75.45776,10.4206],[-75.45489,10.41538],[-75.45404,10.41366],[-75.45372,10.41313],[-75.45337,10.41187],[-75.45317,10.41096],[-75.45303,10.41062],[-75.45278,10.41025],[-75.45252,10.40997],[-75.45204,10.40959],[-75.45163,10.40925],[-75.45131,10.40886],[-75.45061,10.40741],[-75.45131,10.40696],[-75.45254,10.40638],[-75.45308,10.40614],[-75.45378,10.40578],[-75.45491,10.40508],[-75.45659,10.40422],[-75.45778,10.4036]]]}},{"type":"Feature","properties":{"FID":25,"CODIGO":"1650","NOMBRE":"PIE DE LA POPA","UCG":1,"LOC":"LH","ZONA":"UCG 1","Shape__Area":527737.9150390625,"Shape__Length":3865.8443131686245},"geometry":{"type":"Polygon","coordinates":[[[-75.53088,10.4202],[-75.53061,10.41988],[-75.53054,10.41981],[-75.53022,10.41941],[-75.52993,10.41901],[-75.52954,10.41855],[-75.52933,10.41828],[-75.5291,10.41797],[-75.52872,10.4175],[-75.52854,10.41725],[-75.52803,10.41665],[-75.52736,10.41592],[-75.52713,10.41574],[-75.52646,10.41532],[-75.52589,10.41496],[-75.52532,10.41459],[-75.52447,10.41404],[-75.5249,10.41423],[-75.52554,10.41461],[-75.526,10.41485],[-75.52638,10.41497],[-75.5266,10.41501],[-75.52692,10.41507],[-75.52735,10.41518],[-75.52744,10.41521],[-75.52805,10.41371],[-75.52849,10.41272],[-75.52856,10.41261],[-75.5286,10.41255],[-75.52864,10.41253],[-75.52869,10.41254],[-75.52874,10.41252],[-75.52879,10.41252],[-75.52885,10.41256],[-75.52887,10.4126],[-75.52888,10.41258],[-75.52894,10.41259],[-75.52895,10.41262],[-75.529,10.41257],[-75.52905,10.41258],[-75.52919,10.41259],[-75.52947,10.41265],[-75.5295,10.41269],[-75.5295,10.41273],[-75.52953,10.4127],[-75.52958,10.41269],[-75.52962,10.4127],[-75.5296,10.41272],[-75.52958,10.41274],[-75.52956,10.41277],[-75.52956,10.41278],[-75.52959,10.41277],[-75.52964,10.41272],[-75.52968,10.41273],[-75.52975,10.41278],[-75.52979,10.41279],[-75.52983,10.4128],[-75.52987,10.41282],[-75.5299,10.41285],[-75.52996,10.41288],[-75.53003,10.41292],[-75.53008,10.41295],[-75.53012,10.413],[-75.5302,10.41304],[-75.53026,10.41308],[-75.53029,10.4131],[-75.53031,10.41311],[-75.53034,10.41313],[-75.53037,10.41315],[-75.53042,10.41317],[-75.53049,10.41322],[-75.53058,10.41328],[-75.53062,10.41333],[-75.53067,10.41336],[-75.53075,10.4134],[-75.5308,10.41344],[-75.53085,10.41349],[-75.5309,10.41351],[-75.53094,10.41354],[-75.53095,10.41355],[-75.53095,10.41357],[-75.53109,10.41368],[-75.53126,10.41384],[-75.53133,10.41392],[-75.53143,10.41401],[-75.53154,10.41415],[-75.53167,10.41428],[-75.53171,10.41434],[-75.53174,10.41439],[-75.53176,10.41443],[-75.53174,10.41445],[-75.53176,10.41448],[-75.53177,10.4145],[-75.53176,10.41452],[-75.53173,10.41456],[-75.53176,10.41457],[-75.53177,10.41454],[-75.53181,10.41454],[-75.53184,10.41456],[-75.53189,10.41459],[-75.53189,10.4146],[-75.53189,10.41463],[-75.53192,10.41463],[-75.53195,10.41461],[-75.532,10.41462],[-75.53203,10.41465],[-75.53208,10.41474],[-75.53209,10.41474],[-75.53212,10.41475],[-75.53214,10.41478],[-75.53213,10.41483],[-75.53215,10.41482],[-75.53216,10.41482],[-75.53219,10.41482],[-75.53223,10.41484],[-75.53236,10.41498],[-75.53245,10.41504],[-75.53248,10.41507],[-75.53256,10.41513],[-75.53265,10.4152],[-75.53265,10.4152],[-75.53268,10.41519],[-75.53272,10.41521],[-75.53278,10.41522],[-75.53283,10.41525],[-75.53287,10.4153],[-75.53287,10.41534],[-75.53286,10.41537],[-75.53284,10.41537],[-75.53282,10.41538],[-75.53284,10.41541],[-75.53286,10.41541],[-75.53289,10.4154],[-75.53295,10.41535],[-75.53299,10.41537],[-75.53305,10.41542],[-75.53309,10.41546],[-75.53314,10.41549],[-75.53316,10.41553],[-75.53318,10.41555],[-75.5332,10.4156],[-75.5332,10.41564],[-75.53316,10.41565],[-75.53312,10.41567],[-75.53314,10.41569],[-75.53317,10.41568],[-75.53319,10.41568],[-75.53323,10.41569],[-75.53327,10.4157],[-75.53329,10.41574],[-75.5333,10.41575],[-75.53331,10.41577],[-75.5333,10.41581],[-75.5333,10.41582],[-75.53328,10.41583],[-75.53332,10.4159],[-75.53339,10.41586],[-75.53342,10.41583],[-75.53345,10.41579],[-75.53356,10.41582],[-75.53364,10.41585],[-75.53364,10.41589],[-75.53372,10.41599],[-75.53383,10.41612],[-75.53399,10.41627],[-75.53402,10.41632],[-75.53415,10.4164],[-75.53422,10.41651],[-75.53426,10.41663],[-75.53427,10.41669],[-75.53427,10.41676],[-75.53433,10.41682],[-75.5344,10.41686],[-75.53446,10.41697],[-75.53446,10.417],[-75.53452,10.417],[-75.53459,10.41705],[-75.53471,10.41715],[-75.53482,10.4172],[-75.53497,10.4173],[-75.53501,10.4174],[-75.53503,10.41744],[-75.53515,10.41745],[-75.53529,10.41743],[-75.53539,10.41746],[-75.53546,10.4175],[-75.53553,10.41758],[-75.53558,10.41763],[-75.53567,10.4176],[-75.53578,10.41759],[-75.53592,10.41758],[-75.53601,10.4176],[-75.53563,10.41839],[-75.53557,10.4187],[-75.53524,10.42067],[-75.53368,10.42049],[-75.53352,10.42077],[-75.53281,10.42169],[-75.53189,10.42113],[-75.53135,10.42067],[-75.53088,10.4202]]]}},{"type":"Feature","properties":{"FID":26,"CODIGO":"1800","NOMBRE":"LA ESPERANZA","UCG":4,"LOC":"LV","ZONA":"UCG 4","Shape__Area":433414.0634765625,"Shape__Length":2972.14272446921},"geometry":{"type":"Polygon","coordinates":[[[-75.51474,10.41805],[-75.51436,10.41777],[-75.51409,10.41745],[-75.51389,10.41733],[-75.51373,10.41728],[-75.5142,10.41529],[-75.51454,10.41428],[-75.51481,10.41358],[-75.5152,10.41358],[-75.51586,10.41355],[-75.51791,10.41337],[-75.51787,10.41293],[-75.51788,10.41229],[-75.51745,10.41197],[-75.51801,10.4119],[-75.51823,10.4119],[-75.51842,10.41192],[-75.5193,10.41238],[-75.52023,10.41282],[-75.5203,10.41284],[-75.52162,10.41307],[-75.52164,10.4131],[-75.52168,10.41321],[-75.52167,10.41329],[-75.52154,10.41349],[-75.52123,10.41373],[-75.52186,10.41426],[-75.52205,10.41445],[-75.52201,10.41464],[-75.52208,10.41474],[-75.52223,10.41506],[-75.52222,10.41516],[-75.52207,10.4154],[-75.52181,10.41577],[-75.52146,10.41631],[-75.52126,10.41668],[-75.52106,10.41717],[-75.52025,10.41708],[-75.51972,10.41702],[-75.51971,10.41715],[-75.51933,10.41712],[-75.5189,10.4171],[-75.51868,10.41713],[-75.51866,10.41728],[-75.51845,10.41725],[-75.51811,10.41717],[-75.51806,10.41733],[-75.51798,10.4175],[-75.51785,10.41766],[-75.51767,10.41789],[-75.51749,10.41811],[-75.51697,10.41811],[-75.51649,10.41807],[-75.51625,10.41802],[-75.51606,10.41802],[-75.51596,10.41812],[-75.51552,10.41819],[-75.51528,10.41827],[-75.51505,10.41821],[-75.51474,10.41805]]]}},{"type":"Feature","properties":{"FID":27,"CODIGO":"1850","NOMBRE":"LA QUINTA","UCG":4,"LOC":"LV","ZONA":"UCG 4","Shape__Area":335369.2138671875,"Shape__Length":4090.901953989576},"geometry":{"type":"Polygon","coordinates":[[[-75.52405,10.41899],[-75.52386,10.41876],[-75.52393,10.41857],[-75.52394,10.41837],[-75.52398,10.41816],[-75.5238,10.41816],[-75.52371,10.41812],[-75.52361,10.41807],[-75.52371,10.41786],[-75.5238,10.41764],[-75.52314,10.41729],[-75.52286,10.41718],[-75.52267,10.41711],[-75.52256,10.41706],[-75.52239,10.41741],[-75.52205,10.4173],[-75.52173,10.41725],[-75.5213,10.4172],[-75.52106,10.41717],[-75.52126,10.41668],[-75.52146,10.41631],[-75.52181,10.41577],[-75.52207,10.4154],[-75.52222,10.41516],[-75.52223,10.41506],[-75.52208,10.41474],[-75.52201,10.41464],[-75.52205,10.41445],[-75.52186,10.41426],[-75.52123,10.41373],[-75.52154,10.41349],[-75.52167,10.41329],[-75.52168,10.41321],[-75.52164,10.4131],[-75.52162,10.41307],[-75.52188,10.41305],[-75.52239,10.41302],[-75.5226,10.41304],[-75.52308,10.41315],[-75.52358,10.41345],[-75.52447,10.41404],[-75.52532,10.41459],[-75.52589,10.41496],[-75.52646,10.41532],[-75.52713,10.41574],[-75.52736,10.41592],[-75.52803,10.41665],[-75.52854,10.41725],[-75.52872,10.4175],[-75.5291,10.41797],[-75.52933,10.41828],[-75.52954,10.41855],[-75.52993,10.41901],[-75.53022,10.41941],[-75.53054,10.41981],[-75.53049,10.41982],[-75.5298,10.42015],[-75.52921,10.42044],[-75.52923,10.42057],[-75.5293,10.42076],[-75.52916,10.42081],[-75.52902,10.42085],[-75.52858,10.42089],[-75.52854,10.42091],[-75.52851,10.42077],[-75.52849,10.42073],[-75.52843,10.42073],[-75.52832,10.42075],[-75.52826,10.42079],[-75.52808,10.42082],[-75.52798,10.42084],[-75.52801,10.42053],[-75.52808,10.42026],[-75.52828,10.42002],[-75.52834,10.41991],[-75.52829,10.41986],[-75.52829,10.41936],[-75.52774,10.4187],[-75.52778,10.41847],[-75.52753,10.41826],[-75.52771,10.41806],[-75.5272,10.41761],[-75.52703,10.41763],[-75.52689,10.41752],[-75.52621,10.41817],[-75.52592,10.41789],[-75.5263,10.41758],[-75.52618,10.41754],[-75.52575,10.41754],[-75.52558,10.4174],[-75.52525,10.41706],[-75.52486,10.41699],[-75.52428,10.41694],[-75.52426,10.41712],[-75.52503,10.41738],[-75.525,10.41814],[-75.52485,10.41846],[-75.52429,10.41846],[-75.52405,10.41899]]]}},{"type":"Feature","properties":{"FID":28,"CODIGO":"1900","NOMBRE":"LA CANDELARIA","UCG":4,"LOC":"LV","ZONA":"UCG 4","Shape__Area":492410.9111328125,"Shape__Length":3080.0022925789253},"geometry":{"type":"Polygon","coordinates":[[[-75.51444,10.41024],[-75.51556,10.41073],[-75.51593,10.41095],[-75.5166,10.41139],[-75.51745,10.41197],[-75.51788,10.41229],[-75.51787,10.41293],[-75.51791,10.41337],[-75.51586,10.41355],[-75.5152,10.41358],[-75.51481,10.41358],[-75.51454,10.41428],[-75.5142,10.41529],[-75.51373,10.41728],[-75.51353,10.41721],[-75.51322,10.41717],[-75.51297,10.41709],[-75.51282,10.41701],[-75.51247,10.41693],[-75.51206,10.41678],[-75.51165,10.4166],[-75.51136,10.41649],[-75.51108,10.41639],[-75.51065,10.41638],[-75.51027,10.41641],[-75.50995,10.41639],[-75.50962,10.41628],[-75.50933,10.41613],[-75.50914,10.4161],[-75.50878,10.41613],[-75.5091,10.41489],[-75.51011,10.41195],[-75.51034,10.41113],[-75.51043,10.41078],[-75.51047,10.41016],[-75.51141,10.41014],[-75.51216,10.41005],[-75.51275,10.40999],[-75.51329,10.40999],[-75.51385,10.41007],[-75.51444,10.41024]]]}},{"type":"Feature","properties":{"FID":29,"CODIGO":"2000","NOMBRE":"BOSTON","UCG":4,"LOC":"LV","ZONA":"UCG 4","Shape__Area":387343.4013671875,"Shape__Length":3082.8684597817005},"geometry":{"type":"Polygon","coordinates":[[[-75.50704,10.41012],[-75.50768,10.41025],[-75.5078,10.40971],[-75.50674,10.40948],[-75.50676,10.40896],[-75.50675,10.40811],[-75.50674,10.4071],[-75.50949,10.4076],[-75.50992,10.40768],[-75.50986,10.40792],[-75.51011,10.40802],[-75.51055,10.40824],[-75.51091,10.40838],[-75.5106,10.40933],[-75.51046,10.40991],[-75.51047,10.41016],[-75.51043,10.41078],[-75.51034,10.41113],[-75.51011,10.41195],[-75.5091,10.41489],[-75.50878,10.41613],[-75.50862,10.41616],[-75.50839,10.41618],[-75.5082,10.41649],[-75.50797,10.41669],[-75.50768,10.4167],[-75.50743,10.41659],[-75.50724,10.4165],[-75.50701,10.41649],[-75.50668,10.41649],[-75.50642,10.41659],[-75.50634,10.41661],[-75.50606,10.41661],[-75.50577,10.41655],[-75.50563,10.4165],[-75.50587,10.41534],[-75.506,10.41482],[-75.50613,10.41419],[-75.50616,10.41401],[-75.50647,10.41255],[-75.50676,10.41133],[-75.50685,10.41096],[-75.50692,10.41064],[-75.50704,10.41012]]]}},{"type":"Feature","properties":{"FID":30,"CODIGO":"2050","NOMBRE":"BARRIO CHINO","UCG":9,"LOC":"LH","ZONA":"UCG 9","Shape__Area":169640.908203125,"Shape__Length":1885.951988265447},"geometry":{"type":"Polygon","coordinates":[[[-75.52308,10.41315],[-75.52271,10.41195],[-75.52489,10.41115],[-75.525,10.41124],[-75.52512,10.41131],[-75.52517,10.41137],[-75.52527,10.41145],[-75.52535,10.4115],[-75.52546,10.41154],[-75.52553,10.41156],[-75.52556,10.41159],[-75.52574,10.41173],[-75.52581,10.41181],[-75.52581,10.41182],[-75.52588,10.41183],[-75.52598,10.4119],[-75.52608,10.41195],[-75.52618,10.41203],[-75.52616,10.4121],[-75.52623,10.41206],[-75.52629,10.41207],[-75.52634,10.41215],[-75.52631,10.41221],[-75.52634,10.41223],[-75.52643,10.41222],[-75.52649,10.41228],[-75.52647,10.41233],[-75.52656,10.41231],[-75.52669,10.41237],[-75.52685,10.41241],[-75.52696,10.41245],[-75.52698,10.41227],[-75.52704,10.41217],[-75.52714,10.41216],[-75.52724,10.41215],[-75.52732,10.41204],[-75.5274,10.41202],[-75.52745,10.41203],[-75.52758,10.41198],[-75.52769,10.41199],[-75.52772,10.41209],[-75.52772,10.41218],[-75.52775,10.4122],[-75.52778,10.41225],[-75.52777,10.41232],[-75.52782,10.41233],[-75.52781,10.41237],[-75.52778,10.4124],[-75.52777,10.41241],[-75.52782,10.41245],[-75.52784,10.41243],[-75.52789,10.41244],[-75.52788,10.41242],[-75.52792,10.4124],[-75.52797,10.41239],[-75.52807,10.41242],[-75.52808,10.41241],[-75.5281,10.41237],[-75.52818,10.41236],[-75.52826,10.4124],[-75.52825,10.41245],[-75.52819,10.41248],[-75.52825,10.41246],[-75.52831,10.41245],[-75.52835,10.41242],[-75.52843,10.41243],[-75.52851,10.41245],[-75.52857,10.4125],[-75.52861,10.41252],[-75.5286,10.41255],[-75.52856,10.41261],[-75.52849,10.41272],[-75.52805,10.41371],[-75.52744,10.41521],[-75.52735,10.41518],[-75.52692,10.41507],[-75.5266,10.41501],[-75.52638,10.41497],[-75.526,10.41485],[-75.52554,10.41461],[-75.5249,10.41423],[-75.52447,10.41404],[-75.52358,10.41345],[-75.52308,10.41315]]]}},{"type":"Feature","properties":{"FID":31,"CODIGO":"2100","NOMBRE":"REPUBLICA DEL LIBANO","UCG":5,"LOC":"LV","ZONA":"UCG 5","Shape__Area":387749.423828125,"Shape__Length":2737.32179617498},"geometry":{"type":"Polygon","coordinates":[[[-75.50449,10.41576],[-75.50429,10.41573],[-75.50395,10.4158],[-75.50363,10.41582],[-75.50321,10.41585],[-75.50301,10.41579],[-75.50284,10.4157],[-75.50267,10.41559],[-75.5025,10.41548],[-75.50235,10.41539],[-75.50196,10.41534],[-75.50172,10.41538],[-75.50142,10.41534],[-75.50156,10.41464],[-75.50176,10.41329],[-75.50197,10.41235],[-75.50212,10.41141],[-75.50265,10.40871],[-75.50383,10.40891],[-75.5052,10.40918],[-75.5062,10.40938],[-75.50674,10.40948],[-75.5078,10.40971],[-75.50768,10.41025],[-75.50704,10.41012],[-75.50692,10.41064],[-75.50685,10.41096],[-75.50676,10.41133],[-75.50647,10.41255],[-75.50616,10.41401],[-75.50613,10.41419],[-75.506,10.41482],[-75.50587,10.41534],[-75.50563,10.4165],[-75.50542,10.41644],[-75.50514,10.41636],[-75.50495,10.41618],[-75.50476,10.41594],[-75.50461,10.41582],[-75.50449,10.41576]]]}},{"type":"Feature","properties":{"FID":32,"CODIGO":"2150","NOMBRE":"ALCIBIA","UCG":4,"LOC":"LV","ZONA":"UCG 4","Shape__Area":245477.52734375,"Shape__Length":3467.866066101557},"geometry":{"type":"Polygon","coordinates":[[[-75.5226,10.41304],[-75.52239,10.41302],[-75.52188,10.41305],[-75.52162,10.41307],[-75.5203,10.41284],[-75.52023,10.41282],[-75.5193,10.41238],[-75.51842,10.41192],[-75.51823,10.4119],[-75.51801,10.4119],[-75.51745,10.41197],[-75.5166,10.41139],[-75.51593,10.41095],[-75.51556,10.41073],[-75.51444,10.41024],[-75.51385,10.41007],[-75.51329,10.40999],[-75.51275,10.40999],[-75.51216,10.41005],[-75.51141,10.41014],[-75.51047,10.41016],[-75.51046,10.40991],[-75.5106,10.40933],[-75.51091,10.40838],[-75.51055,10.40824],[-75.51011,10.40802],[-75.50986,10.40792],[-75.50992,10.40768],[-75.5112,10.40794],[-75.51256,10.4082],[-75.51429,10.40852],[-75.51532,10.40876],[-75.51575,10.40891],[-75.516,10.40902],[-75.51632,10.40917],[-75.51701,10.40957],[-75.51783,10.41008],[-75.51796,10.41017],[-75.51841,10.41044],[-75.5196,10.41114],[-75.5208,10.41182],[-75.52162,10.4123],[-75.52308,10.41315],[-75.5226,10.41304]]]}},{"type":"Feature","properties":{"FID":33,"CODIGO":"2200","NOMBRE":"EL PRADO","UCG":9,"LOC":"LH","ZONA":"UCG 9","Shape__Area":265897.1884765625,"Shape__Length":2343.873276963327},"geometry":{"type":"Polygon","coordinates":[[[-75.52104,10.40694],[-75.52137,10.40772],[-75.52186,10.40933],[-75.52271,10.41195],[-75.52308,10.41315],[-75.52162,10.4123],[-75.5208,10.41182],[-75.5196,10.41114],[-75.51841,10.41044],[-75.51796,10.41017],[-75.51783,10.41008],[-75.51701,10.40957],[-75.51632,10.40917],[-75.516,10.40902],[-75.51606,10.40878],[-75.51617,10.40853],[-75.51632,10.40818],[-75.5165,10.40753],[-75.51665,10.40751],[-75.5183,10.40734],[-75.51966,10.40713],[-75.52104,10.40694]]]}},{"type":"Feature","properties":{"FID":34,"CODIGO":"2250","NOMBRE":"MARTINEZ MARTELO","UCG":9,"LOC":"LH","ZONA":"UCG 9","Shape__Area":165117.2646484375,"Shape__Length":2357.507594830774},"geometry":{"type":"Polygon","coordinates":[[[-75.52137,10.40772],[-75.52133,10.40714],[-75.52139,10.40551],[-75.522,10.4054],[-75.52305,10.40512],[-75.52388,10.40528],[-75.52428,10.40545],[-75.52513,10.40583],[-75.52508,10.40591],[-75.52502,10.40596],[-75.525,10.40598],[-75.52491,10.40598],[-75.52487,10.40598],[-75.5248,10.40598],[-75.52474,10.40596],[-75.52469,10.40594],[-75.52465,10.40595],[-75.52461,10.40592],[-75.52456,10.40591],[-75.52454,10.40589],[-75.52453,10.40591],[-75.5245,10.40588],[-75.52444,10.40585],[-75.52435,10.40585],[-75.52424,10.40591],[-75.52419,10.40594],[-75.52415,10.40595],[-75.5241,10.40596],[-75.52406,10.40598],[-75.52402,10.40597],[-75.52388,10.40599],[-75.52379,10.40601],[-75.52369,10.40605],[-75.52363,10.40606],[-75.52363,10.40609],[-75.5236,10.4061],[-75.52353,10.40616],[-75.52347,10.40622],[-75.52341,10.40647],[-75.52344,10.40647],[-75.52345,10.40648],[-75.52345,10.40649],[-75.52343,10.4065],[-75.52343,10.40651],[-75.52339,10.40653],[-75.52339,10.40657],[-75.52339,10.4066],[-75.52337,10.40666],[-75.52335,10.40675],[-75.52333,10.40682],[-75.52332,10.40687],[-75.52332,10.40692],[-75.52332,10.40699],[-75.52332,10.407],[-75.5233,10.40705],[-75.52332,10.4071],[-75.52331,10.40714],[-75.52331,10.40728],[-75.52332,10.40739],[-75.5233,10.40747],[-75.52328,10.40761],[-75.52331,10.40767],[-75.52331,10.4077],[-75.52331,10.40782],[-75.52331,10.40803],[-75.52331,10.40811],[-75.5233,10.40814],[-75.52329,10.40817],[-75.52331,10.40822],[-75.52333,10.40824],[-75.52333,10.40826],[-75.52334,10.40829],[-75.52336,10.40838],[-75.52339,10.4085],[-75.52343,10.40869],[-75.52343,10.40875],[-75.52339,10.40875],[-75.5234,10.40877],[-75.52344,10.40879],[-75.52349,10.40883],[-75.52348,10.40888],[-75.5235,10.40892],[-75.52352,10.40899],[-75.52352,10.40903],[-75.5235,10.40905],[-75.52348,10.40902],[-75.52346,10.40908],[-75.52348,10.40909],[-75.52351,10.40909],[-75.52353,10.4091],[-75.52357,10.40914],[-75.52359,10.40919],[-75.5236,10.40926],[-75.52361,10.40933],[-75.52358,10.40936],[-75.5236,10.40938],[-75.52363,10.40941],[-75.52366,10.40948],[-75.52369,10.40953],[-75.52369,10.40956],[-75.52369,10.40961],[-75.5237,10.40964],[-75.52373,10.40967],[-75.52378,10.40969],[-75.52377,10.40971],[-75.52375,10.40974],[-75.52374,10.40977],[-75.52375,10.40983],[-75.52378,10.40988],[-75.52378,10.4099],[-75.52375,10.40992],[-75.52372,10.40991],[-75.52369,10.40994],[-75.52368,10.40996],[-75.52372,10.40997],[-75.52374,10.40999],[-75.52387,10.41025],[-75.52391,10.4103],[-75.52394,10.41028],[-75.52397,10.41025],[-75.52399,10.41026],[-75.52405,10.41035],[-75.5241,10.4104],[-75.52414,10.41046],[-75.52418,10.41046],[-75.52419,10.4105],[-75.52421,10.41057],[-75.52424,10.41061],[-75.52427,10.41063],[-75.52431,10.41068],[-75.52436,10.41069],[-75.5244,10.41073],[-75.52444,10.41073],[-75.52447,10.41077],[-75.52451,10.41081],[-75.52457,10.41083],[-75.52464,10.41086],[-75.52467,10.41087],[-75.52472,10.4109],[-75.52475,10.41093],[-75.52475,10.41097],[-75.52477,10.41098],[-75.52481,10.41101],[-75.52483,10.41105],[-75.52489,10.41115],[-75.52271,10.41195],[-75.52186,10.40933],[-75.52137,10.40772]]]}},{"type":"Feature","properties":{"FID":35,"CODIGO":"2400","NOMBRE":"TESCA","UCG":5,"LOC":"LV","ZONA":"UCG 5","Shape__Area":222748.328125,"Shape__Length":2285.3227220657277},"geometry":{"type":"Polygon","coordinates":[[[-75.49918,10.40809],[-75.49938,10.4071],[-75.49931,10.40709],[-75.49968,10.40523],[-75.50048,10.40576],[-75.50102,10.40599],[-75.50166,10.40622],[-75.50203,10.40628],[-75.50514,10.40684],[-75.50538,10.40688],[-75.50674,10.4071],[-75.50675,10.40811],[-75.50676,10.40896],[-75.50674,10.40948],[-75.5062,10.40938],[-75.5052,10.40918],[-75.50383,10.40891],[-75.50265,10.40871],[-75.50164,10.40853],[-75.49918,10.40809]]]}},{"type":"Feature","properties":{"FID":36,"CODIGO":"2450","NOMBRE":"VILLA ESTRELLA","UCG":6,"LOC":"LV","ZONA":"UCG 6","Shape__Area":186144.5634765625,"Shape__Length":2940.8868667457155},"geometry":{"type":"Polygon","coordinates":[[[-75.46428,10.40905],[-75.46417,10.40839],[-75.46406,10.40802],[-75.46401,10.40773],[-75.46377,10.40646],[-75.46332,10.40436],[-75.46321,10.40397],[-75.46313,10.40367],[-75.46304,10.40318],[-75.46295,10.40275],[-75.46244,10.40181],[-75.46318,10.40167],[-75.46358,10.40159],[-75.46464,10.4014],[-75.46572,10.40082],[-75.4662,10.40054],[-75.46616,10.40081],[-75.46592,10.40222],[-75.46584,10.40322],[-75.46588,10.40425],[-75.46584,10.40506],[-75.46547,10.40506],[-75.46474,10.40503],[-75.46435,10.40504],[-75.46439,10.40532],[-75.46464,10.4071],[-75.46483,10.40844],[-75.46521,10.409],[-75.46531,10.40916],[-75.46541,10.40941],[-75.46554,10.41028],[-75.46558,10.41075],[-75.46553,10.41094],[-75.46532,10.41083],[-75.46521,10.41048],[-75.46486,10.40946],[-75.46468,10.40924],[-75.46428,10.40905]]]}},{"type":"Feature","properties":{"FID":37,"CODIGO":"2500","NOMBRE":"AMBERES","UCG":9,"LOC":"LH","ZONA":"UCG 9","Shape__Area":208928.208984375,"Shape__Length":1919.4476301867003},"geometry":{"type":"Polygon","coordinates":[[[-75.51256,10.4082],[-75.51314,10.40717],[-75.51295,10.40704],[-75.51302,10.4067],[-75.51306,10.40637],[-75.51302,10.40604],[-75.51317,10.40574],[-75.5143,10.40366],[-75.51473,10.40291],[-75.51525,10.40358],[-75.51607,10.40451],[-75.51744,10.4061],[-75.51721,10.40653],[-75.51665,10.40751],[-75.5165,10.40753],[-75.51632,10.40818],[-75.51617,10.40853],[-75.51606,10.40878],[-75.516,10.40902],[-75.51575,10.40891],[-75.51532,10.40876],[-75.51429,10.40852],[-75.51256,10.4082]]]}},{"type":"Feature","properties":{"FID":38,"CODIGO":"2550","NOMBRE":"ESPAÑA","UCG":9,"LOC":"LH","ZONA":"UCG 9","Shape__Area":241859.736328125,"Shape__Length":2408.3037257733463},"geometry":{"type":"Polygon","coordinates":[[[-75.51098,10.40293],[-75.511,10.40289],[-75.51147,10.40192],[-75.51137,10.40168],[-75.51136,10.40166],[-75.51199,10.40156],[-75.51267,10.40145],[-75.51271,10.40209],[-75.51202,10.40209],[-75.51202,10.40238],[-75.51217,10.40238],[-75.51217,10.40232],[-75.51253,10.40232],[-75.51253,10.40237],[-75.51283,10.40237],[-75.51283,10.40231],[-75.51335,10.40231],[-75.51335,10.40241],[-75.51349,10.40241],[-75.51347,10.40251],[-75.5132,10.40306],[-75.5143,10.40366],[-75.51317,10.40574],[-75.51302,10.40604],[-75.51306,10.40637],[-75.51303,10.4067],[-75.51295,10.40704],[-75.51314,10.40717],[-75.51256,10.4082],[-75.5112,10.40794],[-75.50992,10.40768],[-75.50949,10.4076],[-75.5099,10.40539],[-75.5097,10.40529],[-75.51029,10.4042],[-75.51098,10.40293]]]}},{"type":"Feature","properties":{"FID":39,"CODIGO":"2600","NOMBRE":"ARMENIA","UCG":9,"LOC":"LH","ZONA":"UCG 9","Shape__Area":173418.3505859375,"Shape__Length":2336.379580884722},"geometry":{"type":"Polygon","coordinates":[[[-75.50619,10.40391],[-75.50623,10.40385],[-75.50671,10.40402],[-75.50716,10.40435],[-75.50749,10.40463],[-75.50766,10.40471],[-75.50827,10.40488],[-75.50846,10.40489],[-75.50909,10.40499],[-75.5097,10.40529],[-75.5099,10.40539],[-75.50949,10.4076],[-75.50674,10.4071],[-75.50538,10.40688],[-75.50514,10.40684],[-75.50203,10.40628],[-75.50211,10.40604],[-75.50223,10.40588],[-75.50235,10.40572],[-75.50264,10.40554],[-75.50411,10.40542],[-75.50545,10.40534],[-75.50605,10.40529],[-75.50707,10.40514],[-75.50622,10.40399],[-75.50619,10.40391]]]}},{"type":"Feature","properties":{"FID":40,"CODIGO":"2650","NOMBRE":"BRUSELAS","UCG":9,"LOC":"LH","ZONA":"UCG 9","Shape__Area":304250.978515625,"Shape__Length":2477.480120501727},"geometry":{"type":"Polygon","coordinates":[[[-75.51525,10.40358],[-75.51473,10.40291],[-75.51462,10.40277],[-75.51447,10.4024],[-75.51523,10.40219],[-75.51605,10.402],[-75.51662,10.40181],[-75.51788,10.40135],[-75.51846,10.40113],[-75.51917,10.40089],[-75.51949,10.40189],[-75.52036,10.40469],[-75.52104,10.40694],[-75.51966,10.40713],[-75.5183,10.40734],[-75.51665,10.40751],[-75.51721,10.40653],[-75.51744,10.4061],[-75.51607,10.40451],[-75.51525,10.40358]]]}},{"type":"Feature","properties":{"FID":41,"CODIGO":"2700","NOMBRE":"CHIQUINQUIRA","UCG":5,"LOC":"LV","ZONA":"UCG 5","Shape__Area":190151.5576171875,"Shape__Length":2407.607995332227},"geometry":{"type":"Polygon","coordinates":[[[-75.49009,10.40578],[-75.49017,10.40562],[-75.491,10.40353],[-75.49156,10.40204],[-75.49181,10.40156],[-75.49185,10.40083],[-75.49223,10.40049],[-75.49221,10.40038],[-75.49208,10.40028],[-75.49232,10.39968],[-75.49259,10.39935],[-75.49278,10.39892],[-75.49291,10.39868],[-75.49316,10.39802],[-75.49338,10.39832],[-75.49363,10.39967],[-75.49372,10.4001],[-75.49363,10.40041],[-75.4934,10.40158],[-75.49331,10.4023],[-75.49337,10.40246],[-75.49317,10.40396],[-75.49287,10.40586],[-75.49201,10.4057],[-75.49181,10.40677],[-75.49145,10.40669],[-75.48996,10.4064],[-75.48976,10.40637],[-75.48985,10.40617],[-75.49009,10.40578]]]}},{"type":"Feature","properties":{"FID":42,"CODIGO":"2750","NOMBRE":"REPUBLICA DE VENEZUELA","UCG":7,"LOC":"LV","ZONA":"UCG 7","Shape__Area":78058.0400390625,"Shape__Length":1377.485259784173},"geometry":{"type":"Polygon","coordinates":[[[-75.48851,10.40605],[-75.48795,10.4051],[-75.48792,10.40488],[-75.48893,10.40535],[-75.48907,10.40501],[-75.48858,10.40434],[-75.4886,10.40266],[-75.48971,10.40305],[-75.491,10.40353],[-75.49017,10.40562],[-75.49009,10.40578],[-75.48985,10.40617],[-75.48976,10.40637],[-75.48851,10.40605]]]}},{"type":"Feature","properties":{"FID":43,"CODIGO":"2800","NOMBRE":"ZARAGOCILLA","UCG":8,"LOC":"LH","ZONA":"UCG 8","Shape__Area":801158.3134765625,"Shape__Length":4425.532233571994},"geometry":{"type":"Polygon","coordinates":[[[-75.50026,10.39775],[-75.50071,10.39711],[-75.5009,10.39679],[-75.50116,10.39644],[-75.50119,10.39641],[-75.50141,10.39615],[-75.50146,10.39616],[-75.50204,10.39592],[-75.50253,10.39575],[-75.50356,10.39527],[-75.50384,10.39509],[-75.50439,10.39486],[-75.50418,10.39365],[-75.50484,10.39369],[-75.50537,10.39338],[-75.50562,10.39374],[-75.50589,10.3936],[-75.506,10.39378],[-75.50619,10.39367],[-75.50625,10.39363],[-75.5064,10.39387],[-75.50608,10.39407],[-75.5059,10.3942],[-75.50607,10.39475],[-75.50643,10.39587],[-75.50618,10.39593],[-75.50622,10.39614],[-75.50623,10.39629],[-75.50618,10.39689],[-75.50619,10.39706],[-75.50628,10.39723],[-75.5063,10.39738],[-75.50611,10.39739],[-75.50583,10.39736],[-75.5058,10.3976],[-75.50583,10.39776],[-75.50596,10.39832],[-75.50625,10.39979],[-75.50635,10.40049],[-75.50637,10.40071],[-75.50647,10.40168],[-75.5068,10.40248],[-75.50688,10.40255],[-75.50623,10.40385],[-75.50619,10.40391],[-75.50622,10.40399],[-75.50707,10.40514],[-75.50605,10.40529],[-75.50545,10.40534],[-75.50411,10.40542],[-75.50264,10.40554],[-75.50235,10.40572],[-75.50223,10.40588],[-75.50211,10.40604],[-75.50203,10.40628],[-75.50166,10.40622],[-75.50102,10.40599],[-75.50048,10.40576],[-75.5005,10.40537],[-75.50053,10.40486],[-75.50061,10.40393],[-75.50068,10.40327],[-75.50074,10.40264],[-75.50017,10.40259],[-75.5003,10.40188],[-75.50051,10.40113],[-75.49988,10.4009],[-75.49949,10.40064],[-75.4998,10.4001],[-75.50008,10.39957],[-75.49931,10.39905],[-75.49981,10.39842],[-75.4999,10.3983],[-75.50026,10.39775]]]}},{"type":"Feature","properties":{"FID":44,"CODIGO":"2900","NOMBRE":"ESCALLON VILLA","UCG":8,"LOC":"LH","ZONA":"UCG 8","Shape__Area":501778.4130859375,"Shape__Length":4203.24998145571},"geometry":{"type":"Polygon","coordinates":[[[-75.4939,10.40051],[-75.49436,10.3997],[-75.49469,10.39914],[-75.49471,10.39898],[-75.49502,10.39836],[-75.49519,10.39802],[-75.49548,10.39748],[-75.49524,10.39733],[-75.49562,10.3969],[-75.49561,10.39676],[-75.49554,10.39671],[-75.49559,10.39653],[-75.49572,10.39608],[-75.49627,10.39623],[-75.49637,10.39629],[-75.49658,10.39635],[-75.49688,10.39644],[-75.49684,10.39656],[-75.49713,10.39673],[-75.49761,10.39695],[-75.49759,10.39703],[-75.49777,10.39719],[-75.49776,10.39721],[-75.49784,10.39727],[-75.4979,10.39738],[-75.49816,10.39753],[-75.49893,10.39797],[-75.49936,10.39727],[-75.4993,10.3972],[-75.49957,10.39628],[-75.49966,10.39596],[-75.49975,10.39564],[-75.50009,10.3946],[-75.50012,10.3945],[-75.50013,10.39428],[-75.50017,10.39384],[-75.50018,10.3938],[-75.50051,10.39378],[-75.50045,10.39417],[-75.50032,10.39493],[-75.50024,10.39556],[-75.50026,10.39577],[-75.50028,10.39597],[-75.50052,10.396],[-75.50073,10.39608],[-75.50119,10.39641],[-75.50116,10.39644],[-75.5009,10.39679],[-75.50071,10.39711],[-75.50026,10.39775],[-75.4999,10.3983],[-75.49981,10.39842],[-75.49931,10.39905],[-75.50008,10.39957],[-75.4998,10.4001],[-75.49949,10.40064],[-75.49988,10.4009],[-75.50051,10.40113],[-75.5003,10.40188],[-75.50017,10.40259],[-75.50074,10.40264],[-75.50068,10.40327],[-75.50061,10.40393],[-75.50053,10.40486],[-75.5005,10.40537],[-75.50048,10.40576],[-75.49968,10.40523],[-75.49739,10.40368],[-75.49614,10.40284],[-75.49529,10.40228],[-75.49483,10.40192],[-75.4945,10.4015],[-75.49406,10.40085],[-75.4939,10.40051]]]}},{"type":"Feature","properties":{"FID":45,"CODIGO":"2950","NOMBRE":"LAS GAVIOTAS","UCG":7,"LOC":"LV","ZONA":"UCG 7","Shape__Area":477314.1591796875,"Shape__Length":3654.4596470260067},"geometry":{"type":"Polygon","coordinates":[[[-75.48792,10.40488],[-75.48675,10.4026],[-75.48666,10.40256],[-75.48619,10.40123],[-75.48613,10.40018],[-75.48571,10.39903],[-75.48524,10.39783],[-75.48517,10.39758],[-75.48557,10.39764],[-75.48781,10.39767],[-75.48876,10.39756],[-75.48925,10.39756],[-75.48928,10.39666],[-75.48935,10.39637],[-75.49045,10.39664],[-75.4898,10.3972],[-75.48978,10.39724],[-75.48981,10.39728],[-75.49001,10.39753],[-75.4907,10.39765],[-75.49196,10.3966],[-75.49268,10.39739],[-75.49316,10.39802],[-75.49291,10.39868],[-75.49278,10.39892],[-75.49259,10.39935],[-75.49232,10.39968],[-75.49208,10.40028],[-75.49221,10.40038],[-75.49223,10.40049],[-75.49185,10.40083],[-75.49181,10.40156],[-75.49156,10.40204],[-75.491,10.40353],[-75.48971,10.40305],[-75.4886,10.40266],[-75.48858,10.40434],[-75.48907,10.40501],[-75.48893,10.40535],[-75.48792,10.40488]]]}},{"type":"Feature","properties":{"FID":46,"CODIGO":"3050","NOMBRE":"PIEDRA DE BOLIVAR","UCG":9,"LOC":"LH","ZONA":"UCG 9","Shape__Area":301407.7255859375,"Shape__Length":2380.3331082054206},"geometry":{"type":"Polygon","coordinates":[[[-75.50722,10.39904],[-75.50783,10.39927],[-75.50791,10.39891],[-75.50793,10.3988],[-75.50828,10.39889],[-75.50855,10.39891],[-75.50859,10.39891],[-75.50862,10.39877],[-75.50866,10.39863],[-75.50873,10.39865],[-75.50902,10.39868],[-75.50919,10.39865],[-75.5093,10.39861],[-75.50941,10.39863],[-75.50946,10.39861],[-75.5095,10.39858],[-75.50971,10.39876],[-75.50991,10.39892],[-75.51004,10.39899],[-75.51,10.39922],[-75.50998,10.3993],[-75.50995,10.39947],[-75.50995,10.39986],[-75.50992,10.39998],[-75.50992,10.4],[-75.50987,10.40026],[-75.51042,10.40056],[-75.51072,10.40061],[-75.51098,10.40062],[-75.51106,10.40084],[-75.51136,10.40166],[-75.51137,10.40168],[-75.51147,10.40192],[-75.511,10.40289],[-75.51098,10.40293],[-75.51029,10.4042],[-75.5097,10.40529],[-75.50909,10.40499],[-75.50846,10.40489],[-75.50827,10.40488],[-75.50766,10.40471],[-75.50749,10.40463],[-75.50716,10.40435],[-75.50671,10.40402],[-75.50623,10.40385],[-75.50688,10.40255],[-75.5068,10.40248],[-75.50647,10.40168],[-75.50637,10.40071],[-75.50635,10.40049],[-75.50625,10.39979],[-75.50687,10.39977],[-75.50694,10.39978],[-75.50697,10.39962],[-75.50699,10.39899],[-75.50722,10.39904]]]}},{"type":"Feature","properties":{"FID":47,"CODIGO":"3100","NOMBRE":"SAN JOSE OBRERO","UCG":7,"LOC":"LV","ZONA":"UCG 7","Shape__Area":80540.150390625,"Shape__Length":1358.203763257609},"geometry":{"type":"Polygon","coordinates":[[[-75.47628,10.40353],[-75.47656,10.40282],[-75.47661,10.40268],[-75.4766,10.4026],[-75.47652,10.4022],[-75.47699,10.40208],[-75.47709,10.40206],[-75.47716,10.40203],[-75.47715,10.402],[-75.47748,10.40192],[-75.47755,10.4019],[-75.47721,10.40104],[-75.47749,10.40089],[-75.47755,10.40086],[-75.47805,10.40154],[-75.47822,10.40175],[-75.47906,10.40283],[-75.47934,10.40319],[-75.47958,10.40296],[-75.47997,10.40341],[-75.48003,10.40348],[-75.47877,10.40453],[-75.47836,10.40428],[-75.47788,10.40408],[-75.47721,10.40387],[-75.4766,10.40365],[-75.47628,10.40353]]]}},{"type":"Feature","properties":{"FID":48,"CODIGO":"3150","NOMBRE":"PARAGUAY","UCG":9,"LOC":"LH","ZONA":"UCG 9","Shape__Area":334069.2373046875,"Shape__Length":4113.897578602157},"geometry":{"type":"Polygon","coordinates":[[[-75.51349,10.40241],[-75.51335,10.40241],[-75.51335,10.40231],[-75.51283,10.40231],[-75.51283,10.40237],[-75.51253,10.40237],[-75.51253,10.40232],[-75.51217,10.40232],[-75.51217,10.40238],[-75.51202,10.40238],[-75.51202,10.40209],[-75.51271,10.40209],[-75.51267,10.40145],[-75.51312,10.40135],[-75.51344,10.40128],[-75.51337,10.40082],[-75.51305,10.40087],[-75.51297,10.40049],[-75.5131,10.40046],[-75.513,10.40001],[-75.51112,10.40047],[-75.51141,10.40005],[-75.51142,10.39988],[-75.51136,10.3995],[-75.51127,10.39931],[-75.51115,10.39905],[-75.511,10.39887],[-75.51084,10.39851],[-75.51062,10.398],[-75.51057,10.39788],[-75.51046,10.39775],[-75.51044,10.39763],[-75.5105,10.39738],[-75.51041,10.39712],[-75.51004,10.39655],[-75.50978,10.39619],[-75.50974,10.39611],[-75.50978,10.39606],[-75.51048,10.39542],[-75.51059,10.39532],[-75.51081,10.39535],[-75.51093,10.39535],[-75.51111,10.39537],[-75.51133,10.39539],[-75.51141,10.39526],[-75.51202,10.39536],[-75.51219,10.39535],[-75.51226,10.39534],[-75.51222,10.39555],[-75.51209,10.39593],[-75.51186,10.39609],[-75.51187,10.39625],[-75.51191,10.39654],[-75.51198,10.39698],[-75.51267,10.39689],[-75.51284,10.39687],[-75.51289,10.39687],[-75.51291,10.39688],[-75.51311,10.39734],[-75.51314,10.3974],[-75.51321,10.39756],[-75.51327,10.39781],[-75.51338,10.39809],[-75.51352,10.39837],[-75.51365,10.39871],[-75.51436,10.39871],[-75.51532,10.39869],[-75.51555,10.39868],[-75.51555,10.39841],[-75.51555,10.39839],[-75.51658,10.39838],[-75.51718,10.39829],[-75.51769,10.39817],[-75.51773,10.39824],[-75.5179,10.39895],[-75.51845,10.39956],[-75.51839,10.39958],[-75.51806,10.39972],[-75.51714,10.39978],[-75.51594,10.3998],[-75.5162,10.40057],[-75.51662,10.40181],[-75.51605,10.402],[-75.51523,10.40219],[-75.51447,10.4024],[-75.51462,10.40277],[-75.51473,10.40291],[-75.5143,10.40366],[-75.5132,10.40306],[-75.51347,10.40251],[-75.51349,10.40241]]]}},{"type":"Feature","properties":{"FID":49,"CODIGO":"3200","NOMBRE":"NUEVO PORVENIR","UCG":7,"LOC":"LV","ZONA":"UCG 7","Shape__Area":52705.21875,"Shape__Length":1089.9914165316686},"geometry":{"type":"Polygon","coordinates":[[[-75.47715,10.4003],[-75.47722,10.40028],[-75.47755,10.40086],[-75.47749,10.40089],[-75.47721,10.40104],[-75.47755,10.4019],[-75.47748,10.40192],[-75.47715,10.402],[-75.47716,10.40203],[-75.47709,10.40206],[-75.47699,10.40208],[-75.47652,10.4022],[-75.4766,10.4026],[-75.47661,10.40268],[-75.47656,10.40282],[-75.47628,10.40353],[-75.47598,10.40343],[-75.47586,10.40267],[-75.47536,10.40214],[-75.47521,10.40169],[-75.47508,10.40105],[-75.47687,10.40044],[-75.47715,10.4003]]]}},{"type":"Feature","properties":{"FID":50,"CODIGO":"3250","NOMBRE":"LAS PALMERAS","UCG":7,"LOC":"LV","ZONA":"UCG 7","Shape__Area":260605.669921875,"Shape__Length":2678.24895624288},"geometry":{"type":"Polygon","coordinates":[[[-75.46822,10.4],[-75.468,10.39996],[-75.46763,10.39998],[-75.467,10.40006],[-75.46779,10.39969],[-75.46964,10.3989],[-75.47005,10.39873],[-75.4707,10.39845],[-75.47155,10.3981],[-75.4725,10.3977],[-75.47374,10.39719],[-75.47385,10.39714],[-75.47385,10.39738],[-75.47411,10.39844],[-75.47454,10.39934],[-75.47477,10.39991],[-75.47496,10.40036],[-75.475,10.40053],[-75.47508,10.40105],[-75.47521,10.40169],[-75.47536,10.40214],[-75.47586,10.40267],[-75.47598,10.40343],[-75.47593,10.4034],[-75.47508,10.40295],[-75.47486,10.40278],[-75.47436,10.40248],[-75.47361,10.40212],[-75.47209,10.40148],[-75.46947,10.40039],[-75.46936,10.40034],[-75.46891,10.4002],[-75.46855,10.4001],[-75.46822,10.4]]]}},{"type":"Feature","properties":{"FID":51,"CODIGO":"3300","NOMBRE":"JUAN XXIII","UCG":9,"LOC":"LH","ZONA":"UCG 9","Shape__Area":58725.56640625,"Shape__Length":1027.6420445939257},"geometry":{"type":"Polygon","coordinates":[[[-75.51869,10.3995],[-75.51877,10.39947],[-75.51917,10.40089],[-75.51846,10.40113],[-75.51788,10.40135],[-75.51662,10.40181],[-75.5162,10.40057],[-75.51594,10.3998],[-75.51714,10.39978],[-75.51806,10.39972],[-75.51839,10.39958],[-75.51845,10.39956],[-75.51869,10.3995]]]}},{"type":"Feature","properties":{"FID":52,"CODIGO":"3350","NOMBRE":"JUNIN","UCG":9,"LOC":"LH","ZONA":"UCG 9","Shape__Area":33112.765625,"Shape__Length":797.6655622557686},"geometry":{"type":"Polygon","coordinates":[[[-75.51136,10.40166],[-75.51106,10.40084],[-75.51098,10.40062],[-75.51112,10.40047],[-75.513,10.40001],[-75.5131,10.40046],[-75.51297,10.40049],[-75.51305,10.40087],[-75.51337,10.40082],[-75.51344,10.40128],[-75.51312,10.40135],[-75.51267,10.40145],[-75.51199,10.40156],[-75.51136,10.40166]]]}},{"type":"Feature","properties":{"FID":53,"CODIGO":"3400","NOMBRE":"LOS ALPES","UCG":7,"LOC":"LV","ZONA":"UCG 7","Shape__Area":516809.611328125,"Shape__Length":3385.143519200372},"geometry":{"type":"Polygon","coordinates":[[[-75.48421,10.39385],[-75.48442,10.39399],[-75.48469,10.39416],[-75.48492,10.39428],[-75.48514,10.39437],[-75.48536,10.39442],[-75.48512,10.39551],[-75.48495,10.39617],[-75.48491,10.39653],[-75.48517,10.39758],[-75.48524,10.39783],[-75.48571,10.39903],[-75.48613,10.40018],[-75.48619,10.40123],[-75.48568,10.40142],[-75.48534,10.40055],[-75.48499,10.39971],[-75.48241,10.40108],[-75.48179,10.4014],[-75.48127,10.40041],[-75.48081,10.39977],[-75.48037,10.39935],[-75.47979,10.39884],[-75.47972,10.39851],[-75.47953,10.39789],[-75.47932,10.39739],[-75.47919,10.39717],[-75.47897,10.39701],[-75.47855,10.39688],[-75.47824,10.39684],[-75.47816,10.39682],[-75.47789,10.39678],[-75.47755,10.39659],[-75.47724,10.39629],[-75.47704,10.39604],[-75.47695,10.39582],[-75.48038,10.39444],[-75.48252,10.39351],[-75.48324,10.39324],[-75.48351,10.39338],[-75.48421,10.39385]]]}},{"type":"Feature","properties":{"FID":54,"CODIGO":"3500","NOMBRE":"JOSE ANTONIO GALAN","UCG":9,"LOC":"LH","ZONA":"UCG 9","Shape__Area":36535.9794921875,"Shape__Length":877.179742981652},"geometry":{"type":"Polygon","coordinates":[[[-75.51072,10.39855],[-75.511,10.39887],[-75.51115,10.39905],[-75.51127,10.39931],[-75.51136,10.3995],[-75.51142,10.39988],[-75.51141,10.40005],[-75.51112,10.40047],[-75.51098,10.40062],[-75.51072,10.40061],[-75.51042,10.40056],[-75.50987,10.40026],[-75.50992,10.4],[-75.50992,10.39998],[-75.50995,10.39986],[-75.50995,10.39947],[-75.50998,10.3993],[-75.51,10.39922],[-75.51004,10.39899],[-75.50991,10.39892],[-75.50971,10.39876],[-75.5095,10.39858],[-75.50935,10.39845],[-75.50958,10.39808],[-75.50961,10.39801],[-75.50977,10.39805],[-75.51002,10.39812],[-75.51012,10.39829],[-75.5102,10.39847],[-75.51025,10.39862],[-75.51026,10.39864],[-75.51038,10.39862],[-75.5107,10.39852],[-75.51072,10.39855]]]}},{"type":"Feature","properties":{"FID":55,"CODIGO":"3550","NOMBRE":"NUEVE DE ABRIL","UCG":9,"LOC":"LH","ZONA":"UCG 9","Shape__Area":64122.63671875,"Shape__Length":1280.9045818966717},"geometry":{"type":"Polygon","coordinates":[[[-75.50625,10.39979],[-75.50596,10.39832],[-75.50583,10.39776],[-75.5058,10.3976],[-75.50583,10.39736],[-75.50611,10.39739],[-75.5063,10.39738],[-75.50656,10.39737],[-75.50705,10.39753],[-75.5073,10.39757],[-75.50765,10.39761],[-75.50774,10.39753],[-75.50809,10.3976],[-75.50831,10.39764],[-75.50852,10.39772],[-75.50873,10.39778],[-75.50907,10.39788],[-75.509,10.39819],[-75.50903,10.39821],[-75.50935,10.39845],[-75.5095,10.39858],[-75.50946,10.39861],[-75.50941,10.39863],[-75.5093,10.39861],[-75.50919,10.39865],[-75.50902,10.39868],[-75.50873,10.39865],[-75.50866,10.39863],[-75.50862,10.39877],[-75.50859,10.39891],[-75.50855,10.39891],[-75.50828,10.39889],[-75.50793,10.3988],[-75.50791,10.39891],[-75.50783,10.39927],[-75.50722,10.39904],[-75.50699,10.39899],[-75.50697,10.39962],[-75.50694,10.39978],[-75.50687,10.39977],[-75.50625,10.39979]]]}},{"type":"Feature","properties":{"FID":56,"CODIGO":"3650","NOMBRE":"LOS EJECUTIVOS","UCG":8,"LOC":"LH","ZONA":"UCG 8","Shape__Area":87934.033203125,"Shape__Length":1343.9627562911478},"geometry":{"type":"Polygon","coordinates":[[[-75.4933,10.39631],[-75.49361,10.39579],[-75.49459,10.39625],[-75.4949,10.3964],[-75.49495,10.39642],[-75.49554,10.39671],[-75.49561,10.39676],[-75.49562,10.3969],[-75.49524,10.39733],[-75.49548,10.39748],[-75.49519,10.39802],[-75.49502,10.39836],[-75.49471,10.39898],[-75.49469,10.39914],[-75.49436,10.3997],[-75.4939,10.40051],[-75.49372,10.4001],[-75.49363,10.39967],[-75.49338,10.39832],[-75.49316,10.39802],[-75.49268,10.39739],[-75.49304,10.39673],[-75.4933,10.39631]]]}},{"type":"Feature","properties":{"FID":57,"CODIGO":"3700","NOMBRE":"SAN ISIDRO","UCG":10,"LOC":"LH","ZONA":"UCG 10","Shape__Area":556201.693359375,"Shape__Length":5463.581509633212},"geometry":{"type":"Polygon","coordinates":[[[-75.51702,10.39709],[-75.51687,10.39641],[-75.51678,10.39607],[-75.51641,10.39529],[-75.51614,10.39501],[-75.51577,10.39471],[-75.51539,10.39434],[-75.51517,10.39405],[-75.51512,10.39397],[-75.51501,10.39376],[-75.5149,10.39337],[-75.51471,10.39262],[-75.51464,10.39242],[-75.51442,10.392],[-75.51418,10.39167],[-75.51392,10.3913],[-75.51365,10.39101],[-75.51361,10.39097],[-75.51303,10.39052],[-75.51284,10.39036],[-75.51097,10.38939],[-75.51084,10.38934],[-75.51066,10.38839],[-75.51065,10.38837],[-75.51057,10.38832],[-75.50964,10.38797],[-75.50869,10.38783],[-75.50803,10.38791],[-75.50782,10.38794],[-75.50766,10.38792],[-75.50779,10.38753],[-75.51013,10.38717],[-75.51106,10.38746],[-75.5112,10.38708],[-75.51029,10.38667],[-75.51075,10.38561],[-75.51101,10.38545],[-75.51159,10.38588],[-75.51189,10.38543],[-75.51319,10.38554],[-75.51327,10.384],[-75.51327,10.38348],[-75.51327,10.38312],[-75.51326,10.38306],[-75.51338,10.38315],[-75.51339,10.38317],[-75.51343,10.3832],[-75.51345,10.38323],[-75.51347,10.38325],[-75.51349,10.38326],[-75.51351,10.38327],[-75.51353,10.38329],[-75.51355,10.3833],[-75.51357,10.38332],[-75.51359,10.38333],[-75.51362,10.38335],[-75.51366,10.38338],[-75.5137,10.3834],[-75.51372,10.38341],[-75.51375,10.38342],[-75.51379,10.38345],[-75.51383,10.38346],[-75.51388,10.38347],[-75.51393,10.38347],[-75.51395,10.38348],[-75.51397,10.38349],[-75.51401,10.38351],[-75.51404,10.38352],[-75.51407,10.38355],[-75.51411,10.38356],[-75.51415,10.38357],[-75.5142,10.38357],[-75.51422,10.38359],[-75.51424,10.38359],[-75.51427,10.38361],[-75.51431,10.38361],[-75.51436,10.38361],[-75.51439,10.38363],[-75.51441,10.38364],[-75.51445,10.38365],[-75.5145,10.38366],[-75.51455,10.38369],[-75.51459,10.38371],[-75.51464,10.38368],[-75.51466,10.38346],[-75.51533,10.38368],[-75.51533,10.38408],[-75.51537,10.3841],[-75.51541,10.38413],[-75.51544,10.38416],[-75.51546,10.38418],[-75.51548,10.3842],[-75.51551,10.38422],[-75.51555,10.38425],[-75.51558,10.38428],[-75.51561,10.38432],[-75.51564,10.38436],[-75.51565,10.38437],[-75.51566,10.3844],[-75.5157,10.38443],[-75.51574,10.38447],[-75.51578,10.3845],[-75.51593,10.38454],[-75.51603,10.38456],[-75.51589,10.38647],[-75.51578,10.38853],[-75.51581,10.3897],[-75.5165,10.39231],[-75.51686,10.39333],[-75.51714,10.3941],[-75.51766,10.39583],[-75.51842,10.39838],[-75.51877,10.39947],[-75.51869,10.3995],[-75.51845,10.39956],[-75.5179,10.39895],[-75.51773,10.39824],[-75.51761,10.39804],[-75.51715,10.39749],[-75.51702,10.39709]]]}},{"type":"Feature","properties":{"FID":58,"CODIGO":"3800","NOMBRE":"VILLA ROSITA","UCG":13,"LOC":"LI","ZONA":"UCG 13","Shape__Area":77688.28125,"Shape__Length":1173.3674271185175},"geometry":{"type":"Polygon","coordinates":[[[-75.46758,10.39668],[-75.46837,10.39596],[-75.46898,10.39541],[-75.46902,10.39547],[-75.47107,10.39733],[-75.47155,10.3981],[-75.4707,10.39845],[-75.47005,10.39873],[-75.46769,10.39679],[-75.46758,10.39668]]]}},{"type":"Feature","properties":{"FID":59,"CODIGO":"3850","NOMBRE":"REPUBLICA DE CHILE","UCG":10,"LOC":"LH","ZONA":"UCG 10","Shape__Area":267666.9560546875,"Shape__Length":2352.4643048657395},"geometry":{"type":"Polygon","coordinates":[[[-75.51284,10.39687],[-75.51267,10.39689],[-75.51198,10.39698],[-75.51191,10.39654],[-75.51187,10.39625],[-75.51186,10.39609],[-75.51209,10.39593],[-75.51222,10.39555],[-75.51226,10.39534],[-75.51219,10.39535],[-75.51218,10.39518],[-75.51262,10.39445],[-75.51261,10.39437],[-75.51299,10.39377],[-75.51316,10.39342],[-75.51418,10.39167],[-75.51442,10.392],[-75.51464,10.39242],[-75.51471,10.39262],[-75.5149,10.39337],[-75.51501,10.39376],[-75.51512,10.39397],[-75.51517,10.39405],[-75.51539,10.39434],[-75.51577,10.39471],[-75.51614,10.39501],[-75.51641,10.39529],[-75.51678,10.39607],[-75.51687,10.39641],[-75.51702,10.39709],[-75.51715,10.39749],[-75.51761,10.39804],[-75.51769,10.39817],[-75.51718,10.39829],[-75.51658,10.39838],[-75.51555,10.39839],[-75.51555,10.39841],[-75.51555,10.39868],[-75.51532,10.39869],[-75.51436,10.39871],[-75.51365,10.39871],[-75.51352,10.39837],[-75.51338,10.39809],[-75.51327,10.39781],[-75.51321,10.39756],[-75.51314,10.3974],[-75.51311,10.39734],[-75.51291,10.39688],[-75.51289,10.39687],[-75.51284,10.39687]]]}},{"type":"Feature","properties":{"FID":60,"CODIGO":"3950","NOMBRE":"EL GALLO","UCG":7,"LOC":"LV","ZONA":"UCG 7","Shape__Area":63798.6982421875,"Shape__Length":1248.1059289639807},"geometry":{"type":"Polygon","coordinates":[[[-75.47411,10.39844],[-75.47385,10.39738],[-75.47385,10.39714],[-75.47678,10.3959],[-75.47695,10.39582],[-75.47704,10.39604],[-75.47724,10.39629],[-75.47755,10.39659],[-75.47789,10.39678],[-75.47816,10.39682],[-75.47811,10.39687],[-75.47787,10.3971],[-75.47772,10.39715],[-75.47757,10.39719],[-75.47728,10.39731],[-75.47593,10.39775],[-75.47564,10.39785],[-75.47554,10.39789],[-75.47548,10.39776],[-75.4754,10.3976],[-75.47523,10.3977],[-75.47526,10.39781],[-75.47411,10.39844]]]}},{"type":"Feature","properties":{"FID":61,"CODIGO":"4000","NOMBRE":"CALAMARES","UCG":8,"LOC":"LH","ZONA":"UCG 8","Shape__Area":302211.1162109375,"Shape__Length":3465.1392809286613},"geometry":{"type":"Polygon","coordinates":[[[-75.49495,10.39642],[-75.49526,10.39534],[-75.49487,10.39511],[-75.49472,10.39504],[-75.4947,10.39502],[-75.4947,10.39501],[-75.49456,10.39423],[-75.49458,10.39402],[-75.49449,10.39359],[-75.49524,10.39346],[-75.49566,10.3936],[-75.49571,10.39344],[-75.49668,10.39252],[-75.49781,10.39303],[-75.49808,10.39311],[-75.49812,10.39294],[-75.49833,10.39226],[-75.49878,10.39241],[-75.49886,10.39243],[-75.49889,10.39185],[-75.49895,10.39185],[-75.49973,10.39176],[-75.50023,10.39171],[-75.50055,10.39167],[-75.50173,10.39154],[-75.50268,10.39142],[-75.50374,10.39128],[-75.50384,10.39177],[-75.50356,10.39198],[-75.50329,10.39228],[-75.5032,10.39238],[-75.5024,10.39247],[-75.50236,10.39213],[-75.50181,10.3922],[-75.5016,10.39208],[-75.50123,10.39198],[-75.50124,10.39225],[-75.5003,10.39234],[-75.49997,10.39236],[-75.5,10.39264],[-75.49997,10.39312],[-75.50003,10.39377],[-75.50007,10.3938],[-75.50018,10.3938],[-75.50017,10.39384],[-75.50013,10.39428],[-75.50012,10.3945],[-75.50009,10.3946],[-75.49975,10.39564],[-75.49966,10.39596],[-75.49957,10.39628],[-75.4993,10.3972],[-75.49936,10.39727],[-75.49893,10.39797],[-75.49816,10.39753],[-75.4979,10.39738],[-75.49784,10.39727],[-75.49776,10.39721],[-75.49777,10.39719],[-75.49759,10.39703],[-75.49761,10.39695],[-75.49713,10.39673],[-75.49684,10.39656],[-75.49688,10.39644],[-75.49658,10.39635],[-75.49637,10.39629],[-75.49627,10.39623],[-75.49572,10.39608],[-75.49559,10.39653],[-75.49554,10.39671],[-75.49495,10.39642]]]}},{"type":"Feature","properties":{"FID":62,"CODIGO":"4050","NOMBRE":"LA CASTELLANA","UCG":7,"LOC":"LV","ZONA":"UCG 7","Shape__Area":108584.8427734375,"Shape__Length":1292.5589295167977},"geometry":{"type":"Polygon","coordinates":[[[-75.48512,10.39551],[-75.48536,10.39442],[-75.48643,10.39452],[-75.48785,10.39455],[-75.48781,10.39767],[-75.48557,10.39764],[-75.48517,10.39758],[-75.48491,10.39653],[-75.48495,10.39617],[-75.48512,10.39551]]]}},{"type":"Feature","properties":{"FID":63,"CODIGO":"4100","NOMBRE":"LA FLORESTA","UCG":7,"LOC":"LV","ZONA":"UCG 7","Shape__Area":22865.0419921875,"Shape__Length":640.2212089975305},"geometry":{"type":"Polygon","coordinates":[[[-75.48978,10.39724],[-75.4898,10.3972],[-75.49045,10.39664],[-75.49133,10.39589],[-75.49196,10.3966],[-75.4907,10.39765],[-75.49001,10.39753],[-75.48981,10.39728],[-75.48978,10.39724]]]}},{"type":"Feature","properties":{"FID":64,"CODIGO":"4150","NOMBRE":"CHIPRE","UCG":7,"LOC":"LV","ZONA":"UCG 7","Shape__Area":64573.5615234375,"Shape__Length":1122.0265022552044},"geometry":{"type":"Polygon","coordinates":[[[-75.48785,10.39455],[-75.48885,10.3946],[-75.48937,10.3947],[-75.48979,10.39484],[-75.48997,10.39491],[-75.48994,10.39584],[-75.48989,10.39584],[-75.48974,10.39578],[-75.48954,10.39571],[-75.48953,10.39576],[-75.48949,10.39613],[-75.48946,10.3962],[-75.48935,10.39637],[-75.48928,10.39666],[-75.48925,10.39756],[-75.48876,10.39756],[-75.48781,10.39767],[-75.48785,10.39455]]]}},{"type":"Feature","properties":{"FID":65,"CODIGO":"4200","NOMBRE":"LOS ANGELES","UCG":8,"LOC":"LH","ZONA":"UCG 8","Shape__Area":54159.373046875,"Shape__Length":1139.3958362971412},"geometry":{"type":"Polygon","coordinates":[[[-75.49062,10.3952],[-75.49096,10.3946],[-75.49034,10.39426],[-75.49037,10.39422],[-75.49038,10.3942],[-75.49045,10.39409],[-75.49046,10.39407],[-75.49048,10.39401],[-75.49175,10.39462],[-75.4931,10.3955],[-75.49361,10.39579],[-75.4933,10.39631],[-75.49304,10.39673],[-75.49268,10.39739],[-75.49196,10.3966],[-75.49133,10.39589],[-75.49094,10.39543],[-75.49062,10.3952]]]}},{"type":"Feature","properties":{"FID":66,"CODIGO":"4250","NOMBRE":"ANITA","UCG":13,"LOC":"LI","ZONA":"UCG 13","Shape__Area":50935.22265625,"Shape__Length":1125.6177673270493},"geometry":{"type":"Polygon","coordinates":[[[-75.47393,10.39591],[-75.47411,10.39563],[-75.47425,10.39555],[-75.4745,10.39552],[-75.47498,10.3955],[-75.4754,10.39516],[-75.47545,10.39514],[-75.47634,10.39465],[-75.47637,10.39463],[-75.47643,10.39471],[-75.47665,10.39506],[-75.47677,10.39529],[-75.47695,10.39582],[-75.47678,10.3959],[-75.47385,10.39714],[-75.47389,10.39701],[-75.47389,10.39648],[-75.47329,10.39584],[-75.47359,10.39554],[-75.47393,10.39591]]]}},{"type":"Feature","properties":{"FID":67,"CODIGO":"4300","NOMBRE":"NUEVA GRANADA","UCG":9,"LOC":"LH","ZONA":"UCG 9","Shape__Area":51241.4755859375,"Shape__Length":1199.6020454677644},"geometry":{"type":"Polygon","coordinates":[[[-75.50643,10.39587],[-75.50607,10.39475],[-75.5059,10.3942],[-75.50608,10.39407],[-75.5064,10.39387],[-75.50662,10.39425],[-75.50675,10.3943],[-75.5085,10.39502],[-75.50857,10.39508],[-75.50858,10.39517],[-75.50852,10.39537],[-75.50874,10.39586],[-75.50895,10.39579],[-75.50901,10.39575],[-75.50936,10.39642],[-75.50927,10.39644],[-75.50882,10.39662],[-75.50821,10.39678],[-75.50797,10.39627],[-75.50789,10.3963],[-75.50757,10.39552],[-75.50744,10.39557],[-75.50704,10.39567],[-75.50688,10.39571],[-75.50674,10.39572],[-75.50663,10.39577],[-75.50652,10.39584],[-75.50643,10.39587]]]}},{"type":"Feature","properties":{"FID":68,"CODIGO":"4350","NOMBRE":"SAN ANTONIO","UCG":7,"LOC":"LV","ZONA":"UCG 7","Shape__Area":23387.8515625,"Shape__Length":681.0478747837528},"geometry":{"type":"Polygon","coordinates":[[[-75.48949,10.39613],[-75.48953,10.39576],[-75.48954,10.39571],[-75.48974,10.39578],[-75.48989,10.39584],[-75.48994,10.39584],[-75.48997,10.39491],[-75.49038,10.39505],[-75.49062,10.3952],[-75.49094,10.39543],[-75.49133,10.39589],[-75.49045,10.39664],[-75.48935,10.39637],[-75.48946,10.3962],[-75.48949,10.39613]]]}},{"type":"Feature","properties":{"FID":69,"CODIGO":"4400","NOMBRE":"ALTOS DE SAN ISIDRO","UCG":10,"LOC":"LH","ZONA":"UCG 10","Shape__Area":106814.2626953125,"Shape__Length":1799.3529461642074},"geometry":{"type":"Polygon","coordinates":[[[-75.50915,10.39531],[-75.50883,10.39491],[-75.509,10.3946],[-75.50904,10.39445],[-75.50909,10.39429],[-75.50917,10.39412],[-75.50949,10.39358],[-75.50965,10.3934],[-75.50996,10.39292],[-75.51097,10.39347],[-75.51213,10.39168],[-75.51246,10.39117],[-75.51298,10.39059],[-75.51303,10.39052],[-75.51361,10.39097],[-75.51365,10.39101],[-75.51348,10.39131],[-75.51294,10.39214],[-75.51289,10.39234],[-75.51182,10.39395],[-75.51135,10.39471],[-75.51112,10.39504],[-75.51093,10.39535],[-75.51081,10.39535],[-75.51059,10.39532],[-75.51048,10.39542],[-75.50978,10.39606],[-75.50974,10.39611],[-75.50915,10.39531]]]}},{"type":"Feature","properties":{"FID":70,"CODIGO":"8950","NOMBRE":"BOSQUECITO","UCG":10,"LOC":"LH","ZONA":"UCG 10","Shape__Area":158875.9990234375,"Shape__Length":2817.836772231764},"geometry":{"type":"Polygon","coordinates":[[[-75.50936,10.39642],[-75.50901,10.39575],[-75.50895,10.39579],[-75.50874,10.39586],[-75.50852,10.39537],[-75.50858,10.39517],[-75.50857,10.39508],[-75.5085,10.39502],[-75.50675,10.3943],[-75.50662,10.39425],[-75.50743,10.39381],[-75.50761,10.39367],[-75.50763,10.39366],[-75.50765,10.39367],[-75.50782,10.39381],[-75.50785,10.39385],[-75.50897,10.39319],[-75.50942,10.39292],[-75.50935,10.39277],[-75.50944,10.39262],[-75.50953,10.39255],[-75.50956,10.39254],[-75.50948,10.39238],[-75.50928,10.39202],[-75.50845,10.39055],[-75.50892,10.39066],[-75.5097,10.39088],[-75.50977,10.39055],[-75.51025,10.39056],[-75.51027,10.39056],[-75.51028,10.39056],[-75.51036,10.39056],[-75.51051,10.39056],[-75.51097,10.38939],[-75.51284,10.39036],[-75.51303,10.39052],[-75.51298,10.39059],[-75.51246,10.39117],[-75.51213,10.39168],[-75.51097,10.39347],[-75.50996,10.39292],[-75.50965,10.3934],[-75.50949,10.39358],[-75.50917,10.39412],[-75.50909,10.39429],[-75.50904,10.39445],[-75.509,10.3946],[-75.50883,10.39491],[-75.50915,10.39531],[-75.50974,10.39611],[-75.50942,10.39641],[-75.50936,10.39642]]]}},{"type":"Feature","properties":{"FID":71,"CODIGO":"4500","NOMBRE":"LA CAMPIÑA","UCG":8,"LOC":"LH","ZONA":"UCG 8","Shape__Area":176331.0263671875,"Shape__Length":1868.5835055301802},"geometry":{"type":"Polygon","coordinates":[[[-75.50018,10.3938],[-75.50007,10.3938],[-75.50003,10.39377],[-75.49997,10.39312],[-75.5,10.39264],[-75.49997,10.39236],[-75.5003,10.39234],[-75.50124,10.39225],[-75.50123,10.39198],[-75.5016,10.39208],[-75.50181,10.3922],[-75.50236,10.39213],[-75.5024,10.39247],[-75.5032,10.39238],[-75.50329,10.39228],[-75.50356,10.39198],[-75.50384,10.39177],[-75.50391,10.39224],[-75.50405,10.3931],[-75.50418,10.39365],[-75.50439,10.39486],[-75.50384,10.39509],[-75.50356,10.39527],[-75.50253,10.39575],[-75.50204,10.39592],[-75.50146,10.39616],[-75.50141,10.39615],[-75.50119,10.39641],[-75.50073,10.39608],[-75.50052,10.396],[-75.50028,10.39597],[-75.50026,10.39577],[-75.50024,10.39556],[-75.50032,10.39493],[-75.50045,10.39417],[-75.50051,10.39378],[-75.50018,10.3938]]]}},{"type":"Feature","properties":{"FID":72,"CODIGO":"4550","NOMBRE":"CAMAGUEY","UCG":8,"LOC":"LH","ZONA":"UCG 8","Shape__Area":55444.6689453125,"Shape__Length":1007.9461709071818},"geometry":{"type":"Polygon","coordinates":[[[-75.4931,10.3955],[-75.49305,10.39515],[-75.49303,10.39512],[-75.49301,10.39509],[-75.49279,10.39376],[-75.49311,10.39371],[-75.49399,10.39353],[-75.49446,10.3934],[-75.49449,10.39359],[-75.49458,10.39402],[-75.49456,10.39423],[-75.4947,10.39501],[-75.4947,10.39502],[-75.49472,10.39504],[-75.49487,10.39511],[-75.49526,10.39534],[-75.49495,10.39642],[-75.4949,10.3964],[-75.49459,10.39625],[-75.49361,10.39579],[-75.4931,10.3955]]]}},{"type":"Feature","properties":{"FID":73,"CODIGO":"4600","NOMBRE":"LOS CERROS","UCG":10,"LOC":"LH","ZONA":"UCG 10","Shape__Area":51049.44140625,"Shape__Length":1301.0832746438946},"geometry":{"type":"Polygon","coordinates":[[[-75.51093,10.39535],[-75.51112,10.39504],[-75.51135,10.39471],[-75.51182,10.39395],[-75.51289,10.39234],[-75.51294,10.39214],[-75.51348,10.39131],[-75.51365,10.39101],[-75.51392,10.3913],[-75.51418,10.39167],[-75.51316,10.39342],[-75.51299,10.39377],[-75.51261,10.39437],[-75.51262,10.39445],[-75.51218,10.39518],[-75.51219,10.39535],[-75.51202,10.39536],[-75.51141,10.39526],[-75.51133,10.39539],[-75.51111,10.39537],[-75.51093,10.39535]]]}},{"type":"Feature","properties":{"FID":74,"CODIGO":"4650","NOMBRE":"SANTA LUCIA","UCG":13,"LOC":"LI","ZONA":"UCG 13","Shape__Area":151779.8671875,"Shape__Length":1947.3998496835793},"geometry":{"type":"Polygon","coordinates":[[[-75.4795,10.39181],[-75.47955,10.39175],[-75.47958,10.39177],[-75.47982,10.39149],[-75.47984,10.39147],[-75.47977,10.39142],[-75.47948,10.3912],[-75.47953,10.39114],[-75.47963,10.39105],[-75.4813,10.39213],[-75.48163,10.39231],[-75.48324,10.39324],[-75.48252,10.39351],[-75.48038,10.39444],[-75.47695,10.39582],[-75.47677,10.39529],[-75.47665,10.39506],[-75.47669,10.39503],[-75.47691,10.39483],[-75.47694,10.3948],[-75.47696,10.39479],[-75.477,10.39475],[-75.47703,10.39473],[-75.47705,10.39471],[-75.47708,10.39467],[-75.47756,10.39414],[-75.47801,10.39361],[-75.47816,10.39342],[-75.47951,10.39185],[-75.47952,10.39183],[-75.4795,10.39181]]]}},{"type":"Feature","properties":{"FID":75,"CODIGO":"4750","NOMBRE":"LA CONCEPCION","UCG":13,"LOC":"LI","ZONA":"UCG 13","Shape__Area":323384.0166015625,"Shape__Length":2574.332879463673},"geometry":{"type":"Polygon","coordinates":[[[-75.47637,10.39463],[-75.47612,10.39428],[-75.47563,10.3931],[-75.47526,10.39258],[-75.47492,10.39222],[-75.47436,10.39174],[-75.47406,10.39156],[-75.47177,10.39114],[-75.4728,10.3895],[-75.47352,10.3883],[-75.47393,10.3876],[-75.47536,10.38855],[-75.47578,10.38882],[-75.47953,10.39114],[-75.47948,10.3912],[-75.47977,10.39142],[-75.47984,10.39147],[-75.47982,10.39149],[-75.47958,10.39177],[-75.47955,10.39175],[-75.4795,10.39181],[-75.47952,10.39183],[-75.47951,10.39185],[-75.47816,10.39342],[-75.47801,10.39361],[-75.47756,10.39414],[-75.47708,10.39467],[-75.47705,10.39471],[-75.47703,10.39473],[-75.477,10.39475],[-75.47696,10.39479],[-75.47694,10.3948],[-75.47691,10.39483],[-75.47669,10.39503],[-75.47665,10.39506],[-75.47643,10.39471],[-75.47637,10.39463]]]}},{"type":"Feature","properties":{"FID":76,"CODIGO":"4800","NOMBRE":"VILLA SANDRA","UCG":8,"LOC":"LH","ZONA":"UCG 8","Shape__Area":100074.5546875,"Shape__Length":1594.8022370675988},"geometry":{"type":"Polygon","coordinates":[[[-75.48644,10.39254],[-75.48678,10.39216],[-75.48833,10.39294],[-75.48893,10.39325],[-75.48929,10.39343],[-75.4901,10.39382],[-75.49036,10.39395],[-75.49048,10.39401],[-75.49046,10.39407],[-75.49045,10.39409],[-75.49038,10.3942],[-75.49037,10.39422],[-75.49034,10.39426],[-75.49096,10.3946],[-75.49062,10.3952],[-75.49038,10.39505],[-75.48997,10.39491],[-75.48979,10.39484],[-75.48937,10.3947],[-75.48885,10.3946],[-75.48785,10.39455],[-75.48643,10.39452],[-75.48579,10.39446],[-75.48536,10.39442],[-75.48549,10.39366],[-75.48622,10.39331],[-75.48638,10.39291],[-75.48623,10.39264],[-75.48644,10.39254]]]}},{"type":"Feature","properties":{"FID":77,"CODIGO":"4850","NOMBRE":"NUEVO BOSQUE","UCG":10,"LOC":"LH","ZONA":"UCG 10","Shape__Area":448576.5712890625,"Shape__Length":3096.603415425952},"geometry":{"type":"Polygon","coordinates":[[[-75.50662,10.39425],[-75.5064,10.39387],[-75.50625,10.39363],[-75.50619,10.39367],[-75.506,10.39378],[-75.50589,10.3936],[-75.50562,10.39374],[-75.50537,10.39338],[-75.50484,10.39369],[-75.50418,10.39365],[-75.50405,10.3931],[-75.50391,10.39224],[-75.50384,10.39177],[-75.50374,10.39128],[-75.5032,10.38834],[-75.50486,10.38806],[-75.50572,10.38789],[-75.50712,10.38765],[-75.50779,10.38753],[-75.50766,10.38792],[-75.50782,10.38794],[-75.50803,10.38791],[-75.50869,10.38783],[-75.50964,10.38797],[-75.51057,10.38832],[-75.51065,10.38837],[-75.51066,10.38839],[-75.51084,10.38934],[-75.51097,10.38939],[-75.51051,10.39056],[-75.51036,10.39056],[-75.51028,10.39056],[-75.51027,10.39056],[-75.51025,10.39056],[-75.50977,10.39055],[-75.5097,10.39088],[-75.50892,10.39066],[-75.50845,10.39055],[-75.50928,10.39202],[-75.50948,10.39238],[-75.50956,10.39254],[-75.50953,10.39255],[-75.50944,10.39262],[-75.50935,10.39277],[-75.50942,10.39292],[-75.50897,10.39319],[-75.50785,10.39385],[-75.50782,10.39381],[-75.50765,10.39367],[-75.50763,10.39366],[-75.50761,10.39367],[-75.50743,10.39381],[-75.50662,10.39425]]]}},{"type":"Feature","properties":{"FID":78,"CODIGO":"4900","NOMBRE":"RUBI","UCG":8,"LOC":"LH","ZONA":"UCG 8","Shape__Area":49507.3115234375,"Shape__Length":1046.9737758249046},"geometry":{"type":"Polygon","coordinates":[[[-75.48441,10.39269],[-75.48625,10.39193],[-75.48678,10.39216],[-75.48644,10.39254],[-75.48623,10.39264],[-75.48638,10.39291],[-75.48622,10.39331],[-75.48549,10.39366],[-75.48536,10.39442],[-75.48514,10.39437],[-75.48492,10.39428],[-75.48469,10.39416],[-75.48442,10.39399],[-75.48421,10.39385],[-75.48351,10.39338],[-75.48324,10.39324],[-75.48441,10.39269]]]}},{"type":"Feature","properties":{"FID":79,"CODIGO":"5000","NOMBRE":"BUENOS AIRES","UCG":8,"LOC":"LH","ZONA":"UCG 8","Shape__Area":89477.615234375,"Shape__Length":1497.4640933938615},"geometry":{"type":"Polygon","coordinates":[[[-75.49175,10.39462],[-75.49165,10.39395],[-75.49148,10.39295],[-75.49133,10.39213],[-75.49105,10.39037],[-75.49176,10.39023],[-75.49203,10.39019],[-75.49263,10.39009],[-75.4928,10.39117],[-75.49291,10.39219],[-75.49308,10.39347],[-75.49311,10.39371],[-75.49279,10.39376],[-75.49301,10.39509],[-75.49303,10.39512],[-75.49305,10.39515],[-75.4931,10.3955],[-75.49175,10.39462]]]}},{"type":"Feature","properties":{"FID":80,"CODIGO":"5050","NOMBRE":"LAS DELICIAS","UCG":8,"LOC":"LH","ZONA":"UCG 8","Shape__Area":56794.146484375,"Shape__Length":1218.229644982555},"geometry":{"type":"Polygon","coordinates":[[[-75.48833,10.39294],[-75.48881,10.39112],[-75.48871,10.39094],[-75.4894,10.39067],[-75.48954,10.39064],[-75.49038,10.39048],[-75.4904,10.39069],[-75.49032,10.3907],[-75.49036,10.39117],[-75.49036,10.39123],[-75.4904,10.3916],[-75.49042,10.3918],[-75.48968,10.39192],[-75.48963,10.39205],[-75.48957,10.39223],[-75.49002,10.39215],[-75.49004,10.3923],[-75.49004,10.39232],[-75.49009,10.39261],[-75.49011,10.39265],[-75.49013,10.39285],[-75.49015,10.39288],[-75.49019,10.39312],[-75.49026,10.39343],[-75.49036,10.39395],[-75.4901,10.39382],[-75.48929,10.39343],[-75.48893,10.39325],[-75.48833,10.39294]]]}},{"type":"Feature","properties":{"FID":81,"CODIGO":"5100","NOMBRE":"EL COUNTRY","UCG":8,"LOC":"LH","ZONA":"UCG 8","Shape__Area":379620.578125,"Shape__Length":3069.7303233053417},"geometry":{"type":"Polygon","coordinates":[[[-75.49781,10.39303],[-75.49668,10.39252],[-75.49571,10.39344],[-75.49566,10.3936],[-75.49524,10.39346],[-75.49449,10.39359],[-75.49446,10.3934],[-75.49377,10.38991],[-75.49536,10.38965],[-75.49671,10.38944],[-75.49748,10.38931],[-75.49935,10.38903],[-75.50259,10.38848],[-75.5032,10.38834],[-75.50374,10.39128],[-75.50268,10.39142],[-75.50173,10.39154],[-75.50055,10.39167],[-75.50023,10.39171],[-75.49973,10.39176],[-75.49895,10.39185],[-75.49889,10.39185],[-75.49886,10.39243],[-75.49878,10.39241],[-75.49833,10.39226],[-75.49812,10.39294],[-75.49808,10.39311],[-75.49781,10.39303]]]}},{"type":"Feature","properties":{"FID":82,"CODIGO":"5150","NOMBRE":"SAN PEDRO","UCG":12,"LOC":"LI","ZONA":"UCG 12","Shape__Area":153045.400390625,"Shape__Length":1741.1561214820567},"geometry":{"type":"Polygon","coordinates":[[[-75.48116,10.38931],[-75.48246,10.38997],[-75.48325,10.39037],[-75.48493,10.39123],[-75.48625,10.39193],[-75.48441,10.39269],[-75.48324,10.39324],[-75.48163,10.39231],[-75.4813,10.39213],[-75.47963,10.39105],[-75.48089,10.38971],[-75.48116,10.38931]]]}},{"type":"Feature","properties":{"FID":83,"CODIGO":"5200","NOMBRE":"EL CARMEN","UCG":8,"LOC":"LH","ZONA":"UCG 8","Shape__Area":29995.4267578125,"Shape__Length":789.7135725701135},"geometry":{"type":"Polygon","coordinates":[[[-75.48678,10.39216],[-75.48625,10.39193],[-75.48835,10.39108],[-75.48851,10.39102],[-75.48871,10.39094],[-75.48881,10.39112],[-75.48833,10.39294],[-75.48678,10.39216]]]}},{"type":"Feature","properties":{"FID":84,"CODIGO":"5250","NOMBRE":"ALTO BOSQUE","UCG":10,"LOC":"LH","ZONA":"UCG 10","Shape__Area":191251.48046875,"Shape__Length":1794.3075404882434},"geometry":{"type":"Polygon","coordinates":[[[-75.51581,10.3897],[-75.51578,10.38853],[-75.51729,10.38859],[-75.51757,10.3886],[-75.51841,10.38945],[-75.51874,10.39022],[-75.51891,10.39059],[-75.51902,10.39076],[-75.51949,10.3918],[-75.51966,10.39235],[-75.51963,10.39253],[-75.51946,10.3934],[-75.51941,10.39408],[-75.51886,10.39414],[-75.51714,10.3941],[-75.51686,10.39333],[-75.5165,10.39231],[-75.51581,10.3897]]]}},{"type":"Feature","properties":{"FID":85,"CODIGO":"5300","NOMBRE":"BLAS DE LEZO","UCG":12,"LOC":"LI","ZONA":"UCG 12","Shape__Area":802809.5107421875,"Shape__Length":3550.2006411022517},"geometry":{"type":"Polygon","coordinates":[[[-75.48399,10.38127],[-75.4858,10.38178],[-75.48731,10.38218],[-75.48975,10.38285],[-75.48963,10.38327],[-75.48939,10.38401],[-75.48945,10.38403],[-75.48932,10.38468],[-75.48976,10.3848],[-75.48982,10.38528],[-75.48981,10.38576],[-75.48987,10.38623],[-75.48999,10.38634],[-75.48994,10.3867],[-75.48993,10.38676],[-75.48911,10.38841],[-75.48851,10.39102],[-75.48835,10.39108],[-75.48625,10.39193],[-75.48493,10.39123],[-75.48325,10.39037],[-75.48246,10.38997],[-75.48116,10.38931],[-75.48152,10.3883],[-75.48202,10.38687],[-75.48223,10.38631],[-75.4825,10.38539],[-75.48326,10.38323],[-75.48351,10.38261],[-75.48399,10.38127]]]}},{"type":"Feature","properties":{"FID":86,"CODIGO":"5350","NOMBRE":"SAN JOSE DE LOS CAMPANOS","UCG":13,"LOC":"LI","ZONA":"UCG 13","Shape__Area":868529.1845703125,"Shape__Length":5352.776069071023},"geometry":{"type":"Polygon","coordinates":[[[-75.46178,10.38141],[-75.46189,10.3813],[-75.46205,10.3814],[-75.46243,10.38089],[-75.46228,10.38057],[-75.46252,10.38034],[-75.46258,10.38037],[-75.46275,10.3802],[-75.46296,10.37983],[-75.46294,10.37918],[-75.46345,10.37982],[-75.46388,10.38031],[-75.4642,10.38064],[-75.46403,10.38093],[-75.46376,10.38135],[-75.46349,10.38171],[-75.46322,10.38203],[-75.46289,10.38243],[-75.46277,10.38276],[-75.46265,10.38314],[-75.46255,10.38338],[-75.46251,10.38352],[-75.46242,10.38377],[-75.46241,10.38395],[-75.46244,10.38415],[-75.46247,10.38442],[-75.46243,10.38457],[-75.46237,10.38479],[-75.46219,10.3851],[-75.46216,10.38525],[-75.46213,10.38541],[-75.46215,10.3855],[-75.46227,10.38561],[-75.46201,10.38593],[-75.46182,10.38576],[-75.46127,10.38538],[-75.4595,10.38731],[-75.46089,10.38846],[-75.45912,10.39055],[-75.45742,10.3898],[-75.45594,10.39165],[-75.45506,10.39125],[-75.45284,10.39026],[-75.45124,10.38956],[-75.4525,10.38782],[-75.45265,10.38773],[-75.45303,10.3875],[-75.45358,10.38703],[-75.45392,10.38651],[-75.45417,10.38599],[-75.45389,10.38572],[-75.45452,10.38491],[-75.45476,10.38512],[-75.45498,10.38482],[-75.45571,10.38391],[-75.45589,10.38375],[-75.45693,10.38242],[-75.45684,10.38233],[-75.45713,10.38193],[-75.45727,10.38202],[-75.45808,10.38093],[-75.45899,10.37975],[-75.45909,10.37981],[-75.45999,10.38109],[-75.46054,10.38201],[-75.46108,10.38268],[-75.46131,10.38298],[-75.4616,10.38169],[-75.46178,10.38141]]]}},{"type":"Feature","properties":{"FID":87,"CODIGO":"5400","NOMBRE":"EL RECREO","UCG":13,"LOC":"LI","ZONA":"UCG 13","Shape__Area":202753.947265625,"Shape__Length":1760.2430630988044},"geometry":{"type":"Polygon","coordinates":[[[-75.47046,10.38683],[-75.47121,10.38575],[-75.47136,10.38583],[-75.47212,10.38635],[-75.4726,10.38666],[-75.47325,10.38712],[-75.47393,10.3876],[-75.47352,10.3883],[-75.4728,10.3895],[-75.47177,10.39114],[-75.47068,10.39095],[-75.46976,10.39075],[-75.46947,10.39054],[-75.46922,10.39026],[-75.46868,10.38943],[-75.46972,10.38782],[-75.47046,10.38683]]]}},{"type":"Feature","properties":{"FID":88,"CODIGO":"5450","NOMBRE":"SANTA MONICA","UCG":12,"LOC":"LI","ZONA":"UCG 12","Shape__Area":193411.4716796875,"Shape__Length":1832.9915151663038},"geometry":{"type":"Polygon","coordinates":[[[-75.47599,10.38656],[-75.47701,10.38689],[-75.47792,10.38718],[-75.47894,10.3875],[-75.48152,10.3883],[-75.48116,10.38931],[-75.48089,10.38971],[-75.47963,10.39105],[-75.47953,10.39114],[-75.47578,10.38882],[-75.47536,10.38855],[-75.47537,10.38773],[-75.47599,10.38656]]]}},{"type":"Feature","properties":{"FID":89,"CODIGO":"5500","NOMBRE":"LOS CARACOLES","UCG":12,"LOC":"LI","ZONA":"UCG 12","Shape__Area":339837.3525390625,"Shape__Length":2550.021590442307},"geometry":{"type":"Polygon","coordinates":[[[-75.48993,10.38676],[-75.48994,10.3867],[-75.49029,10.38701],[-75.4926,10.38476],[-75.49324,10.38467],[-75.49354,10.38464],[-75.49406,10.3846],[-75.49442,10.38456],[-75.49454,10.38536],[-75.49451,10.38544],[-75.49459,10.38573],[-75.49473,10.38577],[-75.49474,10.38583],[-75.49472,10.38587],[-75.49481,10.38641],[-75.49485,10.38667],[-75.49498,10.38733],[-75.49508,10.38725],[-75.49512,10.38743],[-75.49501,10.38744],[-75.49508,10.38784],[-75.49506,10.38784],[-75.49513,10.38825],[-75.49536,10.38965],[-75.49377,10.38991],[-75.49263,10.39009],[-75.49203,10.39019],[-75.49176,10.39023],[-75.49105,10.39037],[-75.49062,10.39044],[-75.49038,10.39048],[-75.48954,10.39064],[-75.4894,10.39067],[-75.48871,10.39094],[-75.48851,10.39102],[-75.48911,10.38841],[-75.48993,10.38676]]]}},{"type":"Feature","properties":{"FID":90,"CODIGO":"5600","NOMBRE":"ALMIRANTE COLON","UCG":12,"LOC":"LI","ZONA":"UCG 12","Shape__Area":239077.6572265625,"Shape__Length":2095.5892350836853},"geometry":{"type":"Polygon","coordinates":[[[-75.49748,10.38931],[-75.49671,10.38944],[-75.49536,10.38965],[-75.49513,10.38825],[-75.49506,10.38784],[-75.49508,10.38784],[-75.49501,10.38744],[-75.49512,10.38743],[-75.49508,10.38725],[-75.49498,10.38733],[-75.49485,10.38667],[-75.49481,10.38641],[-75.49472,10.38587],[-75.49474,10.38583],[-75.49473,10.38577],[-75.49459,10.38573],[-75.49451,10.38544],[-75.49454,10.38536],[-75.49442,10.38456],[-75.4944,10.3844],[-75.49512,10.38469],[-75.49533,10.38452],[-75.49576,10.38472],[-75.49585,10.38471],[-75.49607,10.38476],[-75.49609,10.38471],[-75.49742,10.38483],[-75.49857,10.38463],[-75.49862,10.38497],[-75.49886,10.38633],[-75.4991,10.38763],[-75.49935,10.38903],[-75.49748,10.38931]]]}},{"type":"Feature","properties":{"FID":91,"CODIGO":"5650","NOMBRE":"LOS CORALES","UCG":12,"LOC":"LI","ZONA":"UCG 12","Shape__Area":157136.43359375,"Shape__Length":1776.7596502511492},"geometry":{"type":"Polygon","coordinates":[[[-75.49857,10.38463],[-75.4999,10.38464],[-75.50001,10.38443],[-75.50014,10.38448],[-75.50039,10.3839],[-75.50074,10.38403],[-75.50077,10.38479],[-75.50084,10.38528],[-75.5011,10.3858],[-75.50221,10.38704],[-75.50262,10.38742],[-75.50284,10.38765],[-75.50292,10.38786],[-75.50293,10.38805],[-75.50286,10.38819],[-75.50259,10.38848],[-75.49935,10.38903],[-75.4991,10.38763],[-75.49886,10.38633],[-75.49862,10.38497],[-75.49857,10.38463]]]}},{"type":"Feature","properties":{"FID":92,"CODIGO":"5700","NOMBRE":"ALAMEDA LA VICTORIA","UCG":14,"LOC":"LI","ZONA":"UCG 14","Shape__Area":376012.2587890625,"Shape__Length":2902.793413563335},"geometry":{"type":"Polygon","coordinates":[[[-75.47212,10.38635],[-75.47267,10.38548],[-75.47271,10.38539],[-75.47367,10.38393],[-75.4737,10.38384],[-75.47394,10.38346],[-75.47397,10.3834],[-75.4745,10.38258],[-75.47454,10.38251],[-75.47479,10.38214],[-75.47481,10.38207],[-75.47505,10.3817],[-75.47509,10.38161],[-75.47553,10.38096],[-75.4758,10.38052],[-75.47672,10.37917],[-75.47778,10.37923],[-75.47883,10.37931],[-75.47982,10.37941],[-75.4791,10.38073],[-75.47828,10.38225],[-75.47758,10.3836],[-75.47673,10.38518],[-75.47641,10.3858],[-75.47599,10.38656],[-75.47537,10.38773],[-75.47536,10.38855],[-75.47393,10.3876],[-75.47325,10.38712],[-75.4726,10.38666],[-75.47212,10.38635]]]}},{"type":"Feature","properties":{"FID":93,"CODIGO":"5800","NOMBRE":"EL SOCORRO","UCG":12,"LOC":"LI","ZONA":"UCG 12","Shape__Area":547527.5234375,"Shape__Length":3126.986926204178},"geometry":{"type":"Polygon","coordinates":[[[-75.47982,10.37941],[-75.48179,10.37965],[-75.48242,10.3797],[-75.48305,10.37973],[-75.48413,10.37971],[-75.48462,10.37973],[-75.48399,10.38127],[-75.48351,10.38261],[-75.48326,10.38323],[-75.4825,10.38539],[-75.48223,10.38631],[-75.48202,10.38687],[-75.48152,10.3883],[-75.47894,10.3875],[-75.47792,10.38718],[-75.47701,10.38689],[-75.47599,10.38656],[-75.47641,10.3858],[-75.47673,10.38518],[-75.47758,10.3836],[-75.47828,10.38225],[-75.4791,10.38073],[-75.47982,10.37941]]]}},{"type":"Feature","properties":{"FID":94,"CODIGO":"5850","NOMBRE":"CEBALLOS","UCG":11,"LOC":"LI","ZONA":"UCG 11","Shape__Area":345290.8115234375,"Shape__Length":2915.005459503889},"geometry":{"type":"Polygon","coordinates":[[[-75.50221,10.38704],[-75.5011,10.3858],[-75.50084,10.38528],[-75.50077,10.38479],[-75.50074,10.38403],[-75.50089,10.38359],[-75.50118,10.3837],[-75.5017,10.38376],[-75.50454,10.38391],[-75.50481,10.38395],[-75.50616,10.38428],[-75.50639,10.38479],[-75.50671,10.38494],[-75.51029,10.38667],[-75.5112,10.38708],[-75.51106,10.38746],[-75.51013,10.38717],[-75.50779,10.38753],[-75.50712,10.38765],[-75.50572,10.38789],[-75.50486,10.38806],[-75.5032,10.38834],[-75.50259,10.38848],[-75.50286,10.38819],[-75.50293,10.38805],[-75.50292,10.38786],[-75.50284,10.38765],[-75.50262,10.38742],[-75.50221,10.38704]]]}},{"type":"Feature","properties":{"FID":95,"CODIGO":"5900","NOMBRE":"LA CENTRAL","UCG":12,"LOC":"LI","ZONA":"UCG 12","Shape__Area":76328.8837890625,"Shape__Length":1452.28663272812},"geometry":{"type":"Polygon","coordinates":[[[-75.48982,10.38528],[-75.48976,10.3848],[-75.48932,10.38468],[-75.48945,10.38403],[-75.48939,10.38401],[-75.48963,10.38327],[-75.48975,10.38285],[-75.49042,10.38305],[-75.49121,10.3833],[-75.4912,10.38336],[-75.49111,10.38374],[-75.49095,10.38464],[-75.49096,10.38495],[-75.49145,10.38492],[-75.49181,10.38486],[-75.49238,10.3848],[-75.4926,10.38476],[-75.49029,10.38701],[-75.48994,10.3867],[-75.48999,10.38634],[-75.48987,10.38623],[-75.48981,10.38576],[-75.48982,10.38528]]]}},{"type":"Feature","properties":{"FID":96,"CODIGO":"5950","NOMBRE":"SAN FERNANDO","UCG":14,"LOC":"LI","ZONA":"UCG 14","Shape__Area":1164762.654296875,"Shape__Length":5619.2915870042125},"geometry":{"type":"Polygon","coordinates":[[[-75.46601,10.37931],[-75.4672,10.3784],[-75.46779,10.37915],[-75.46791,10.37906],[-75.46834,10.37874],[-75.46902,10.37822],[-75.4692,10.37846],[-75.46956,10.37815],[-75.46986,10.37763],[-75.47017,10.3777],[-75.47045,10.37777],[-75.47156,10.37816],[-75.47165,10.37662],[-75.47181,10.37429],[-75.4719,10.37412],[-75.47248,10.37332],[-75.47297,10.37254],[-75.47376,10.37142],[-75.47452,10.37057],[-75.47481,10.37024],[-75.47495,10.3701],[-75.47524,10.36967],[-75.47602,10.37014],[-75.47649,10.37031],[-75.47697,10.37058],[-75.47737,10.37076],[-75.47754,10.37083],[-75.47784,10.371],[-75.4777,10.37136],[-75.47765,10.37138],[-75.47664,10.37402],[-75.47644,10.37401],[-75.47634,10.37469],[-75.47613,10.37599],[-75.47562,10.37906],[-75.47639,10.37914],[-75.47659,10.37916],[-75.47672,10.37917],[-75.4758,10.38052],[-75.47553,10.38096],[-75.47509,10.38161],[-75.47505,10.3817],[-75.47481,10.38207],[-75.47479,10.38214],[-75.47454,10.38251],[-75.4745,10.38258],[-75.47397,10.3834],[-75.47394,10.38346],[-75.4737,10.38384],[-75.47367,10.38393],[-75.47271,10.38539],[-75.47267,10.38548],[-75.47212,10.38635],[-75.47136,10.38583],[-75.47121,10.38575],[-75.46816,10.38373],[-75.46574,10.38208],[-75.4656,10.38198],[-75.46488,10.38138],[-75.4642,10.38064],[-75.46528,10.3798],[-75.4655,10.37965],[-75.46601,10.37931]]]}},{"type":"Feature","properties":{"FID":97,"CODIGO":"6000","NOMBRE":"EL MILAGRO","UCG":12,"LOC":"LI","ZONA":"UCG 12","Shape__Area":114318.0947265625,"Shape__Length":1604.1048280332984},"geometry":{"type":"Polygon","coordinates":[[[-75.49111,10.38374],[-75.4912,10.38336],[-75.49121,10.3833],[-75.49172,10.38344],[-75.49191,10.38273],[-75.49191,10.38264],[-75.49204,10.38225],[-75.49206,10.38219],[-75.49226,10.38225],[-75.4923,10.38226],[-75.4927,10.38105],[-75.49255,10.381],[-75.49283,10.3806],[-75.49286,10.38059],[-75.49298,10.38042],[-75.49352,10.38092],[-75.49361,10.38101],[-75.49379,10.3811],[-75.494,10.38114],[-75.49423,10.38114],[-75.49487,10.38114],[-75.49468,10.38159],[-75.49446,10.38216],[-75.49444,10.38222],[-75.49435,10.3825],[-75.494,10.38322],[-75.49355,10.38407],[-75.49324,10.38467],[-75.4926,10.38476],[-75.49238,10.3848],[-75.49181,10.38486],[-75.49145,10.38492],[-75.49096,10.38495],[-75.49095,10.38464],[-75.49111,10.38374]]]}},{"type":"Feature","properties":{"FID":98,"CODIGO":"6050","NOMBRE":"EL CAMPESTRE","UCG":12,"LOC":"LI","ZONA":"UCG 12","Shape__Area":621631.0166015625,"Shape__Length":3457.919908852709},"geometry":{"type":"Polygon","coordinates":[[[-75.49742,10.38483],[-75.49609,10.38471],[-75.49607,10.38476],[-75.49585,10.38471],[-75.49576,10.38472],[-75.49533,10.38452],[-75.49512,10.38469],[-75.4944,10.3844],[-75.49442,10.38456],[-75.49406,10.3846],[-75.49354,10.38464],[-75.49324,10.38467],[-75.49355,10.38407],[-75.494,10.38322],[-75.49435,10.3825],[-75.49444,10.38222],[-75.49446,10.38216],[-75.49468,10.38159],[-75.49487,10.38114],[-75.49548,10.37974],[-75.49571,10.37944],[-75.49574,10.37946],[-75.49617,10.37982],[-75.49638,10.37995],[-75.4964,10.37988],[-75.49683,10.3789],[-75.49745,10.37761],[-75.4975,10.37751],[-75.49769,10.37713],[-75.49767,10.37702],[-75.49813,10.37623],[-75.49823,10.37627],[-75.49977,10.377],[-75.50317,10.37852],[-75.50246,10.38007],[-75.50172,10.38179],[-75.50164,10.38197],[-75.50117,10.38298],[-75.50089,10.38359],[-75.50074,10.38403],[-75.50039,10.3839],[-75.50014,10.38448],[-75.50001,10.38443],[-75.4999,10.38464],[-75.49857,10.38463],[-75.49742,10.38483]]]}},{"type":"Feature","properties":{"FID":99,"CODIGO":"6100","NOMBRE":"SANTA CLARA","UCG":11,"LOC":"LI","ZONA":"UCG 11","Shape__Area":117091.6669921875,"Shape__Length":1674.6365114622824},"geometry":{"type":"Polygon","coordinates":[[[-75.50616,10.38428],[-75.50481,10.38395],[-75.50454,10.38391],[-75.5017,10.38376],[-75.50118,10.3837],[-75.50089,10.38359],[-75.50117,10.38298],[-75.50164,10.38197],[-75.50172,10.38179],[-75.5033,10.38249],[-75.5038,10.38141],[-75.50582,10.38171],[-75.50566,10.38289],[-75.50584,10.38361],[-75.50616,10.38428]]]}},{"type":"Feature","properties":{"FID":100,"CODIGO":"6150","NOMBRE":"EL CARMELO","UCG":12,"LOC":"LI","ZONA":"UCG 12","Shape__Area":279167.9462890625,"Shape__Length":2530.0541975807014},"geometry":{"type":"Polygon","coordinates":[[[-75.48975,10.38285],[-75.48731,10.38218],[-75.4858,10.38178],[-75.48399,10.38127],[-75.48462,10.37973],[-75.48518,10.37977],[-75.48649,10.37984],[-75.48793,10.37992],[-75.48811,10.37993],[-75.48902,10.37991],[-75.48947,10.37925],[-75.48959,10.37912],[-75.48965,10.37908],[-75.48974,10.37907],[-75.49023,10.37903],[-75.49065,10.37917],[-75.49083,10.3793],[-75.4912,10.37963],[-75.49151,10.37985],[-75.49163,10.37994],[-75.49181,10.38007],[-75.49206,10.3802],[-75.4924,10.38024],[-75.49271,10.38024],[-75.49295,10.38039],[-75.49298,10.38042],[-75.49286,10.38059],[-75.49283,10.3806],[-75.49255,10.381],[-75.4927,10.38105],[-75.4923,10.38226],[-75.49226,10.38225],[-75.49206,10.38219],[-75.49204,10.38225],[-75.49191,10.38264],[-75.49191,10.38273],[-75.49172,10.38344],[-75.49121,10.3833],[-75.49042,10.38305],[-75.48975,10.38285]]]}},{"type":"Feature","properties":{"FID":101,"CODIGO":"6200","NOMBRE":"VISTA HERMOSA","UCG":15,"LOC":"LI","ZONA":"UCG 15","Shape__Area":346178.451171875,"Shape__Length":2897.6710776552795},"geometry":{"type":"Polygon","coordinates":[[[-75.49151,10.37985],[-75.49194,10.37905],[-75.49197,10.37897],[-75.49214,10.37858],[-75.49216,10.37855],[-75.49244,10.37867],[-75.49269,10.37814],[-75.49306,10.37711],[-75.49342,10.376],[-75.49351,10.37556],[-75.49439,10.37583],[-75.49507,10.37338],[-75.49481,10.37328],[-75.49455,10.37308],[-75.49433,10.37282],[-75.49573,10.37289],[-75.49584,10.3729],[-75.49643,10.37397],[-75.49714,10.37518],[-75.49762,10.37594],[-75.49813,10.37623],[-75.49767,10.37702],[-75.49769,10.37713],[-75.4975,10.37751],[-75.49745,10.37761],[-75.49683,10.3789],[-75.4964,10.37988],[-75.49638,10.37995],[-75.49617,10.37982],[-75.49574,10.37946],[-75.49571,10.37944],[-75.49548,10.37974],[-75.49487,10.38114],[-75.49423,10.38114],[-75.494,10.38114],[-75.49379,10.3811],[-75.49361,10.38101],[-75.49352,10.38092],[-75.49298,10.38042],[-75.49295,10.38039],[-75.49271,10.38024],[-75.4924,10.38024],[-75.49206,10.3802],[-75.49181,10.38007],[-75.49163,10.37994],[-75.49151,10.37985]]]}},{"type":"Feature","properties":{"FID":102,"CODIGO":"6250","NOMBRE":"CIUDADELA 11 DE NOVIEMBRE","UCG":14,"LOC":"LI","ZONA":"UCG 14","Shape__Area":45101.4384765625,"Shape__Length":1447.6912669916755},"geometry":{"type":"Polygon","coordinates":[[[-75.4642,10.38064],[-75.46388,10.38031],[-75.46415,10.38006],[-75.46715,10.37784],[-75.46755,10.37757],[-75.46836,10.37782],[-75.46885,10.37801],[-75.46902,10.37822],[-75.46834,10.37874],[-75.46791,10.37906],[-75.46779,10.37915],[-75.4672,10.3784],[-75.46601,10.37931],[-75.4655,10.37965],[-75.46528,10.3798],[-75.4642,10.38064]]]}},{"type":"Feature","properties":{"FID":103,"CODIGO":"6300","NOMBRE":"URBANIZACION SIMON BOLIVAR","UCG":14,"LOC":"LI","ZONA":"UCG 14","Shape__Area":105654.1611328125,"Shape__Length":1904.4506414092577},"geometry":{"type":"Polygon","coordinates":[[[-75.46388,10.38031],[-75.46345,10.37982],[-75.46294,10.37918],[-75.4663,10.3766],[-75.46643,10.37663],[-75.46986,10.37763],[-75.46956,10.37815],[-75.4692,10.37846],[-75.46902,10.37822],[-75.46885,10.37801],[-75.46836,10.37782],[-75.46755,10.37757],[-75.46715,10.37784],[-75.46415,10.38006],[-75.46388,10.38031]]]}},{"type":"Feature","properties":{"FID":104,"CODIGO":"6400","NOMBRE":"LA VICTORIA","UCG":15,"LOC":"LI","ZONA":"UCG 15","Shape__Area":158567.4765625,"Shape__Length":2218.5179885876664},"geometry":{"type":"Polygon","coordinates":[[[-75.48548,10.37615],[-75.4855,10.37533],[-75.4846,10.37523],[-75.4848,10.37428],[-75.48491,10.3736],[-75.48504,10.373],[-75.48508,10.37277],[-75.48545,10.37289],[-75.48549,10.37292],[-75.48583,10.37304],[-75.48627,10.37315],[-75.48673,10.37324],[-75.48722,10.37329],[-75.48724,10.37319],[-75.48761,10.37335],[-75.48728,10.3741],[-75.48693,10.37476],[-75.48686,10.37549],[-75.48678,10.37548],[-75.4866,10.37664],[-75.4867,10.37665],[-75.4867,10.37697],[-75.48709,10.3771],[-75.48679,10.37838],[-75.48667,10.37885],[-75.48659,10.37932],[-75.48649,10.37984],[-75.48518,10.37977],[-75.48462,10.37973],[-75.48486,10.37876],[-75.48503,10.37811],[-75.48511,10.37785],[-75.48518,10.37733],[-75.48533,10.37662],[-75.48544,10.37648],[-75.48548,10.37615]]]}},{"type":"Feature","properties":{"FID":105,"CODIGO":"6450","NOMBRE":"LOS JARDINES","UCG":15,"LOC":"LI","ZONA":"UCG 15","Shape__Area":109502.5927734375,"Shape__Length":1501.7465994638683},"geometry":{"type":"Polygon","coordinates":[[[-75.48305,10.37973],[-75.48316,10.378],[-75.48277,10.37796],[-75.48288,10.37741],[-75.48299,10.37688],[-75.48335,10.37695],[-75.48374,10.3751],[-75.48455,10.37524],[-75.4846,10.37523],[-75.4855,10.37533],[-75.48548,10.37615],[-75.48544,10.37648],[-75.48533,10.37662],[-75.48518,10.37733],[-75.48511,10.37785],[-75.48503,10.37811],[-75.48486,10.37876],[-75.48462,10.37973],[-75.48413,10.37971],[-75.48305,10.37973]]]}},{"type":"Feature","properties":{"FID":106,"CODIGO":"6500","NOMBRE":"LA CONSOLATA","UCG":15,"LOC":"LI","ZONA":"UCG 15","Shape__Area":228977.123046875,"Shape__Length":2054.7260259009277},"geometry":{"type":"Polygon","coordinates":[[[-75.4794,10.37694],[-75.47942,10.37684],[-75.4795,10.37684],[-75.47962,10.37625],[-75.4797,10.37587],[-75.47997,10.37521],[-75.48005,10.37469],[-75.48039,10.37473],[-75.48091,10.37477],[-75.4818,10.37482],[-75.48184,10.37481],[-75.48278,10.37497],[-75.48374,10.3751],[-75.48335,10.37695],[-75.48299,10.37688],[-75.48288,10.37741],[-75.48277,10.37796],[-75.48316,10.378],[-75.48305,10.37973],[-75.48242,10.3797],[-75.48179,10.37965],[-75.47982,10.37941],[-75.47883,10.37931],[-75.47898,10.37864],[-75.47917,10.37777],[-75.4792,10.37773],[-75.47922,10.37769],[-75.4793,10.37734],[-75.47933,10.3773],[-75.47937,10.37714],[-75.47937,10.37712],[-75.4794,10.37694]]]}},{"type":"Feature","properties":{"FID":107,"CODIGO":"6550","NOMBRE":"VILLA RUBIA","UCG":14,"LOC":"LI","ZONA":"UCG 14","Shape__Area":60565.373046875,"Shape__Length":1331.6109754573833},"geometry":{"type":"Polygon","coordinates":[[[-75.4792,10.37773],[-75.47917,10.37777],[-75.47898,10.37864],[-75.47883,10.37931],[-75.47778,10.37923],[-75.47843,10.37669],[-75.47848,10.3765],[-75.47893,10.37515],[-75.47893,10.37501],[-75.4791,10.37502],[-75.47914,10.37459],[-75.48005,10.37469],[-75.47997,10.37521],[-75.4797,10.37587],[-75.47962,10.37625],[-75.4795,10.37684],[-75.47942,10.37684],[-75.4794,10.37694],[-75.47937,10.37712],[-75.47937,10.37714],[-75.47933,10.3773],[-75.4793,10.37734],[-75.47922,10.37769],[-75.4792,10.37773]]]}},{"type":"Feature","properties":{"FID":108,"CODIGO":"6600","NOMBRE":"JORGE ELIECER GAITAN","UCG":14,"LOC":"LI","ZONA":"UCG 14","Shape__Area":48494.0478515625,"Shape__Length":967.6251653396502},"geometry":{"type":"Polygon","coordinates":[[[-75.47639,10.37914],[-75.47652,10.3786],[-75.47685,10.37768],[-75.47705,10.37709],[-75.47728,10.37637],[-75.47737,10.3761],[-75.47768,10.37618],[-75.47781,10.37628],[-75.47848,10.3765],[-75.47843,10.37669],[-75.47778,10.37923],[-75.47672,10.37917],[-75.47659,10.37916],[-75.47639,10.37914]]]}},{"type":"Feature","properties":{"FID":109,"CODIGO":"6650","NOMBRE":"LA FLORIDA","UCG":14,"LOC":"LI","ZONA":"UCG 14","Shape__Area":93194.5546875,"Shape__Length":2110.425899341218},"geometry":{"type":"Polygon","coordinates":[[[-75.47639,10.37914],[-75.47562,10.37906],[-75.47613,10.37599],[-75.47634,10.37469],[-75.47644,10.37401],[-75.47664,10.37402],[-75.47765,10.37138],[-75.4777,10.37136],[-75.47784,10.371],[-75.47805,10.37107],[-75.47823,10.37112],[-75.47782,10.37232],[-75.47721,10.37415],[-75.47792,10.37439],[-75.47785,10.37465],[-75.47737,10.3761],[-75.47728,10.37637],[-75.47705,10.37709],[-75.47685,10.37768],[-75.47652,10.3786],[-75.47639,10.37914]]]}},{"type":"Feature","properties":{"FID":110,"CODIGO":"6700","NOMBRE":"VEINTE DE JULIO SUR","UCG":11,"LOC":"LI","ZONA":"UCG 11","Shape__Area":243522.04296875,"Shape__Length":3163.0893131552552},"geometry":{"type":"Polygon","coordinates":[[[-75.50077,10.37496],[-75.50076,10.375],[-75.50075,10.37521],[-75.50073,10.37541],[-75.50073,10.37549],[-75.5007,10.37578],[-75.50064,10.37605],[-75.50006,10.3758],[-75.49988,10.37676],[-75.49977,10.377],[-75.49823,10.37627],[-75.49813,10.37623],[-75.49762,10.37594],[-75.49714,10.37518],[-75.49643,10.37397],[-75.49584,10.3729],[-75.49679,10.37295],[-75.49711,10.37301],[-75.49802,10.37313],[-75.49841,10.37319],[-75.49908,10.37323],[-75.49909,10.3728],[-75.49831,10.37278],[-75.49826,10.37245],[-75.4982,10.37219],[-75.49814,10.37194],[-75.49799,10.37196],[-75.49781,10.37198],[-75.49774,10.37178],[-75.49771,10.3717],[-75.49768,10.3717],[-75.4976,10.37145],[-75.49792,10.37136],[-75.49828,10.37127],[-75.49851,10.37121],[-75.49849,10.3708],[-75.49857,10.37079],[-75.49856,10.37065],[-75.49861,10.37031],[-75.49866,10.37031],[-75.49872,10.36985],[-75.49923,10.36988],[-75.49926,10.37025],[-75.49903,10.37029],[-75.49902,10.37046],[-75.49906,10.37064],[-75.49915,10.37062],[-75.49942,10.37062],[-75.50095,10.37068],[-75.50097,10.37102],[-75.50092,10.37102],[-75.49988,10.37096],[-75.49992,10.37101],[-75.50011,10.37143],[-75.50028,10.3717],[-75.50042,10.37208],[-75.50044,10.37222],[-75.50044,10.37242],[-75.50044,10.37256],[-75.50043,10.37271],[-75.50037,10.3732],[-75.50036,10.37329],[-75.501,10.37331],[-75.50148,10.37328],[-75.50128,10.375],[-75.50077,10.37496]]]}},{"type":"Feature","properties":{"FID":111,"CODIGO":"6750","NOMBRE":"NELSON MANDELA","UCG":14,"LOC":"LI","ZONA":"UCG 14","Shape__Area":1156990.962890625,"Shape__Length":8175.382490930563},"geometry":{"type":"Polygon","coordinates":[[[-75.47893,10.36694],[-75.47858,10.36651],[-75.47847,10.3666],[-75.47835,10.3667],[-75.47784,10.36706],[-75.47747,10.36732],[-75.47718,10.36754],[-75.4771,10.36765],[-75.47695,10.36776],[-75.47674,10.368],[-75.47572,10.36897],[-75.47528,10.3692],[-75.47489,10.36944],[-75.47459,10.36915],[-75.47441,10.36897],[-75.47431,10.36887],[-75.47426,10.36877],[-75.47424,10.36873],[-75.47399,10.36891],[-75.47388,10.36898],[-75.47379,10.36906],[-75.47373,10.36912],[-75.47366,10.36917],[-75.4734,10.36937],[-75.47329,10.36946],[-75.47324,10.3695],[-75.47313,10.36961],[-75.4718,10.37051],[-75.47119,10.37081],[-75.46925,10.37238],[-75.46934,10.37263],[-75.46768,10.3743],[-75.46651,10.37547],[-75.46464,10.3775],[-75.46445,10.37693],[-75.46435,10.376],[-75.46477,10.37535],[-75.46598,10.37425],[-75.46622,10.37404],[-75.46649,10.3738],[-75.4668,10.37351],[-75.46701,10.37332],[-75.46747,10.37288],[-75.46776,10.37258],[-75.46787,10.37246],[-75.46879,10.37119],[-75.46956,10.37017],[-75.47194,10.36782],[-75.47325,10.36591],[-75.47533,10.3636],[-75.4743,10.36231],[-75.47637,10.36032],[-75.47732,10.36127],[-75.47753,10.36148],[-75.47766,10.36161],[-75.4784,10.36067],[-75.47917,10.35958],[-75.48061,10.35784],[-75.48185,10.35898],[-75.48203,10.35914],[-75.48255,10.35962],[-75.48257,10.35974],[-75.48279,10.35998],[-75.48127,10.36134],[-75.48108,10.36144],[-75.4817,10.36208],[-75.48338,10.36385],[-75.48362,10.36452],[-75.48329,10.36462],[-75.48338,10.36501],[-75.48332,10.36548],[-75.48364,10.36598],[-75.48384,10.36628],[-75.48386,10.36632],[-75.48427,10.36685],[-75.48447,10.36671],[-75.48473,10.36701],[-75.48499,10.36682],[-75.48586,10.36711],[-75.48598,10.36691],[-75.48634,10.36724],[-75.48587,10.36796],[-75.48566,10.36783],[-75.48559,10.36779],[-75.48521,10.36839],[-75.48492,10.36885],[-75.48491,10.36887],[-75.48489,10.3689],[-75.48467,10.36883],[-75.48436,10.3687],[-75.48386,10.36855],[-75.48302,10.36827],[-75.48237,10.36806],[-75.48217,10.36798],[-75.4819,10.36789],[-75.48174,10.36783],[-75.48147,10.36774],[-75.48106,10.36758],[-75.48019,10.36722],[-75.47951,10.36697],[-75.47934,10.3666],[-75.47921,10.36667],[-75.47921,10.36674],[-75.47893,10.36694]]]}},{"type":"Feature","properties":{"FID":112,"CODIGO":"6800","NOMBRE":"CESAR FLOREZ","UCG":14,"LOC":"LI","ZONA":"UCG 14","Shape__Area":28626.115234375,"Shape__Length":716.9095528479949},"geometry":{"type":"Polygon","coordinates":[[[-75.47848,10.3765],[-75.47781,10.37628],[-75.47768,10.37618],[-75.47737,10.3761],[-75.47785,10.37465],[-75.47792,10.37439],[-75.47809,10.37444],[-75.47899,10.37457],[-75.47914,10.37459],[-75.4791,10.37502],[-75.47893,10.37501],[-75.47893,10.37515],[-75.47848,10.3765]]]}},{"type":"Feature","properties":{"FID":113,"CODIGO":"6850","NOMBRE":"LUIS CARLOS GALAN","UCG":15,"LOC":"LI","ZONA":"UCG 15","Shape__Area":63473.943359375,"Shape__Length":1016.9234945644662},"geometry":{"type":"Polygon","coordinates":[[[-75.49351,10.37556],[-75.49265,10.37533],[-75.49306,10.37363],[-75.4931,10.37351],[-75.49333,10.37268],[-75.49433,10.37282],[-75.49455,10.37308],[-75.49481,10.37328],[-75.49507,10.37338],[-75.49439,10.37583],[-75.49351,10.37556]]]}},{"type":"Feature","properties":{"FID":114,"CODIGO":"6900","NOMBRE":"EL REPOSO","UCG":15,"LOC":"LI","ZONA":"UCG 15","Shape__Area":95968.80859375,"Shape__Length":1537.490064017192},"geometry":{"type":"Polygon","coordinates":[[[-75.48894,10.37214],[-75.48947,10.37223],[-75.48934,10.37291],[-75.48932,10.37361],[-75.48932,10.37378],[-75.48935,10.3743],[-75.48935,10.37452],[-75.4886,10.37442],[-75.48848,10.37527],[-75.48767,10.37538],[-75.48729,10.37544],[-75.48686,10.37549],[-75.48693,10.37476],[-75.48728,10.3741],[-75.48761,10.37335],[-75.48724,10.37319],[-75.48722,10.37329],[-75.48673,10.37324],[-75.48693,10.37246],[-75.4871,10.37206],[-75.48678,10.37189],[-75.48732,10.37124],[-75.48784,10.37152],[-75.48826,10.37174],[-75.48894,10.37214]]]}},{"type":"Feature","properties":{"FID":115,"CODIGO":"6950","NOMBRE":"EL EDUCADOR","UCG":15,"LOC":"LI","ZONA":"UCG 15","Shape__Area":96513.7958984375,"Shape__Length":1217.0218242420128},"geometry":{"type":"Polygon","coordinates":[[[-75.48246,10.37222],[-75.48249,10.37209],[-75.48294,10.37209],[-75.48341,10.37212],[-75.48345,10.37209],[-75.48349,10.37209],[-75.48389,10.37221],[-75.48444,10.37246],[-75.48508,10.37277],[-75.48504,10.373],[-75.48491,10.3736],[-75.4848,10.37428],[-75.4846,10.37523],[-75.48455,10.37524],[-75.48374,10.3751],[-75.48278,10.37497],[-75.48184,10.37481],[-75.48232,10.37277],[-75.48243,10.37232],[-75.48246,10.37222]]]}},{"type":"Feature","properties":{"FID":116,"CODIGO":"7000","NOMBRE":"ROSSEDAL","UCG":14,"LOC":"LI","ZONA":"UCG 14","Shape__Area":41227.087890625,"Shape__Length":951.0085141739789},"geometry":{"type":"Polygon","coordinates":[[[-75.48115,10.37268],[-75.48133,10.37226],[-75.48154,10.37231],[-75.48164,10.37203],[-75.48166,10.372],[-75.48218,10.37213],[-75.48249,10.37209],[-75.48246,10.37222],[-75.48243,10.37232],[-75.48232,10.37277],[-75.48184,10.37481],[-75.4818,10.37482],[-75.48091,10.37477],[-75.48039,10.37473],[-75.48117,10.373],[-75.48128,10.3727],[-75.48115,10.37268]]]}},{"type":"Feature","properties":{"FID":117,"CODIGO":"7050","NOMBRE":"MARIA CANO","UCG":14,"LOC":"LI","ZONA":"UCG 14","Shape__Area":53303.4365234375,"Shape__Length":1056.21251320471},"geometry":{"type":"Polygon","coordinates":[[[-75.48166,10.372],[-75.48164,10.37203],[-75.48154,10.37231],[-75.48133,10.37226],[-75.48115,10.37268],[-75.48128,10.3727],[-75.48117,10.373],[-75.48039,10.37473],[-75.48005,10.37469],[-75.47914,10.37459],[-75.47899,10.37457],[-75.47926,10.37384],[-75.47982,10.37254],[-75.48001,10.37223],[-75.48019,10.37193],[-75.48037,10.37162],[-75.48085,10.37178],[-75.48111,10.37189],[-75.48122,10.37194],[-75.48166,10.372]]]}},{"type":"Feature","properties":{"FID":118,"CODIGO":"7100","NOMBRE":"CAMILO TORRES","UCG":14,"LOC":"LI","ZONA":"UCG 14","Shape__Area":42003.056640625,"Shape__Length":983.0065023270154},"geometry":{"type":"Polygon","coordinates":[[[-75.47899,10.37457],[-75.47809,10.37444],[-75.47833,10.37365],[-75.47866,10.37273],[-75.4789,10.37189],[-75.47913,10.37133],[-75.47959,10.37145],[-75.48017,10.37157],[-75.48037,10.37162],[-75.48019,10.37193],[-75.48001,10.37223],[-75.47982,10.37254],[-75.47926,10.37384],[-75.47899,10.37457]]]}},{"type":"Feature","properties":{"FID":119,"CODIGO":"7150","NOMBRE":"NUEVA DELHI","UCG":14,"LOC":"LI","ZONA":"UCG 14","Shape__Area":37336.8525390625,"Shape__Length":938.5731766241767},"geometry":{"type":"Polygon","coordinates":[[[-75.47809,10.37444],[-75.47792,10.37439],[-75.47721,10.37415],[-75.47782,10.37232],[-75.47823,10.37112],[-75.47866,10.37121],[-75.47883,10.37126],[-75.47913,10.37133],[-75.4789,10.37189],[-75.47866,10.37273],[-75.47833,10.37365],[-75.47809,10.37444]]]}},{"type":"Feature","properties":{"FID":120,"CODIGO":"7350","NOMBRE":"LA ESMERALDA I","UCG":14,"LOC":"LI","ZONA":"UCG 14","Shape__Area":29302.7353515625,"Shape__Length":769.282733761963},"geometry":{"type":"Polygon","coordinates":[[[-75.48111,10.37189],[-75.482,10.37075],[-75.48237,10.37022],[-75.4825,10.37007],[-75.48327,10.37023],[-75.48363,10.37034],[-75.48289,10.37123],[-75.48237,10.37187],[-75.48218,10.37213],[-75.48166,10.372],[-75.48122,10.37194],[-75.48111,10.37189]]]}},{"type":"Feature","properties":{"FID":121,"CODIGO":"7400","NOMBRE":"LOS SANTANDERES","UCG":14,"LOC":"LI","ZONA":"UCG 14","Shape__Area":61853.76953125,"Shape__Length":1069.3145045663375},"geometry":{"type":"Polygon","coordinates":[[[-75.48018,10.3698],[-75.48082,10.36907],[-75.48126,10.36945],[-75.48166,10.36983],[-75.48156,10.36993],[-75.48209,10.37012],[-75.48237,10.37022],[-75.482,10.37075],[-75.48111,10.37189],[-75.48085,10.37178],[-75.48037,10.37162],[-75.48017,10.37157],[-75.47959,10.37145],[-75.47913,10.37133],[-75.47883,10.37126],[-75.48018,10.3698]]]}},{"type":"Feature","properties":{"FID":122,"CODIGO":"7500","NOMBRE":"SECTORES UNIDOS","UCG":14,"LOC":"LI","ZONA":"UCG 14","Shape__Area":69032.701171875,"Shape__Length":1332.5272323938532},"geometry":{"type":"Polygon","coordinates":[[[-75.47883,10.37126],[-75.47866,10.37121],[-75.47823,10.37112],[-75.47805,10.37107],[-75.47784,10.371],[-75.47754,10.37083],[-75.47737,10.37076],[-75.47757,10.37054],[-75.47795,10.37016],[-75.47939,10.3689],[-75.48009,10.36835],[-75.48106,10.36758],[-75.48147,10.36774],[-75.48174,10.36783],[-75.4819,10.36789],[-75.48141,10.3684],[-75.48082,10.36907],[-75.48018,10.3698],[-75.47883,10.37126]]]}},{"type":"Feature","properties":{"FID":123,"CODIGO":"7550","NOMBRE":"NUEVA JERUSALEN","UCG":14,"LOC":"LI","ZONA":"UCG 14","Shape__Area":49093.1162109375,"Shape__Length":1303.6034239250707},"geometry":{"type":"Polygon","coordinates":[[[-75.47697,10.37058],[-75.47649,10.37031],[-75.47778,10.36925],[-75.47892,10.36831],[-75.47909,10.36816],[-75.47958,10.36776],[-75.4796,10.36771],[-75.48019,10.36722],[-75.48106,10.36758],[-75.48009,10.36835],[-75.47939,10.3689],[-75.47795,10.37016],[-75.47757,10.37054],[-75.47737,10.37076],[-75.47697,10.37058]]]}},{"type":"Feature","properties":{"FID":124,"CODIGO":"7600","NOMBRE":"LA SIERRITA","UCG":14,"LOC":"LI","ZONA":"UCG 14","Shape__Area":64851.8544921875,"Shape__Length":1378.8554190572443},"geometry":{"type":"Polygon","coordinates":[[[-75.47329,10.36946],[-75.4734,10.36937],[-75.47366,10.36917],[-75.47373,10.36912],[-75.47379,10.36906],[-75.47388,10.36898],[-75.47399,10.36891],[-75.47424,10.36873],[-75.47426,10.36877],[-75.47431,10.36887],[-75.47441,10.36897],[-75.47459,10.36915],[-75.47489,10.36944],[-75.47528,10.3692],[-75.47572,10.36897],[-75.47674,10.368],[-75.47711,10.36845],[-75.47778,10.36925],[-75.47649,10.37031],[-75.47602,10.37014],[-75.47524,10.36967],[-75.47495,10.3701],[-75.47481,10.37024],[-75.47452,10.37057],[-75.47359,10.36994],[-75.47331,10.36974],[-75.47313,10.36961],[-75.47324,10.3695],[-75.47329,10.36946]]]}},{"type":"Feature","properties":{"FID":125,"CODIGO":"7650","NOMBRE":"NAZARENO","UCG":14,"LOC":"LI","ZONA":"UCG 14","Shape__Area":48004.115234375,"Shape__Length":900.3350741032232},"geometry":{"type":"Polygon","coordinates":[[[-75.48156,10.36993],[-75.48166,10.36983],[-75.48126,10.36945],[-75.48082,10.36907],[-75.48141,10.3684],[-75.4819,10.36789],[-75.48217,10.36798],[-75.48237,10.36806],[-75.48302,10.36827],[-75.48386,10.36855],[-75.48284,10.36968],[-75.4825,10.37007],[-75.48237,10.37022],[-75.48209,10.37012],[-75.48156,10.36993]]]}},{"type":"Feature","properties":{"FID":126,"CODIGO":"7700","NOMBRE":"MANUELA VERGARA DE CURI","UCG":15,"LOC":"LI","ZONA":"UCG 15","Shape__Area":10992.75390625,"Shape__Length":467.24111808821027},"geometry":{"type":"Polygon","coordinates":[[[-75.48489,10.3689],[-75.48491,10.36887],[-75.48499,10.36891],[-75.48525,10.36907],[-75.48535,10.3691],[-75.48541,10.36912],[-75.48526,10.36937],[-75.48514,10.36955],[-75.48492,10.36984],[-75.48479,10.37006],[-75.48468,10.37025],[-75.48436,10.37017],[-75.48396,10.37002],[-75.48413,10.36983],[-75.4848,10.36905],[-75.48489,10.3689]]]}},{"type":"Feature","properties":{"FID":127,"CODIGO":"7750","NOMBRE":"JAIME PARDO LEAL","UCG":15,"LOC":"LI","ZONA":"UCG 15","Shape__Area":8721.8349609375,"Shape__Length":367.99683425330727},"geometry":{"type":"Polygon","coordinates":[[[-75.4856,10.37021],[-75.48492,10.36984],[-75.48514,10.36955],[-75.48526,10.36937],[-75.48541,10.36912],[-75.48552,10.36913],[-75.48565,10.36917],[-75.48573,10.3692],[-75.48587,10.36929],[-75.48595,10.36936],[-75.48604,10.36949],[-75.48563,10.37022],[-75.4856,10.37021]]]}},{"type":"Feature","properties":{"FID":128,"CODIGO":"7800","NOMBRE":"LA ESMERALDA II","UCG":14,"LOC":"LI","ZONA":"UCG 14","Shape__Area":26060.4306640625,"Shape__Length":695.237215481789},"geometry":{"type":"Polygon","coordinates":[[[-75.48436,10.3687],[-75.48467,10.36883],[-75.48489,10.3689],[-75.4848,10.36905],[-75.48413,10.36983],[-75.48396,10.37002],[-75.48368,10.3703],[-75.48363,10.37034],[-75.48327,10.37023],[-75.4825,10.37007],[-75.48284,10.36968],[-75.48386,10.36855],[-75.48436,10.3687]]]}},{"type":"Feature","properties":{"FID":129,"CODIGO":"7850","NOMBRE":"VILLA BARRAZA","UCG":11,"LOC":"LI","ZONA":"UCG 11","Shape__Area":8094.248046875,"Shape__Length":442.4886077864243},"geometry":{"type":"Polygon","coordinates":[[[-75.50369,10.36929],[-75.50371,10.36889],[-75.50437,10.36891],[-75.5047,10.36894],[-75.50528,10.36896],[-75.50524,10.3694],[-75.50402,10.3693],[-75.50369,10.36929]]]}},{"type":"Feature","properties":{"FID":130,"CODIGO":"7900","NOMBRE":"VILLA FANNY","UCG":14,"LOC":"LI","ZONA":"UCG 14","Shape__Area":56365.1396484375,"Shape__Length":1057.424387363856},"geometry":{"type":"Polygon","coordinates":[[[-75.47784,10.36706],[-75.47835,10.3667],[-75.47847,10.3666],[-75.47858,10.36651],[-75.47893,10.36694],[-75.47921,10.36674],[-75.47921,10.36667],[-75.47934,10.3666],[-75.47951,10.36697],[-75.48019,10.36722],[-75.4796,10.36771],[-75.47958,10.36776],[-75.47909,10.36816],[-75.47892,10.36831],[-75.47778,10.36925],[-75.47711,10.36845],[-75.47674,10.368],[-75.47695,10.36776],[-75.4771,10.36765],[-75.47718,10.36754],[-75.47747,10.36732],[-75.47784,10.36706]]]}},{"type":"Feature","properties":{"FID":131,"CODIGO":"7950","NOMBRE":"ARROZ BARATO","UCG":11,"LOC":"LI","ZONA":"UCG 11","Shape__Area":228723.5859375,"Shape__Length":2067.170488865701},"geometry":{"type":"Polygon","coordinates":[[[-75.49125,10.35884],[-75.49069,10.35959],[-75.48888,10.35878],[-75.48868,10.35867],[-75.48875,10.35846],[-75.48867,10.35797],[-75.48864,10.35719],[-75.48871,10.35608],[-75.48918,10.35657],[-75.49049,10.35458],[-75.4907,10.35432],[-75.49109,10.35412],[-75.49125,10.35412],[-75.49155,10.35446],[-75.49178,10.3547],[-75.49226,10.35499],[-75.49292,10.35524],[-75.49417,10.35545],[-75.49377,10.35636],[-75.49326,10.35719],[-75.49273,10.35811],[-75.49208,10.3593],[-75.49125,10.35884]]]}},{"type":"Feature","properties":{"FID":132,"CODIGO":"8000","NOMBRE":"PUERTA DE HIERRO","UCG":11,"LOC":"LI","ZONA":"UCG 11","Shape__Area":182982.865234375,"Shape__Length":2102.272654599777},"geometry":{"type":"Polygon","coordinates":[[[-75.49929,10.35647],[-75.4976,10.3561],[-75.49787,10.355],[-75.49834,10.35496],[-75.50073,10.35464],[-75.50134,10.3546],[-75.50172,10.35463],[-75.50249,10.35483],[-75.50314,10.35528],[-75.50351,10.35567],[-75.50474,10.35747],[-75.50502,10.35794],[-75.50306,10.35846],[-75.50265,10.35798],[-75.50235,10.35803],[-75.50177,10.35796],[-75.50189,10.35704],[-75.50189,10.35696],[-75.50037,10.35663],[-75.49929,10.35647]]]}},{"type":"Feature","properties":{"FID":133,"CODIGO":"8050","NOMBRE":"POLICARPA","UCG":11,"LOC":"LI","ZONA":"UCG 11","Shape__Area":235503.927734375,"Shape__Length":2453.489681827022},"geometry":{"type":"Polygon","coordinates":[[[-75.49358,10.34505],[-75.49413,10.34502],[-75.49517,10.34513],[-75.49478,10.34594],[-75.4947,10.34643],[-75.49467,10.34697],[-75.49156,10.34696],[-75.49121,10.34697],[-75.49106,10.34692],[-75.4885,10.34893],[-75.48654,10.34505],[-75.48906,10.345],[-75.49164,10.34498],[-75.4916,10.3449],[-75.49214,10.345],[-75.4931,10.34503],[-75.49358,10.34505]]]}},{"type":"Feature","properties":{"FID":134,"CODIGO":"0100","NOMBRE":"MARBELLA","UCG":1,"LOC":"LH","ZONA":"UCG 1","Shape__Area":392296.0087890625,"Shape__Length":4549.418814709738},"geometry":{"type":"Polygon","coordinates":[[[-75.52609,10.44263],[-75.52611,10.44253],[-75.52604,10.44224],[-75.52601,10.44219],[-75.52594,10.44214],[-75.52592,10.44211],[-75.52621,10.44203],[-75.52618,10.44175],[-75.52623,10.44171],[-75.5265,10.4415],[-75.52676,10.44139],[-75.52683,10.44136],[-75.52689,10.44132],[-75.52688,10.44113],[-75.52694,10.441],[-75.52695,10.44082],[-75.5271,10.44013],[-75.52718,10.43993],[-75.5272,10.4399],[-75.528,10.43934],[-75.52842,10.43909],[-75.52892,10.43916],[-75.52927,10.43924],[-75.52935,10.43921],[-75.52989,10.43881],[-75.52976,10.43859],[-75.52977,10.4385],[-75.52982,10.43846],[-75.5302,10.43822],[-75.53024,10.43802],[-75.5304,10.43803],[-75.53052,10.43813],[-75.53055,10.43816],[-75.53066,10.4383],[-75.53069,10.43833],[-75.53082,10.43828],[-75.53086,10.43804],[-75.53091,10.43777],[-75.53104,10.43762],[-75.5313,10.43746],[-75.53168,10.4372],[-75.53232,10.43684],[-75.53262,10.43671],[-75.53277,10.43667],[-75.53296,10.4366],[-75.5331,10.43659],[-75.53329,10.43657],[-75.53345,10.43644],[-75.53353,10.43609],[-75.53381,10.43599],[-75.534,10.43588],[-75.53389,10.43584],[-75.53383,10.43571],[-75.5344,10.4353],[-75.53453,10.43512],[-75.53458,10.43493],[-75.5347,10.43464],[-75.53476,10.43458],[-75.53474,10.4345],[-75.53483,10.43442],[-75.53488,10.43438],[-75.53498,10.43429],[-75.5354,10.43406],[-75.53583,10.43379],[-75.53591,10.43377],[-75.53598,10.43373],[-75.5361,10.43366],[-75.53619,10.4336],[-75.53626,10.43365],[-75.53636,10.43362],[-75.53654,10.43368],[-75.53665,10.43371],[-75.53665,10.4338],[-75.53661,10.4339],[-75.53668,10.43395],[-75.53677,10.43398],[-75.53688,10.43401],[-75.53713,10.43409],[-75.53727,10.43399],[-75.53735,10.43387],[-75.53761,10.4337],[-75.53783,10.43366],[-75.53796,10.43356],[-75.53812,10.43349],[-75.53823,10.43345],[-75.53827,10.43345],[-75.53827,10.43341],[-75.53832,10.43338],[-75.53836,10.4334],[-75.53838,10.43344],[-75.53845,10.43339],[-75.53845,10.43335],[-75.53847,10.43334],[-75.5385,10.43334],[-75.53852,10.4333],[-75.53857,10.43328],[-75.53861,10.4333],[-75.53863,10.43334],[-75.53864,10.4334],[-75.53868,10.43336],[-75.53874,10.43333],[-75.5388,10.43328],[-75.53884,10.43329],[-75.53886,10.43324],[-75.53889,10.43325],[-75.53891,10.43322],[-75.53893,10.43321],[-75.53898,10.43322],[-75.53901,10.4332],[-75.53907,10.43321],[-75.53903,10.43323],[-75.53908,10.43323],[-75.5391,10.43321],[-75.53914,10.43324],[-75.53916,10.43326],[-75.53921,10.43327],[-75.53928,10.4334],[-75.53939,10.4334],[-75.5394,10.43312],[-75.53981,10.43368],[-75.54032,10.4334],[-75.54044,10.43356],[-75.54061,10.43376],[-75.54038,10.43395],[-75.54021,10.43413],[-75.54025,10.43427],[-75.54034,10.43448],[-75.53755,10.43614],[-75.53752,10.43616],[-75.5375,10.43617],[-75.53747,10.43619],[-75.53743,10.4362],[-75.53738,10.43622],[-75.53736,10.43623],[-75.53733,10.43625],[-75.53729,10.43627],[-75.53725,10.43628],[-75.5372,10.4363],[-75.53716,10.43632],[-75.53711,10.43634],[-75.53706,10.43637],[-75.53702,10.43639],[-75.53699,10.43641],[-75.5369,10.43647],[-75.53675,10.43656],[-75.5367,10.43658],[-75.53667,10.4366],[-75.53663,10.43662],[-75.5366,10.43664],[-75.53653,10.43669],[-75.5365,10.4367],[-75.53649,10.43671],[-75.53646,10.43673],[-75.53642,10.43675],[-75.53638,10.43678],[-75.53635,10.43679],[-75.53631,10.4368],[-75.53629,10.4368],[-75.53625,10.43682],[-75.53623,10.43684],[-75.53592,10.43706],[-75.53589,10.43709],[-75.53586,10.43711],[-75.53575,10.43714],[-75.53554,10.43716],[-75.53553,10.43716],[-75.5354,10.43723],[-75.53537,10.43725],[-75.53535,10.43726],[-75.5353,10.43728],[-75.53518,10.43732],[-75.53516,10.43733],[-75.5351,10.43736],[-75.53507,10.43738],[-75.53488,10.43753],[-75.53486,10.43754],[-75.53484,10.43756],[-75.53459,10.4377],[-75.53457,10.43771],[-75.53454,10.43772],[-75.53451,10.43773],[-75.53449,10.43774],[-75.53445,10.43776],[-75.53442,10.43777],[-75.53439,10.43778],[-75.53436,10.43779],[-75.53434,10.43781],[-75.53431,10.43782],[-75.53428,10.43785],[-75.53426,10.43787],[-75.53424,10.4379],[-75.53421,10.43793],[-75.53419,10.43796],[-75.53417,10.43799],[-75.53407,10.43804],[-75.53405,10.43804],[-75.53402,10.43804],[-75.53399,10.43805],[-75.53396,10.43805],[-75.53392,10.43807],[-75.5339,10.43808],[-75.53387,10.43809],[-75.53384,10.4381],[-75.53382,10.43811],[-75.53361,10.4382],[-75.53357,10.43821],[-75.53354,10.43822],[-75.5335,10.43824],[-75.53348,10.43825],[-75.53346,10.43826],[-75.53344,10.43828],[-75.53341,10.43829],[-75.53339,10.43831],[-75.53334,10.43833],[-75.53312,10.43845],[-75.5331,10.43847],[-75.53305,10.4385],[-75.53303,10.43852],[-75.533,10.43854],[-75.53293,10.43859],[-75.53291,10.43861],[-75.53289,10.43862],[-75.53286,10.43864],[-75.53278,10.4387],[-75.53262,10.43884],[-75.53261,10.43885],[-75.53258,10.43887],[-75.53247,10.43893],[-75.53242,10.43895],[-75.53239,10.43895],[-75.53237,10.43895],[-75.53234,10.43896],[-75.53232,10.43898],[-75.53229,10.43899],[-75.53226,10.43901],[-75.53223,10.43903],[-75.5322,10.43905],[-75.53217,10.43907],[-75.53212,10.4391],[-75.53208,10.43912],[-75.53206,10.43913],[-75.53203,10.43914],[-75.53201,10.43915],[-75.53198,10.43916],[-75.53179,10.43922],[-75.53175,10.43924],[-75.53172,10.43925],[-75.5317,10.43926],[-75.53167,10.43927],[-75.53163,10.43929],[-75.5316,10.43931],[-75.5315,10.43938],[-75.53147,10.4394],[-75.53144,10.43942],[-75.53136,10.43949],[-75.53113,10.43969],[-75.5311,10.43973],[-75.53107,10.43976],[-75.53104,10.43979],[-75.53101,10.43981],[-75.53099,10.43984],[-75.53098,10.43986],[-75.53088,10.43988],[-75.53086,10.43988],[-75.53084,10.43988],[-75.5308,10.43989],[-75.53076,10.43991],[-75.53071,10.43993],[-75.53068,10.43996],[-75.53064,10.43999],[-75.53063,10.44],[-75.53061,10.44001],[-75.53057,10.44004],[-75.53029,10.4402],[-75.53026,10.44021],[-75.53023,10.44022],[-75.53021,10.44023],[-75.53018,10.44025],[-75.53015,10.44026],[-75.53013,10.44028],[-75.53011,10.4403],[-75.53005,10.44034],[-75.53003,10.44036],[-75.52987,10.44047],[-75.52984,10.44049],[-75.52973,10.44057],[-75.5297,10.4406],[-75.52968,10.44063],[-75.52966,10.44065],[-75.52952,10.44079],[-75.5295,10.44081],[-75.52948,10.44083],[-75.52943,10.44085],[-75.52935,10.44085],[-75.52934,10.44085],[-75.52932,10.44085],[-75.52928,10.44087],[-75.52926,10.44089],[-75.52923,10.4409],[-75.52921,10.44092],[-75.52918,10.44093],[-75.52916,10.44094],[-75.52913,10.44095],[-75.5291,10.44097],[-75.52907,10.44099],[-75.52903,10.44101],[-75.529,10.44104],[-75.52896,10.44106],[-75.52893,10.44108],[-75.52889,10.4411],[-75.52886,10.44112],[-75.52881,10.44114],[-75.52877,10.44115],[-75.52874,10.44116],[-75.5287,10.44118],[-75.52869,10.4412],[-75.52865,10.44123],[-75.52863,10.44125],[-75.52861,10.44128],[-75.52858,10.44129],[-75.52856,10.44131],[-75.52854,10.44133],[-75.52851,10.44135],[-75.52849,10.44137],[-75.52845,10.44139],[-75.52842,10.44142],[-75.52839,10.44144],[-75.52835,10.44147],[-75.52832,10.44149],[-75.5283,10.44151],[-75.52828,10.44153],[-75.52827,10.44154],[-75.52824,10.44157],[-75.52822,10.4416],[-75.5282,10.44162],[-75.52817,10.44166],[-75.52816,10.44168],[-75.52814,10.4417],[-75.52811,10.44172],[-75.52809,10.44174],[-75.52803,10.44179],[-75.528,10.44181],[-75.52798,10.44183],[-75.52796,10.44186],[-75.52793,10.44188],[-75.52789,10.4419],[-75.52786,10.44191],[-75.52783,10.44192],[-75.5278,10.44193],[-75.52777,10.44195],[-75.52774,10.44197],[-75.52771,10.44199],[-75.52765,10.44203],[-75.52762,10.44205],[-75.52759,10.44208],[-75.52756,10.4421],[-75.52752,10.44212],[-75.52749,10.44214],[-75.52746,10.44216],[-75.52743,10.44218],[-75.5274,10.4422],[-75.52732,10.44224],[-75.52729,10.44226],[-75.52725,10.44229],[-75.52718,10.44234],[-75.52715,10.44236],[-75.52712,10.44239],[-75.52709,10.44241],[-75.52684,10.44259],[-75.52672,10.44268],[-75.52669,10.44271],[-75.52661,10.44277],[-75.52655,10.44281],[-75.52647,10.44286],[-75.52645,10.44289],[-75.52642,10.44294],[-75.52639,10.44298],[-75.52637,10.443],[-75.52637,10.44308],[-75.52609,10.44263]]]}},{"type":"Feature","properties":{"FID":135,"CODIGO":"1750","NOMBRE":"BOCAGRANDE","UCG":1,"LOC":"LH","ZONA":"UCG 1","Shape__Area":1278690.2392578125,"Shape__Length":8719.126295986143},"geometry":{"type":"Polygon","coordinates":[[[-75.54827,10.41058],[-75.54829,10.41054],[-75.54829,10.41052],[-75.5483,10.41049],[-75.54831,10.41046],[-75.54832,10.41043],[-75.54833,10.41039],[-75.54835,10.41031],[-75.54835,10.41028],[-75.54845,10.41003],[-75.54848,10.40997],[-75.54849,10.40994],[-75.5485,10.4099],[-75.54865,10.40949],[-75.54869,10.4094],[-75.54871,10.40935],[-75.54884,10.4091],[-75.54886,10.40906],[-75.54888,10.40903],[-75.54889,10.40901],[-75.54891,10.40897],[-75.54893,10.40894],[-75.54895,10.40891],[-75.54896,10.40888],[-75.54898,10.40884],[-75.54901,10.4088],[-75.54902,10.40877],[-75.54903,10.40875],[-75.54905,10.40871],[-75.54906,10.40867],[-75.54917,10.40843],[-75.54918,10.40841],[-75.54919,10.40838],[-75.54921,10.40834],[-75.54922,10.40831],[-75.54923,10.40828],[-75.54925,10.40823],[-75.54927,10.40815],[-75.54932,10.408],[-75.54934,10.40797],[-75.54935,10.40793],[-75.54937,10.4079],[-75.54938,10.40787],[-75.5494,10.40784],[-75.54941,10.40781],[-75.54942,10.40779],[-75.54946,10.40773],[-75.54948,10.4077],[-75.54951,10.40767],[-75.54954,10.40766],[-75.5496,10.40767],[-75.54962,10.40763],[-75.54964,10.40763],[-75.54967,10.40764],[-75.54968,10.40762],[-75.54969,10.40759],[-75.54972,10.40755],[-75.54973,10.40752],[-75.54975,10.40748],[-75.54983,10.40733],[-75.54984,10.40731],[-75.54986,10.40726],[-75.54987,10.40723],[-75.54989,10.40721],[-75.54992,10.40717],[-75.54993,10.40715],[-75.54993,10.4071],[-75.54993,10.40708],[-75.54993,10.40707],[-75.54995,10.40704],[-75.54997,10.407],[-75.54998,10.40697],[-75.54999,10.40695],[-75.55,10.40693],[-75.55001,10.40691],[-75.55002,10.40689],[-75.55004,10.40686],[-75.55005,10.40684],[-75.55006,10.40683],[-75.55007,10.40682],[-75.55011,10.40679],[-75.55013,10.40677],[-75.55014,10.40676],[-75.55016,10.40675],[-75.55017,10.40673],[-75.55018,10.40672],[-75.55019,10.4067],[-75.5502,10.40669],[-75.55022,10.40666],[-75.55023,10.40665],[-75.55025,10.40663],[-75.5503,10.40657],[-75.55035,10.40649],[-75.55045,10.4064],[-75.55049,10.40638],[-75.5505,10.40637],[-75.55051,10.40635],[-75.55052,10.40634],[-75.55053,10.40633],[-75.55055,10.4063],[-75.55056,10.40628],[-75.55058,10.40626],[-75.5506,10.40625],[-75.55061,10.40624],[-75.55063,10.40623],[-75.55064,10.40622],[-75.55065,10.4062],[-75.55066,10.40619],[-75.55067,10.40617],[-75.55068,10.40615],[-75.55069,10.40613],[-75.5507,10.40611],[-75.55072,10.40609],[-75.55073,10.40607],[-75.55076,10.40604],[-75.55078,10.40603],[-75.55079,10.40602],[-75.55081,10.40601],[-75.55084,10.40599],[-75.55085,10.40599],[-75.55087,10.40598],[-75.55088,10.40595],[-75.5509,10.40591],[-75.55094,10.40588],[-75.55098,10.40591],[-75.551,10.40588],[-75.55101,10.40584],[-75.55102,10.40583],[-75.55103,10.40581],[-75.55104,10.40579],[-75.55104,10.40577],[-75.55105,10.40575],[-75.55106,10.40573],[-75.55107,10.40571],[-75.55108,10.40569],[-75.55109,10.40567],[-75.5511,10.40565],[-75.55111,10.40564],[-75.55112,10.40561],[-75.55112,10.4056],[-75.55113,10.40557],[-75.55114,10.40555],[-75.55115,10.40553],[-75.55116,10.40551],[-75.55119,10.40545],[-75.55121,10.40541],[-75.55122,10.40539],[-75.55122,10.40537],[-75.55123,10.40535],[-75.55124,10.40533],[-75.55125,10.40531],[-75.55126,10.40529],[-75.55126,10.40527],[-75.55127,10.40525],[-75.55128,10.40522],[-75.55129,10.4052],[-75.5513,10.40518],[-75.55131,10.40516],[-75.55132,10.40514],[-75.55133,10.40511],[-75.55134,10.40509],[-75.55136,10.40504],[-75.55137,10.40502],[-75.55138,10.40499],[-75.55139,10.40497],[-75.5514,10.40495],[-75.55141,10.40493],[-75.55143,10.40488],[-75.55144,10.40486],[-75.55145,10.40483],[-75.55146,10.40481],[-75.55146,10.40479],[-75.55147,10.40476],[-75.55149,10.40473],[-75.5515,10.4047],[-75.55151,10.40465],[-75.55152,10.40463],[-75.55153,10.40461],[-75.55154,10.40458],[-75.55155,10.40455],[-75.55156,10.40452],[-75.55157,10.40451],[-75.55158,10.40448],[-75.55159,10.40447],[-75.5516,10.40444],[-75.5516,10.40442],[-75.55162,10.40438],[-75.55164,10.40433],[-75.55165,10.40432],[-75.55166,10.4043],[-75.55166,10.40429],[-75.55167,10.40427],[-75.55169,10.40424],[-75.5517,10.40421],[-75.55172,10.40418],[-75.55172,10.40416],[-75.55173,10.40415],[-75.55174,10.40413],[-75.55175,10.4041],[-75.55176,10.40408],[-75.55176,10.40407],[-75.55178,10.40404],[-75.55178,10.40402],[-75.55179,10.404],[-75.5518,10.40399],[-75.55181,10.40396],[-75.55182,10.40394],[-75.55183,10.40393],[-75.55183,10.40392],[-75.55185,10.40387],[-75.55186,10.40385],[-75.55186,10.40383],[-75.55188,10.40381],[-75.55188,10.40379],[-75.55189,10.40378],[-75.5519,10.40375],[-75.5519,10.40373],[-75.55191,10.40371],[-75.55192,10.40369],[-75.55195,10.40363],[-75.55195,10.40362],[-75.55196,10.4036],[-75.55197,10.40358],[-75.55198,10.40356],[-75.55199,10.40355],[-75.55199,10.40353],[-75.552,10.40352],[-75.55201,10.40349],[-75.55202,10.40348],[-75.55203,10.40344],[-75.55205,10.4034],[-75.55206,10.40339],[-75.55206,10.40337],[-75.55207,10.40336],[-75.55208,10.40334],[-75.55209,10.40331],[-75.55209,10.4033],[-75.5521,10.40327],[-75.55211,10.40326],[-75.55212,10.40323],[-75.55213,10.40321],[-75.55213,10.40318],[-75.55214,10.40317],[-75.55213,10.40314],[-75.55214,10.40311],[-75.55214,10.40309],[-75.55215,10.40308],[-75.55215,10.40306],[-75.55216,10.40304],[-75.55217,10.40303],[-75.55218,10.40301],[-75.55219,10.403],[-75.5522,10.40298],[-75.55222,10.40295],[-75.55223,10.40293],[-75.55224,10.4029],[-75.55226,10.40287],[-75.55227,10.40284],[-75.55228,10.40283],[-75.5523,10.40279],[-75.55231,10.40277],[-75.55232,10.40275],[-75.55233,10.40272],[-75.55234,10.4027],[-75.55235,10.40268],[-75.55238,10.40261],[-75.55239,10.40258],[-75.5524,10.40255],[-75.55241,10.40253],[-75.55242,10.40251],[-75.55242,10.40249],[-75.55243,10.40247],[-75.55244,10.40245],[-75.55245,10.40241],[-75.55246,10.40239],[-75.55247,10.40237],[-75.55248,10.40235],[-75.55249,10.40232],[-75.5525,10.40231],[-75.55251,10.40228],[-75.55251,10.40227],[-75.55253,10.40223],[-75.55254,10.4022],[-75.55254,10.40219],[-75.55255,10.40218],[-75.55256,10.40216],[-75.55257,10.40214],[-75.55258,10.40211],[-75.55259,10.40209],[-75.5526,10.40207],[-75.55261,10.40203],[-75.55262,10.40201],[-75.55264,10.40196],[-75.55265,10.40194],[-75.55266,10.40191],[-75.55267,10.4019],[-75.55268,10.40188],[-75.55269,10.40185],[-75.5527,10.40183],[-75.55271,10.40181],[-75.55272,10.40179],[-75.55273,10.40177],[-75.55274,10.40175],[-75.55274,10.40173],[-75.55276,10.40169],[-75.55276,10.40166],[-75.55277,10.40164],[-75.55277,10.40162],[-75.55278,10.4016],[-75.55278,10.40158],[-75.55278,10.40156],[-75.55278,10.40154],[-75.55278,10.40151],[-75.55278,10.40149],[-75.55278,10.40147],[-75.55278,10.40145],[-75.55277,10.40139],[-75.55276,10.40136],[-75.55276,10.40132],[-75.55276,10.4013],[-75.55275,10.40128],[-75.55275,10.40124],[-75.55274,10.40122],[-75.55274,10.40119],[-75.55274,10.40117],[-75.55274,10.40114],[-75.55273,10.40113],[-75.55273,10.4011],[-75.55273,10.40108],[-75.55273,10.40106],[-75.55273,10.40104],[-75.55272,10.40099],[-75.55272,10.40097],[-75.55272,10.40095],[-75.55272,10.40093],[-75.55272,10.40089],[-75.55272,10.40087],[-75.55273,10.40085],[-75.55273,10.40083],[-75.55273,10.40081],[-75.55273,10.40078],[-75.55273,10.40076],[-75.55274,10.40073],[-75.55274,10.40069],[-75.55275,10.40066],[-75.55276,10.40061],[-75.55278,10.40057],[-75.55279,10.40054],[-75.55279,10.40052],[-75.5528,10.4005],[-75.55281,10.40048],[-75.55282,10.40046],[-75.55283,10.40043],[-75.55284,10.4004],[-75.55286,10.40037],[-75.55287,10.40034],[-75.55289,10.4003],[-75.5529,10.40028],[-75.55291,10.40027],[-75.55293,10.40022],[-75.55295,10.40019],[-75.55295,10.40018],[-75.55296,10.40015],[-75.55297,10.40013],[-75.55298,10.40012],[-75.55299,10.4001],[-75.553,10.40008],[-75.55301,10.40006],[-75.55302,10.40004],[-75.55303,10.40002],[-75.55305,10.39999],[-75.55307,10.39997],[-75.55309,10.39994],[-75.55311,10.39991],[-75.55313,10.39988],[-75.55316,10.39985],[-75.55318,10.39982],[-75.55321,10.39979],[-75.5533,10.39972],[-75.55332,10.39969],[-75.55338,10.39964],[-75.5534,10.39962],[-75.55342,10.39959],[-75.55345,10.39956],[-75.55347,10.39954],[-75.55349,10.39952],[-75.55351,10.39949],[-75.55353,10.39947],[-75.55357,10.39942],[-75.5536,10.39939],[-75.55362,10.39936],[-75.55364,10.39934],[-75.55366,10.39931],[-75.55368,10.39929],[-75.5537,10.39927],[-75.55372,10.39925],[-75.55375,10.39923],[-75.55377,10.39921],[-75.55379,10.39919],[-75.55381,10.39917],[-75.55383,10.39915],[-75.55385,10.39913],[-75.55387,10.39911],[-75.55389,10.39909],[-75.55391,10.39907],[-75.55393,10.39904],[-75.55396,10.39901],[-75.55399,10.39897],[-75.55402,10.39894],[-75.55405,10.39891],[-75.55409,10.39888],[-75.55412,10.39885],[-75.55415,10.39883],[-75.55417,10.39881],[-75.55418,10.39879],[-75.55419,10.39876],[-75.5542,10.39873],[-75.55421,10.39871],[-75.55422,10.39867],[-75.55423,10.39864],[-75.55424,10.3986],[-75.55426,10.39856],[-75.55427,10.39853],[-75.55436,10.39861],[-75.55456,10.39874],[-75.55538,10.39799],[-75.55694,10.3967],[-75.55799,10.39596],[-75.55814,10.39589],[-75.55828,10.3958],[-75.55832,10.39568],[-75.55835,10.3957],[-75.55841,10.39573],[-75.55844,10.39574],[-75.55848,10.39576],[-75.55854,10.39578],[-75.55857,10.39578],[-75.5586,10.39578],[-75.55863,10.39579],[-75.55868,10.3958],[-75.55871,10.3958],[-75.55875,10.39581],[-75.55879,10.39583],[-75.55883,10.39585],[-75.55888,10.39588],[-75.55895,10.3959],[-75.55902,10.39592],[-75.55906,10.39592],[-75.55912,10.39595],[-75.55914,10.39594],[-75.55918,10.39594],[-75.55921,10.39593],[-75.55926,10.39593],[-75.55927,10.39592],[-75.5593,10.39592],[-75.55934,10.39592],[-75.55936,10.39592],[-75.55938,10.39592],[-75.55943,10.39592],[-75.55947,10.39593],[-75.55951,10.39595],[-75.55955,10.39598],[-75.55968,10.39599],[-75.55978,10.39614],[-75.55997,10.39641],[-75.56,10.39645],[-75.56029,10.39678],[-75.56033,10.39682],[-75.56035,10.39684],[-75.56038,10.39687],[-75.56041,10.39689],[-75.56045,10.39691],[-75.5605,10.39693],[-75.56055,10.39695],[-75.56059,10.39697],[-75.56062,10.39699],[-75.56065,10.39701],[-75.56069,10.39702],[-75.56071,10.39703],[-75.56074,10.39705],[-75.56078,10.39706],[-75.56082,10.39708],[-75.56084,10.39708],[-75.56088,10.3971],[-75.56089,10.3971],[-75.56092,10.39712],[-75.56095,10.39713],[-75.56098,10.39715],[-75.56103,10.39717],[-75.56107,10.39718],[-75.5611,10.3972],[-75.56115,10.39721],[-75.56116,10.39722],[-75.56119,10.39723],[-75.56123,10.39724],[-75.56126,10.39724],[-75.56129,10.39725],[-75.56133,10.39725],[-75.56136,10.39726],[-75.5614,10.39726],[-75.5615,10.39727],[-75.56152,10.39727],[-75.56156,10.39727],[-75.56161,10.39727],[-75.56165,10.39727],[-75.56169,10.39727],[-75.56173,10.39726],[-75.56178,10.39724],[-75.56181,10.39723],[-75.56185,10.39722],[-75.56189,10.3972],[-75.56192,10.39717],[-75.56197,10.39713],[-75.56207,10.39725],[-75.56243,10.39774],[-75.56246,10.39778],[-75.56235,10.39788],[-75.5629,10.39878],[-75.56284,10.39881],[-75.56282,10.39883],[-75.5628,10.39884],[-75.56276,10.39886],[-75.56274,10.39887],[-75.5627,10.3989],[-75.56267,10.39892],[-75.56266,10.39894],[-75.56263,10.39896],[-75.56262,10.39897],[-75.56261,10.39898],[-75.56259,10.39899],[-75.56258,10.399],[-75.56258,10.39901],[-75.56257,10.39903],[-75.5623,10.39923],[-75.56228,10.39924],[-75.56226,10.39925],[-75.56224,10.39926],[-75.56223,10.39927],[-75.56221,10.39927],[-75.5622,10.39928],[-75.56218,10.39929],[-75.56215,10.39931],[-75.56212,10.39932],[-75.56212,10.39933],[-75.56209,10.39935],[-75.56207,10.39935],[-75.56202,10.39938],[-75.56201,10.39939],[-75.56199,10.3994],[-75.56194,10.39943],[-75.5619,10.39945],[-75.56188,10.39946],[-75.56186,10.39947],[-75.56182,10.39949],[-75.56178,10.39951],[-75.56173,10.39953],[-75.56171,10.39954],[-75.56169,10.39955],[-75.56167,10.39956],[-75.56166,10.39957],[-75.56164,10.39958],[-75.56162,10.39959],[-75.56161,10.39959],[-75.56159,10.3996],[-75.56157,10.39961],[-75.56156,10.39962],[-75.56155,10.39963],[-75.56152,10.39965],[-75.56151,10.39965],[-75.56148,10.39967],[-75.56145,10.39969],[-75.56143,10.3997],[-75.56142,10.39971],[-75.56139,10.39973],[-75.56136,10.39974],[-75.56135,10.39976],[-75.56131,10.39978],[-75.56125,10.39981],[-75.56123,10.39982],[-75.56122,10.39983],[-75.5612,10.39983],[-75.56118,10.39984],[-75.56116,10.39985],[-75.56113,10.39987],[-75.56111,10.39988],[-75.56109,10.39989],[-75.56107,10.3999],[-75.56105,10.39991],[-75.56103,10.39992],[-75.56101,10.39993],[-75.56098,10.39996],[-75.56094,10.39998],[-75.56092,10.4],[-75.56089,10.40001],[-75.56084,10.40004],[-75.56082,10.40005],[-75.5608,10.40007],[-75.56077,10.40008],[-75.56075,10.40009],[-75.56074,10.4001],[-75.56072,10.40011],[-75.5607,10.40013],[-75.56068,10.40014],[-75.56067,10.40015],[-75.56066,10.40016],[-75.56062,10.40019],[-75.5606,10.40019],[-75.56058,10.40021],[-75.56057,10.40022],[-75.56055,10.40023],[-75.56054,10.40024],[-75.56051,10.40026],[-75.56049,10.40029],[-75.56031,10.40046],[-75.56029,10.40048],[-75.56027,10.40049],[-75.56018,10.40056],[-75.56013,10.4006],[-75.56012,10.40062],[-75.56009,10.40064],[-75.56007,10.40065],[-75.56006,10.40066],[-75.56004,10.40067],[-75.56002,10.40068],[-75.55999,10.4007],[-75.55998,10.4007],[-75.55995,10.40072],[-75.55993,10.40074],[-75.5599,10.40075],[-75.55983,10.40081],[-75.55982,10.40082],[-75.5598,10.40083],[-75.55978,10.40084],[-75.55976,10.40086],[-75.55974,10.40087],[-75.5597,10.40089],[-75.55968,10.4009],[-75.55965,10.40092],[-75.55963,10.40094],[-75.5596,10.40096],[-75.55958,10.40098],[-75.55955,10.401],[-75.55953,10.40102],[-75.5595,10.40104],[-75.55947,10.40106],[-75.55944,10.40108],[-75.55932,10.40117],[-75.55929,10.40119],[-75.55925,10.40122],[-75.55918,10.40128],[-75.55913,10.40133],[-75.55907,10.40137],[-75.55905,10.40139],[-75.55901,10.40143],[-75.55897,10.40146],[-75.55896,10.40147],[-75.55893,10.40149],[-75.55891,10.4015],[-75.55888,10.40152],[-75.55887,10.40153],[-75.55886,10.40154],[-75.55883,10.40156],[-75.55881,10.40158],[-75.55879,10.40161],[-75.55878,10.40162],[-75.55874,10.40166],[-75.55872,10.40169],[-75.5587,10.40172],[-75.55868,10.40174],[-75.55867,10.40177],[-75.55866,10.40179],[-75.55863,10.40183],[-75.55845,10.40196],[-75.55843,10.40196],[-75.5584,10.40196],[-75.55837,10.40198],[-75.55834,10.40199],[-75.55833,10.402],[-75.55832,10.40201],[-75.55829,10.40203],[-75.55828,10.40204],[-75.55826,10.40205],[-75.55825,10.40207],[-75.55824,10.40209],[-75.55821,10.40211],[-75.5582,10.40212],[-75.55819,10.40213],[-75.55817,10.40214],[-75.55816,10.40216],[-75.55812,10.40219],[-75.55811,10.40221],[-75.55809,10.40222],[-75.55808,10.40224],[-75.55803,10.4023],[-75.55802,10.40231],[-75.558,10.40233],[-75.55795,10.40237],[-75.55793,10.40239],[-75.5578,10.4025],[-75.55777,10.40253],[-75.55775,10.40255],[-75.55771,10.40257],[-75.55768,10.4026],[-75.55764,10.40263],[-75.5576,10.40266],[-75.55757,10.40269],[-75.55742,10.40282],[-75.55735,10.40289],[-75.55731,10.40293],[-75.55727,10.40296],[-75.55723,10.40299],[-75.5572,10.40303],[-75.55716,10.40305],[-75.55714,10.40308],[-75.55712,10.40311],[-75.55703,10.40321],[-75.55701,10.40323],[-75.55699,10.40325],[-75.55697,10.40327],[-75.55692,10.40331],[-75.55687,10.40335],[-75.55685,10.40336],[-75.55683,10.40338],[-75.5568,10.4034],[-75.55678,10.40342],[-75.55675,10.40345],[-75.55672,10.40347],[-75.55669,10.40349],[-75.55666,10.40351],[-75.55663,10.40354],[-75.5566,10.40356],[-75.55654,10.4036],[-75.55652,10.40362],[-75.55649,10.40364],[-75.55647,10.40366],[-75.55635,10.40376],[-75.55633,10.40378],[-75.55631,10.4038],[-75.55629,10.40383],[-75.55627,10.40385],[-75.55625,10.40388],[-75.55623,10.4039],[-75.55621,10.40393],[-75.55619,10.40396],[-75.55617,10.40399],[-75.55614,10.40404],[-75.55613,10.40406],[-75.55612,10.40409],[-75.55577,10.40447],[-75.55575,10.40448],[-75.55573,10.40449],[-75.55571,10.4045],[-75.55569,10.40451],[-75.55565,10.40455],[-75.55563,10.40457],[-75.55561,10.40458],[-75.55559,10.40461],[-75.55557,10.40463],[-75.55555,10.40465],[-75.55553,10.40466],[-75.55552,10.40468],[-75.5555,10.4047],[-75.55548,10.40472],[-75.55545,10.40473],[-75.55541,10.40477],[-75.55538,10.4048],[-75.55536,10.40482],[-75.55535,10.40484],[-75.55533,10.40486],[-75.55532,10.40488],[-75.5553,10.4049],[-75.55529,10.40492],[-75.55528,10.40494],[-75.55527,10.40496],[-75.55527,10.40497],[-75.55526,10.40499],[-75.55525,10.40502],[-75.55525,10.40504],[-75.55524,10.40509],[-75.55523,10.40511],[-75.55523,10.40514],[-75.55522,10.40516],[-75.55521,10.40518],[-75.5552,10.4052],[-75.5552,10.40522],[-75.55519,10.40525],[-75.55519,10.40527],[-75.55518,10.40532],[-75.55518,10.40535],[-75.55517,10.40536],[-75.55517,10.40539],[-75.55517,10.40541],[-75.55517,10.40545],[-75.55517,10.40549],[-75.55516,10.40551],[-75.55515,10.40553],[-75.55512,10.40556],[-75.55507,10.40561],[-75.55501,10.40563],[-75.55498,10.40564],[-75.55496,10.40564],[-75.55493,10.40565],[-75.5549,10.40565],[-75.55484,10.40567],[-75.55481,10.40567],[-75.55478,10.40568],[-75.55476,10.40569],[-75.55474,10.4057],[-75.55472,10.40571],[-75.55471,10.40572],[-75.55469,10.40574],[-75.55465,10.40577],[-75.55455,10.40586],[-75.55454,10.40588],[-75.55453,10.40589],[-75.5545,10.40593],[-75.55449,10.40594],[-75.55447,10.40595],[-75.55446,10.40597],[-75.55445,10.40599],[-75.55444,10.40601],[-75.55441,10.40605],[-75.5544,10.40608],[-75.55439,10.40609],[-75.55438,10.40613],[-75.55438,10.40614],[-75.55437,10.40617],[-75.55437,10.40619],[-75.55436,10.4062],[-75.55435,10.40622],[-75.55435,10.40623],[-75.55434,10.40626],[-75.55433,10.40627],[-75.55433,10.40629],[-75.55432,10.4063],[-75.55432,10.40632],[-75.55432,10.40634],[-75.55432,10.40635],[-75.55432,10.40637],[-75.55432,10.40639],[-75.55431,10.40644],[-75.5543,10.40646],[-75.5543,10.40648],[-75.55429,10.4065],[-75.55428,10.40652],[-75.55427,10.40654],[-75.55426,10.40656],[-75.55422,10.40665],[-75.55418,10.4067],[-75.55416,10.40671],[-75.55414,10.40673],[-75.55412,10.40674],[-75.5541,10.40675],[-75.55409,10.40676],[-75.55407,10.40677],[-75.55405,10.40677],[-75.55403,10.40677],[-75.55401,10.40678],[-75.55399,10.40678],[-75.55398,10.40679],[-75.55397,10.40679],[-75.55395,10.40681],[-75.55393,10.40682],[-75.5539,10.40685],[-75.55388,10.40687],[-75.55387,10.40688],[-75.55386,10.40689],[-75.55384,10.40691],[-75.55382,10.40693],[-75.5538,10.40695],[-75.55375,10.40699],[-75.55372,10.40701],[-75.5537,10.40704],[-75.55367,10.40706],[-75.55365,10.40709],[-75.55363,10.4071],[-75.55362,10.40711],[-75.55359,10.40714],[-75.55357,10.40716],[-75.55354,10.40719],[-75.55352,10.40722],[-75.5535,10.40725],[-75.55348,10.40728],[-75.55347,10.40731],[-75.55345,10.40736],[-75.55343,10.40739],[-75.55342,10.40742],[-75.5534,10.40745],[-75.55339,10.40748],[-75.55338,10.40751],[-75.55336,10.40756],[-75.55328,10.40761],[-75.55316,10.40767],[-75.55301,10.40775],[-75.55297,10.40777],[-75.55292,10.40781],[-75.55289,10.40784],[-75.55289,10.40787],[-75.55287,10.40792],[-75.55286,10.40795],[-75.55283,10.40803],[-75.55283,10.40804],[-75.55281,10.40809],[-75.55281,10.40812],[-75.55279,10.40818],[-75.55278,10.40821],[-75.55277,10.40824],[-75.55277,10.40826],[-75.55276,10.40831],[-75.55275,10.40834],[-75.55276,10.40838],[-75.55276,10.40842],[-75.55276,10.40846],[-75.55276,10.40848],[-75.55275,10.40851],[-75.55275,10.40853],[-75.55274,10.40856],[-75.55273,10.40858],[-75.55273,10.40861],[-75.55271,10.40865],[-75.55269,10.40869],[-75.55268,10.40872],[-75.55266,10.40876],[-75.55265,10.40878],[-75.55263,10.40883],[-75.55262,10.40886],[-75.55262,10.4089],[-75.55262,10.40895],[-75.55262,10.40898],[-75.55262,10.40901],[-75.55262,10.40905],[-75.55259,10.4091],[-75.55257,10.40912],[-75.55253,10.40915],[-75.5525,10.40918],[-75.55247,10.40921],[-75.55243,10.40923],[-75.5524,10.40926],[-75.55237,10.40928],[-75.55229,10.40935],[-75.55225,10.40939],[-75.55223,10.40941],[-75.55221,10.40944],[-75.55218,10.40948],[-75.55217,10.40952],[-75.55216,10.40954],[-75.55214,10.40959],[-75.55214,10.40961],[-75.55214,10.40965],[-75.55203,10.4101],[-75.55201,10.41013],[-75.55199,10.41017],[-75.55198,10.41019],[-75.55195,10.41023],[-75.55193,10.41026],[-75.55191,10.4103],[-75.5519,10.41032],[-75.55188,10.41035],[-75.55187,10.41037],[-75.55186,10.41041],[-75.55184,10.41046],[-75.55183,10.4105],[-75.55183,10.41052],[-75.55183,10.41057],[-75.55183,10.4106],[-75.55183,10.41064],[-75.55183,10.41067],[-75.55183,10.41069],[-75.55182,10.41074],[-75.55182,10.41078],[-75.55181,10.41081],[-75.55181,10.41085],[-75.55181,10.41088],[-75.55181,10.41091],[-75.5518,10.41095],[-75.5518,10.41096],[-75.55179,10.41101],[-75.55179,10.41105],[-75.5518,10.41112],[-75.5518,10.41117],[-75.5518,10.41119],[-75.55181,10.41124],[-75.55173,10.41161],[-75.55172,10.41163],[-75.55171,10.41167],[-75.55171,10.4117],[-75.55171,10.41174],[-75.5517,10.41179],[-75.55169,10.41184],[-75.55168,10.41187],[-75.55167,10.41192],[-75.55165,10.41196],[-75.55164,10.412],[-75.55163,10.41202],[-75.55163,10.41205],[-75.55162,10.41208],[-75.5516,10.41212],[-75.55158,10.41217],[-75.55156,10.4122],[-75.55154,10.41224],[-75.55152,10.41227],[-75.55151,10.41231],[-75.55149,10.41238],[-75.55148,10.41243],[-75.55147,10.41246],[-75.55144,10.4125],[-75.55143,10.41253],[-75.5514,10.41273],[-75.55138,10.41276],[-75.55138,10.4128],[-75.55137,10.41287],[-75.55137,10.4129],[-75.55137,10.41295],[-75.55136,10.41299],[-75.55135,10.41301],[-75.55135,10.41304],[-75.55134,10.41307],[-75.55132,10.41313],[-75.55131,10.41318],[-75.55131,10.41321],[-75.55131,10.41324],[-75.5513,10.41328],[-75.5513,10.4133],[-75.55129,10.41336],[-75.55129,10.41339],[-75.55128,10.41341],[-75.55128,10.41344],[-75.55127,10.41347],[-75.55127,10.41349],[-75.55127,10.41352],[-75.55127,10.41357],[-75.55126,10.4136],[-75.55126,10.41365],[-75.55126,10.4137],[-75.55125,10.41374],[-75.55125,10.41378],[-75.55125,10.41381],[-75.55127,10.41386],[-75.55127,10.41387],[-75.55131,10.41394],[-75.55133,10.41398],[-75.55136,10.41401],[-75.55137,10.41403],[-75.55149,10.41416],[-75.55151,10.41419],[-75.55152,10.41422],[-75.55152,10.41426],[-75.55151,10.41429],[-75.5515,10.41432],[-75.55149,10.41437],[-75.55148,10.41439],[-75.55146,10.41443],[-75.55144,10.41447],[-75.55142,10.41449],[-75.55141,10.41451],[-75.55139,10.41453],[-75.55138,10.41456],[-75.55137,10.41459],[-75.55135,10.41462],[-75.55132,10.41468],[-75.55131,10.41471],[-75.55129,10.41474],[-75.55128,10.41476],[-75.55126,10.4148],[-75.55124,10.41484],[-75.55123,10.41487],[-75.55122,10.41491],[-75.55121,10.41495],[-75.55122,10.41499],[-75.55124,10.41501],[-75.55127,10.41503],[-75.55128,10.41504],[-75.55131,10.41506],[-75.55134,10.41509],[-75.55137,10.4151],[-75.5514,10.41511],[-75.55143,10.41511],[-75.55147,10.41512],[-75.55149,10.41512],[-75.55153,10.41516],[-75.55158,10.41522],[-75.55159,10.41525],[-75.55158,10.41527],[-75.55157,10.41529],[-75.55152,10.41536],[-75.55147,10.41543],[-75.55144,10.41547],[-75.55143,10.41549],[-75.5514,10.41554],[-75.5514,10.41556],[-75.55139,10.41559],[-75.55139,10.41563],[-75.55139,10.41567],[-75.5514,10.41571],[-75.5514,10.41574],[-75.55141,10.41576],[-75.55143,10.41584],[-75.55145,10.41589],[-75.55147,10.41593],[-75.55149,10.41597],[-75.5515,10.416],[-75.55152,10.41604],[-75.55153,10.41607],[-75.55154,10.41611],[-75.55155,10.41614],[-75.55155,10.41617],[-75.55156,10.4162],[-75.55157,10.41624],[-75.55158,10.41627],[-75.55159,10.4163],[-75.5516,10.41634],[-75.55162,10.41637],[-75.55164,10.41641],[-75.55167,10.41647],[-75.55169,10.41651],[-75.55171,10.41654],[-75.55172,10.41657],[-75.55173,10.4166],[-75.55174,10.41664],[-75.55175,10.41667],[-75.55176,10.41672],[-75.55178,10.41675],[-75.55179,10.41678],[-75.55181,10.41685],[-75.55183,10.41689],[-75.55186,10.41692],[-75.55188,10.41696],[-75.55189,10.41701],[-75.55189,10.41704],[-75.55189,10.41708],[-75.55189,10.41712],[-75.5519,10.41718],[-75.55191,10.41721],[-75.55192,10.41725],[-75.55194,10.41727],[-75.552,10.41735],[-75.55202,10.41744],[-75.55208,10.41755],[-75.55208,10.41758],[-75.5521,10.41763],[-75.55212,10.41767],[-75.55214,10.4177],[-75.55216,10.41772],[-75.55218,10.41775],[-75.5522,10.41779],[-75.55222,10.41784],[-75.55223,10.41787],[-75.55224,10.4179],[-75.55226,10.41794],[-75.55227,10.41798],[-75.55228,10.41801],[-75.55229,10.41805],[-75.55231,10.41808],[-75.55234,10.41812],[-75.55244,10.41835],[-75.55245,10.4184],[-75.55245,10.41843],[-75.55246,10.41846],[-75.55247,10.41849],[-75.55249,10.41853],[-75.55251,10.41857],[-75.55252,10.41862],[-75.55255,10.41867],[-75.55257,10.4187],[-75.55258,10.41873],[-75.5526,10.41876],[-75.55261,10.41879],[-75.55263,10.41881],[-75.5525,10.41881],[-75.55231,10.41878],[-75.55208,10.4188],[-75.55186,10.41897],[-75.55181,10.41909],[-75.55178,10.41907],[-75.55162,10.419],[-75.55162,10.419],[-75.55161,10.41895],[-75.55142,10.4188],[-75.55137,10.41886],[-75.55124,10.41879],[-75.55127,10.41874],[-75.55136,10.41881],[-75.55139,10.41876],[-75.55127,10.41862],[-75.55128,10.4186],[-75.55118,10.41855],[-75.55092,10.41833],[-75.55082,10.41848],[-75.55078,10.41845],[-75.55087,10.41832],[-75.55083,10.4183],[-75.55077,10.41832],[-75.55064,10.4181],[-75.55048,10.41797],[-75.55032,10.41819],[-75.55034,10.41821],[-75.55028,10.41828],[-75.55021,10.41823],[-75.55027,10.41816],[-75.55029,10.41817],[-75.55043,10.41795],[-75.55019,10.41776],[-75.55015,10.41772],[-75.55015,10.4177],[-75.55011,10.41769],[-75.55007,10.41764],[-75.54999,10.4176],[-75.54996,10.41756],[-75.54994,10.41753],[-75.54989,10.4175],[-75.5498,10.4174],[-75.54969,10.41746],[-75.54967,10.41742],[-75.54976,10.41735],[-75.54972,10.41731],[-75.54971,10.41727],[-75.54969,10.41724],[-75.54969,10.41719],[-75.54968,10.41716],[-75.54967,10.41714],[-75.54966,10.4171],[-75.54963,10.41703],[-75.5496,10.41699],[-75.5496,10.41697],[-75.54959,10.41694],[-75.54958,10.41691],[-75.54957,10.41689],[-75.54957,10.41687],[-75.54955,10.4168],[-75.54954,10.41675],[-75.54953,10.41673],[-75.54951,10.41668],[-75.54948,10.41664],[-75.54947,10.41661],[-75.54945,10.41659],[-75.54944,10.41656],[-75.54941,10.41652],[-75.54939,10.4165],[-75.54938,10.41648],[-75.54935,10.41644],[-75.54934,10.41639],[-75.54934,10.41634],[-75.54934,10.4163],[-75.54932,10.41627],[-75.5493,10.41623],[-75.54922,10.41614],[-75.5491,10.41601],[-75.54908,10.41598],[-75.54904,10.41596],[-75.54901,10.41595],[-75.54898,10.4159],[-75.54893,10.41586],[-75.54885,10.41576],[-75.5488,10.41576],[-75.54874,10.41572],[-75.54865,10.41576],[-75.54869,10.41585],[-75.54866,10.41587],[-75.54853,10.41568],[-75.54857,10.41565],[-75.54862,10.41572],[-75.54868,10.41569],[-75.54864,10.41563],[-75.54859,10.41557],[-75.54857,10.41554],[-75.54838,10.41536],[-75.54836,10.41534],[-75.54834,10.41533],[-75.54831,10.4153],[-75.54828,10.41528],[-75.54824,10.41526],[-75.54801,10.41506],[-75.54798,10.41504],[-75.54795,10.41502],[-75.54793,10.41501],[-75.5479,10.41499],[-75.54787,10.41497],[-75.54785,10.41495],[-75.54774,10.41482],[-75.5477,10.41476],[-75.54768,10.41472],[-75.54767,10.41469],[-75.54765,10.41464],[-75.54764,10.41461],[-75.54763,10.41458],[-75.54761,10.41455],[-75.54756,10.41452],[-75.54755,10.41452],[-75.54751,10.41451],[-75.54748,10.4145],[-75.54746,10.41449],[-75.54744,10.41449],[-75.54743,10.41444],[-75.54744,10.41442],[-75.54744,10.41438],[-75.54744,10.41436],[-75.54744,10.41432],[-75.54744,10.41428],[-75.5474,10.41425],[-75.54741,10.41424],[-75.54739,10.4142],[-75.54734,10.41422],[-75.54711,10.41379],[-75.54712,10.41376],[-75.54749,10.41343],[-75.54755,10.41342],[-75.54763,10.41344],[-75.54773,10.41351],[-75.54798,10.41383],[-75.54803,10.41389],[-75.54806,10.41386],[-75.5481,10.41383],[-75.54813,10.41381],[-75.54852,10.41352],[-75.54855,10.4135],[-75.54858,10.41348],[-75.54861,10.41344],[-75.54863,10.41342],[-75.54864,10.41339],[-75.54868,10.41333],[-75.54867,10.41327],[-75.54861,10.4132],[-75.54825,10.41278],[-75.54806,10.41256],[-75.54802,10.41252],[-75.54798,10.41253],[-75.54794,10.41256],[-75.5479,10.41259],[-75.54787,10.41262],[-75.54784,10.41264],[-75.54781,10.41267],[-75.54777,10.4127],[-75.54771,10.41274],[-75.5474,10.41299],[-75.54739,10.41301],[-75.54735,10.41304],[-75.54732,10.41305],[-75.54728,10.41307],[-75.54726,10.41307],[-75.54724,10.41308],[-75.5472,10.41309],[-75.54714,10.41311],[-75.54711,10.41311],[-75.54704,10.41311],[-75.54702,10.41311],[-75.54697,10.4131],[-75.54694,10.4131],[-75.54687,10.41309],[-75.54683,10.41308],[-75.54676,10.41305],[-75.54672,10.41303],[-75.54671,10.41307],[-75.54668,10.41306],[-75.54668,10.41299],[-75.54666,10.41297],[-75.54665,10.41306],[-75.54661,10.41306],[-75.5463,10.41252],[-75.5463,10.41239],[-75.54592,10.41199],[-75.54604,10.41143],[-75.5462,10.41147],[-75.54609,10.41194],[-75.54634,10.41222],[-75.54634,10.41218],[-75.54637,10.41214],[-75.54635,10.41208],[-75.54634,10.41204],[-75.54635,10.41202],[-75.54633,10.41197],[-75.54634,10.41194],[-75.54635,10.41192],[-75.54637,10.41189],[-75.54638,10.41185],[-75.54639,10.41182],[-75.54641,10.41179],[-75.54643,10.41175],[-75.54645,10.41172],[-75.54648,10.41169],[-75.54648,10.41168],[-75.54649,10.41165],[-75.54653,10.41162],[-75.54664,10.41138],[-75.54653,10.41135],[-75.54704,10.41021],[-75.54712,10.41024],[-75.54705,10.41039],[-75.54706,10.41042],[-75.54681,10.41099],[-75.54688,10.41101],[-75.54693,10.41108],[-75.547,10.41111],[-75.54723,10.41112],[-75.54752,10.41048],[-75.54758,10.4105],[-75.5475,10.41071],[-75.54751,10.41072],[-75.54748,10.41083],[-75.54748,10.41084],[-75.54753,10.41073],[-75.54756,10.41074],[-75.54766,10.41054],[-75.54772,10.41057],[-75.54763,10.41077],[-75.54766,10.41079],[-75.54762,10.4109],[-75.54763,10.41091],[-75.54768,10.41078],[-75.5477,10.4108],[-75.54787,10.41043],[-75.54793,10.41045],[-75.5478,10.41078],[-75.54801,10.41087],[-75.54815,10.41053],[-75.54827,10.41058]]]}},{"type":"Feature","properties":{"FID":136,"CODIGO":"1200","NOMBRE":"CENTRO","UCG":1,"LOC":"LH","ZONA":"UCG 1","Shape__Area":550654.2255859375,"Shape__Length":3850.3638734407555},"geometry":{"type":"Polygon","coordinates":[[[-75.54941,10.42832],[-75.54937,10.42826],[-75.5483,10.42893],[-75.54831,10.42876],[-75.54831,10.42835],[-75.54843,10.42681],[-75.54847,10.42621],[-75.54873,10.42521],[-75.54716,10.42569],[-75.547,10.42508],[-75.54738,10.42489],[-75.54723,10.42464],[-75.54867,10.42329],[-75.54875,10.42296],[-75.54867,10.42286],[-75.54774,10.42197],[-75.54805,10.42169],[-75.54849,10.42206],[-75.54854,10.42201],[-75.54865,10.4219],[-75.54911,10.42227],[-75.54914,10.42223],[-75.54916,10.42221],[-75.54917,10.42218],[-75.54919,10.42215],[-75.54921,10.42212],[-75.54923,10.42208],[-75.54925,10.42205],[-75.54927,10.42201],[-75.54929,10.42199],[-75.54933,10.42194],[-75.54937,10.42187],[-75.54957,10.42162],[-75.54978,10.42123],[-75.55044,10.42044],[-75.55059,10.4204],[-75.5506,10.42038],[-75.55062,10.42035],[-75.55063,10.42033],[-75.55065,10.42031],[-75.55067,10.42027],[-75.55073,10.42018],[-75.55075,10.42015],[-75.55077,10.42012],[-75.55079,10.42009],[-75.55082,10.42005],[-75.55084,10.42002],[-75.55101,10.41978],[-75.55158,10.41904],[-75.55162,10.419],[-75.55162,10.419],[-75.55178,10.41907],[-75.55181,10.41909],[-75.55186,10.41897],[-75.55208,10.4188],[-75.55231,10.41878],[-75.5525,10.41881],[-75.55263,10.41881],[-75.55291,10.41894],[-75.55325,10.41894],[-75.5535,10.41918],[-75.55294,10.41919],[-75.55307,10.41958],[-75.55331,10.42012],[-75.55388,10.42038],[-75.55394,10.42058],[-75.55378,10.42075],[-75.5539,10.42148],[-75.55452,10.42184],[-75.55446,10.42207],[-75.55413,10.42214],[-75.55468,10.42351],[-75.55472,10.42382],[-75.55475,10.42407],[-75.55474,10.42412],[-75.55473,10.42415],[-75.55473,10.42419],[-75.55472,10.42423],[-75.55471,10.42426],[-75.5547,10.4243],[-75.55469,10.42433],[-75.55468,10.42436],[-75.55467,10.4244],[-75.55466,10.42443],[-75.55465,10.42446],[-75.55463,10.4245],[-75.55461,10.42457],[-75.55459,10.42461],[-75.55458,10.42464],[-75.55457,10.42467],[-75.55455,10.42472],[-75.55454,10.42474],[-75.55453,10.42477],[-75.55451,10.42483],[-75.55449,10.42486],[-75.55448,10.42489],[-75.55446,10.42493],[-75.55445,10.42496],[-75.55443,10.42498],[-75.55437,10.42506],[-75.55434,10.42511],[-75.55431,10.42515],[-75.55429,10.42518],[-75.55428,10.4252],[-75.55425,10.42524],[-75.55419,10.42531],[-75.55417,10.42534],[-75.55415,10.42536],[-75.55414,10.42539],[-75.55412,10.42541],[-75.5541,10.42544],[-75.55408,10.42547],[-75.55405,10.4255],[-75.55403,10.42552],[-75.55401,10.42554],[-75.55399,10.42556],[-75.55396,10.42558],[-75.5538,10.42571],[-75.55378,10.42572],[-75.55376,10.42574],[-75.55367,10.42581],[-75.55365,10.42583],[-75.55362,10.42586],[-75.55358,10.42589],[-75.55353,10.42593],[-75.55349,10.42596],[-75.55346,10.42598],[-75.55341,10.42601],[-75.55338,10.42603],[-75.55331,10.42607],[-75.55325,10.4261],[-75.55323,10.42611],[-75.55318,10.42613],[-75.55315,10.42615],[-75.55313,10.42616],[-75.55309,10.42618],[-75.55307,10.42619],[-75.55305,10.42621],[-75.553,10.42623],[-75.55295,10.42627],[-75.55291,10.42629],[-75.55288,10.4263],[-75.55285,10.42631],[-75.55282,10.42633],[-75.55279,10.42635],[-75.55276,10.42637],[-75.55271,10.4264],[-75.55267,10.42643],[-75.55265,10.42644],[-75.55263,10.42645],[-75.55261,10.42646],[-75.55258,10.42648],[-75.55254,10.42651],[-75.55251,10.42653],[-75.55249,10.42655],[-75.55246,10.42657],[-75.55243,10.4266],[-75.55237,10.42665],[-75.5523,10.4267],[-75.55228,10.42671],[-75.55224,10.42675],[-75.5522,10.42678],[-75.55215,10.42682],[-75.55208,10.42689],[-75.55205,10.42691],[-75.55202,10.42694],[-75.55197,10.42698],[-75.55195,10.427],[-75.55193,10.42702],[-75.5519,10.42705],[-75.55188,10.42707],[-75.55186,10.4271],[-75.55183,10.42713],[-75.55181,10.42716],[-75.55178,10.42719],[-75.55175,10.42722],[-75.55153,10.42741],[-75.5515,10.42743],[-75.55147,10.42745],[-75.55145,10.42747],[-75.55143,10.42749],[-75.5514,10.42751],[-75.55136,10.42754],[-75.55131,10.42758],[-75.55127,10.42763],[-75.55122,10.42767],[-75.5512,10.42769],[-75.55118,10.4277],[-75.55115,10.42772],[-75.55113,10.42774],[-75.55111,10.42776],[-75.55108,10.42778],[-75.55105,10.4278],[-75.55102,10.42782],[-75.55099,10.42783],[-75.55096,10.42785],[-75.55093,10.42786],[-75.55089,10.42788],[-75.55087,10.42789],[-75.55084,10.42791],[-75.55081,10.42792],[-75.55079,10.42793],[-75.55073,10.42796],[-75.55019,10.42829],[-75.55013,10.42833],[-75.5501,10.42835],[-75.55008,10.42837],[-75.55,10.42842],[-75.54998,10.42844],[-75.54996,10.42846],[-75.54994,10.42848],[-75.54991,10.42851],[-75.54989,10.42853],[-75.54987,10.42855],[-75.54985,10.42858],[-75.54983,10.42861],[-75.54982,10.42863],[-75.5498,10.42866],[-75.54978,10.4287],[-75.54976,10.42873],[-75.54974,10.42875],[-75.54941,10.42832]]]}},{"type":"Feature","properties":{"FID":137,"CODIGO":"2300","NOMBRE":"FREDONIA","UCG":6,"LOC":"LV","ZONA":"UCG 6","Shape__Area":455970.8251953125,"Shape__Length":3174.317002351615},"geometry":{"type":"Polygon","coordinates":[[[-75.47541,10.4123],[-75.47408,10.41179],[-75.47401,10.41203],[-75.47376,10.41251],[-75.47359,10.41268],[-75.47341,10.41277],[-75.47313,10.41288],[-75.4728,10.41302],[-75.47275,10.41303],[-75.47257,10.41308],[-75.47237,10.41315],[-75.47198,10.41331],[-75.47161,10.4134],[-75.47135,10.41339],[-75.47137,10.41239],[-75.47126,10.41093],[-75.47157,10.41072],[-75.47189,10.40955],[-75.47256,10.40653],[-75.47269,10.40576],[-75.47359,10.40218],[-75.47359,10.40218],[-75.47361,10.40212],[-75.47436,10.40248],[-75.47486,10.40278],[-75.475,10.40405],[-75.47597,10.40531],[-75.4764,10.4059],[-75.47651,10.40616],[-75.47662,10.40672],[-75.47664,10.40708],[-75.47657,10.4074],[-75.47627,10.40862],[-75.47612,10.40897],[-75.47572,10.41179],[-75.47563,10.41189],[-75.47541,10.4123]]]}},{"type":"Feature","properties":{"FID":138,"CODIGO":"0050","NOMBRE":"CRESPO","UCG":1,"LOC":"LH","ZONA":"UCG 1","Shape__Area":1247676.451171875,"Shape__Length":5682.611346636663},"geometry":{"type":"Polygon","coordinates":[[[-75.51156,10.45247],[-75.51206,10.44042],[-75.51373,10.44062],[-75.51426,10.44095],[-75.5148,10.44113],[-75.51475,10.44127],[-75.5148,10.44129],[-75.51504,10.44139],[-75.51524,10.44151],[-75.51537,10.44154],[-75.5157,10.4417],[-75.51588,10.4418],[-75.51626,10.44203],[-75.51664,10.44227],[-75.51703,10.4425],[-75.51743,10.44268],[-75.51795,10.44284],[-75.51819,10.443],[-75.51879,10.44299],[-75.51997,10.44292],[-75.52013,10.44291],[-75.52124,10.44286],[-75.52145,10.44285],[-75.52375,10.44256],[-75.52535,10.44228],[-75.52592,10.44211],[-75.52594,10.44214],[-75.52601,10.44219],[-75.52604,10.44224],[-75.52611,10.44253],[-75.52609,10.44263],[-75.52637,10.44308],[-75.52552,10.44379],[-75.5235,10.44522],[-75.52344,10.44526],[-75.52011,10.44789],[-75.51928,10.44839],[-75.51762,10.44988],[-75.51742,10.45044],[-75.51692,10.45045],[-75.51495,10.45244],[-75.51328,10.45394],[-75.51151,10.45558],[-75.51148,10.45519],[-75.51156,10.45247]]]}},{"type":"Feature","properties":{"FID":139,"CODIGO":"6350","NOMBRE":"SAN PEDRO MARTIR","UCG":15,"LOC":"LI","ZONA":"UCG 15","Shape__Area":1163684.3076171875,"Shape__Length":6877.731546403383},"geometry":{"type":"Polygon","coordinates":[[[-75.48659,10.37932],[-75.48667,10.37885],[-75.48679,10.37838],[-75.48709,10.3771],[-75.4867,10.37697],[-75.4867,10.37665],[-75.4866,10.37664],[-75.48678,10.37548],[-75.48686,10.37549],[-75.48729,10.37544],[-75.48767,10.37538],[-75.48848,10.37527],[-75.4886,10.37442],[-75.48935,10.37452],[-75.48935,10.3743],[-75.48932,10.37378],[-75.48932,10.37361],[-75.48934,10.37291],[-75.48947,10.37223],[-75.48894,10.37214],[-75.48826,10.37174],[-75.48784,10.37152],[-75.48732,10.37124],[-75.48678,10.37189],[-75.4871,10.37206],[-75.48693,10.37246],[-75.48673,10.37324],[-75.48627,10.37315],[-75.48583,10.37304],[-75.48549,10.37292],[-75.48545,10.37289],[-75.48508,10.37277],[-75.48444,10.37246],[-75.48389,10.37221],[-75.48349,10.37209],[-75.48345,10.37209],[-75.48341,10.37212],[-75.48294,10.37209],[-75.48249,10.37209],[-75.48218,10.37213],[-75.48237,10.37187],[-75.48289,10.37123],[-75.48363,10.37034],[-75.48368,10.3703],[-75.48396,10.37002],[-75.48436,10.37017],[-75.48468,10.37025],[-75.48479,10.37006],[-75.48492,10.36984],[-75.4856,10.37021],[-75.48563,10.37022],[-75.48604,10.36949],[-75.48595,10.36936],[-75.48587,10.36929],[-75.48573,10.3692],[-75.48565,10.36917],[-75.48552,10.36913],[-75.48541,10.36912],[-75.48535,10.3691],[-75.48525,10.36907],[-75.48499,10.36891],[-75.48491,10.36887],[-75.48492,10.36885],[-75.48521,10.36839],[-75.48559,10.36779],[-75.48566,10.36783],[-75.48587,10.36796],[-75.48634,10.36724],[-75.48598,10.36691],[-75.48615,10.36691],[-75.48613,10.3668],[-75.48608,10.36669],[-75.48663,10.36655],[-75.48674,10.36673],[-75.48699,10.36669],[-75.48754,10.36659],[-75.48834,10.36641],[-75.48942,10.36623],[-75.49104,10.3658],[-75.49189,10.36693],[-75.49255,10.36788],[-75.49298,10.36833],[-75.49334,10.36886],[-75.49351,10.36913],[-75.49371,10.36942],[-75.49391,10.36971],[-75.49413,10.37009],[-75.49448,10.37058],[-75.49525,10.37119],[-75.49557,10.37139],[-75.49579,10.37167],[-75.49589,10.37194],[-75.49591,10.37228],[-75.49584,10.3729],[-75.49573,10.37289],[-75.49433,10.37282],[-75.49333,10.37268],[-75.4931,10.37351],[-75.49306,10.37363],[-75.49265,10.37533],[-75.49351,10.37556],[-75.49342,10.376],[-75.49306,10.37711],[-75.49269,10.37814],[-75.49244,10.37867],[-75.49216,10.37855],[-75.49214,10.37858],[-75.49197,10.37897],[-75.49194,10.37905],[-75.49151,10.37985],[-75.4912,10.37963],[-75.49083,10.3793],[-75.49065,10.37917],[-75.49023,10.37903],[-75.48974,10.37907],[-75.48965,10.37908],[-75.48959,10.37912],[-75.48947,10.37925],[-75.48902,10.37991],[-75.48811,10.37993],[-75.48793,10.37992],[-75.48649,10.37984],[-75.48659,10.37932]]]}},{"type":"Feature","properties":{"FID":140,"CODIGO":"2350","NOMBRE":"NUEVO PARAISO","UCG":6,"LOC":"LV","ZONA":"UCG 6","Shape__Area":546506.26171875,"Shape__Length":3691.1972772152085},"geometry":{"type":"Polygon","coordinates":[[[-75.46845,10.41233],[-75.46845,10.41144],[-75.46857,10.4095],[-75.46865,10.40801],[-75.46874,10.40673],[-75.46872,10.40667],[-75.46876,10.40625],[-75.4688,10.40555],[-75.46886,10.40464],[-75.46892,10.40376],[-75.46893,10.40347],[-75.46894,10.4033],[-75.46896,10.40302],[-75.46899,10.40251],[-75.46927,10.4025],[-75.4693,10.40162],[-75.46932,10.40105],[-75.46936,10.40034],[-75.46947,10.40039],[-75.47209,10.40148],[-75.47361,10.40212],[-75.47359,10.40218],[-75.47359,10.40218],[-75.47269,10.40576],[-75.47256,10.40653],[-75.47189,10.40955],[-75.47157,10.41072],[-75.47126,10.41093],[-75.47137,10.41239],[-75.47135,10.41339],[-75.47119,10.41338],[-75.47069,10.4134],[-75.47041,10.41346],[-75.47013,10.41348],[-75.47028,10.41287],[-75.47013,10.4128],[-75.4698,10.41284],[-75.46949,10.4128],[-75.46915,10.41275],[-75.46854,10.41288],[-75.46845,10.41233]]]}},{"type":"Feature","properties":{"FID":141,"CODIGO":"3600","NOMBRE":"EL LAGUITO","UCG":1,"LOC":"LH","ZONA":"UCG 1","Shape__Area":213239.091796875,"Shape__Length":2762.727767130996},"geometry":{"type":"Polygon","coordinates":[[[-75.56151,10.39524],[-75.56146,10.39524],[-75.56142,10.39524],[-75.56138,10.39524],[-75.56136,10.39525],[-75.5613,10.39525],[-75.56128,10.39526],[-75.56125,10.39526],[-75.56122,10.39526],[-75.56119,10.39526],[-75.56114,10.39526],[-75.56112,10.39526],[-75.56109,10.39526],[-75.56106,10.39525],[-75.56104,10.39526],[-75.56096,10.39525],[-75.56092,10.39524],[-75.56088,10.39523],[-75.56083,10.39522],[-75.56081,10.39522],[-75.56077,10.39521],[-75.56073,10.39521],[-75.56071,10.3952],[-75.56066,10.39519],[-75.56064,10.39519],[-75.56063,10.39519],[-75.56058,10.39518],[-75.56054,10.39517],[-75.56049,10.39516],[-75.56047,10.39517],[-75.56041,10.39518],[-75.56036,10.39519],[-75.56035,10.3952],[-75.56031,10.39521],[-75.56027,10.39522],[-75.56024,10.39523],[-75.5602,10.39523],[-75.56017,10.39523],[-75.56012,10.39523],[-75.5601,10.39523],[-75.56006,10.39523],[-75.56002,10.39523],[-75.55999,10.39523],[-75.55995,10.39523],[-75.55992,10.39523],[-75.55988,10.39522],[-75.55984,10.39522],[-75.5598,10.39521],[-75.55977,10.3952],[-75.55973,10.39519],[-75.5597,10.39518],[-75.55965,10.39516],[-75.55963,10.39515],[-75.55959,10.39514],[-75.55954,10.39513],[-75.5595,10.39512],[-75.55947,10.39511],[-75.55944,10.39511],[-75.55939,10.39509],[-75.55937,10.39509],[-75.55933,10.39508],[-75.55932,10.39508],[-75.55928,10.39507],[-75.55925,10.39507],[-75.5592,10.39508],[-75.55913,10.39507],[-75.55909,10.39507],[-75.55906,10.39507],[-75.55902,10.39508],[-75.55899,10.39509],[-75.55896,10.39511],[-75.55894,10.39513],[-75.5589,10.39517],[-75.55888,10.39518],[-75.55886,10.3952],[-75.55883,10.39522],[-75.5588,10.39525],[-75.55877,10.39526],[-75.55873,10.39527],[-75.55871,10.39527],[-75.55869,10.39524],[-75.55867,10.39522],[-75.55864,10.3952],[-75.55861,10.39517],[-75.55858,10.39515],[-75.55855,10.39511],[-75.55854,10.3951],[-75.55851,10.39507],[-75.55848,10.39503],[-75.55845,10.39501],[-75.55842,10.39497],[-75.55841,10.39495],[-75.5584,10.39491],[-75.55839,10.39486],[-75.55839,10.39484],[-75.55838,10.39479],[-75.55837,10.39472],[-75.55836,10.39469],[-75.55835,10.39466],[-75.55835,10.39462],[-75.55835,10.39458],[-75.55836,10.39455],[-75.55836,10.39452],[-75.55836,10.39448],[-75.55836,10.39443],[-75.55836,10.3944],[-75.55834,10.39435],[-75.55832,10.39432],[-75.55831,10.39429],[-75.55828,10.39426],[-75.55826,10.39424],[-75.55825,10.39422],[-75.55822,10.39419],[-75.5582,10.39417],[-75.55818,10.39414],[-75.55815,10.39413],[-75.55812,10.39411],[-75.55807,10.3941],[-75.55803,10.39408],[-75.55801,10.39408],[-75.55795,10.39406],[-75.55789,10.39403],[-75.55787,10.39403],[-75.55783,10.39401],[-75.55779,10.394],[-75.55776,10.39399],[-75.5577,10.39397],[-75.55765,10.39394],[-75.55759,10.39391],[-75.55755,10.3939],[-75.55753,10.39386],[-75.55755,10.39384],[-75.55765,10.39385],[-75.5577,10.39387],[-75.55774,10.39387],[-75.55776,10.39388],[-75.55781,10.39385],[-75.55784,10.39383],[-75.55788,10.39381],[-75.55797,10.39374],[-75.55801,10.3937],[-75.55805,10.39367],[-75.5581,10.39365],[-75.55817,10.39361],[-75.55823,10.39355],[-75.55828,10.39351],[-75.55833,10.39347],[-75.55837,10.39341],[-75.55841,10.39337],[-75.55845,10.39332],[-75.55849,10.39326],[-75.55852,10.39321],[-75.55858,10.3931],[-75.5586,10.39304],[-75.55862,10.39293],[-75.55863,10.39284],[-75.55864,10.39277],[-75.55865,10.39268],[-75.55866,10.3926],[-75.55867,10.39253],[-75.55867,10.39248],[-75.55868,10.39241],[-75.55868,10.39234],[-75.55868,10.39229],[-75.5587,10.39225],[-75.55872,10.39222],[-75.55876,10.39227],[-75.55877,10.39234],[-75.55878,10.3924],[-75.55878,10.39247],[-75.55879,10.39254],[-75.55879,10.3926],[-75.55881,10.39266],[-75.55883,10.39271],[-75.55884,10.39275],[-75.55888,10.3928],[-75.55892,10.39284],[-75.55895,10.39287],[-75.559,10.39289],[-75.55907,10.39292],[-75.55913,10.39293],[-75.55918,10.39294],[-75.55922,10.39295],[-75.55928,10.39295],[-75.55935,10.39292],[-75.55937,10.39291],[-75.5594,10.39289],[-75.55943,10.39287],[-75.55945,10.39283],[-75.55948,10.39277],[-75.5595,10.39272],[-75.55953,10.39266],[-75.55954,10.39262],[-75.55956,10.3926],[-75.55958,10.3926],[-75.55959,10.39265],[-75.55958,10.39269],[-75.55957,10.39272],[-75.55957,10.39277],[-75.55955,10.39283],[-75.55956,10.39286],[-75.55957,10.39291],[-75.55958,10.39293],[-75.55961,10.39297],[-75.55963,10.393],[-75.55965,10.39303],[-75.55969,10.39306],[-75.55974,10.39308],[-75.55979,10.39309],[-75.55983,10.39309],[-75.55985,10.39309],[-75.55989,10.39306],[-75.55992,10.39303],[-75.55994,10.39301],[-75.55998,10.39299],[-75.56,10.39299],[-75.56004,10.39302],[-75.56006,10.39303],[-75.56009,10.39305],[-75.56011,10.39306],[-75.56016,10.39309],[-75.56018,10.39311],[-75.5602,10.39313],[-75.56023,10.39314],[-75.56027,10.39314],[-75.56029,10.39312],[-75.56032,10.39311],[-75.56034,10.39309],[-75.56036,10.39307],[-75.56038,10.39305],[-75.5604,10.39301],[-75.56041,10.39298],[-75.56044,10.39297],[-75.56049,10.39296],[-75.5605,10.39297],[-75.56054,10.39299],[-75.56056,10.39301],[-75.56061,10.39304],[-75.56063,10.39305],[-75.56066,10.39305],[-75.56069,10.39305],[-75.56072,10.39305],[-75.56075,10.39304],[-75.56077,10.39304],[-75.5608,10.39303],[-75.56082,10.39303],[-75.56088,10.393],[-75.56091,10.39298],[-75.56093,10.39301],[-75.56094,10.39304],[-75.56094,10.39308],[-75.56094,10.39313],[-75.56094,10.39315],[-75.56094,10.39319],[-75.56095,10.39324],[-75.56096,10.39328],[-75.56098,10.39333],[-75.56101,10.39337],[-75.56109,10.39347],[-75.56112,10.39349],[-75.56117,10.39352],[-75.56121,10.39355],[-75.56129,10.39358],[-75.56131,10.39359],[-75.56135,10.39359],[-75.56137,10.39359],[-75.56142,10.39359],[-75.56145,10.39359],[-75.56148,10.39359],[-75.56151,10.3936],[-75.56155,10.39362],[-75.56159,10.39364],[-75.5616,10.39365],[-75.56162,10.39367],[-75.56165,10.3937],[-75.56168,10.39373],[-75.56169,10.39374],[-75.56172,10.39376],[-75.56176,10.39378],[-75.56178,10.3938],[-75.56182,10.39383],[-75.56187,10.39384],[-75.56193,10.39387],[-75.56195,10.39388],[-75.56198,10.39387],[-75.56202,10.39385],[-75.56204,10.39385],[-75.56209,10.39382],[-75.5621,10.39381],[-75.56214,10.3938],[-75.56217,10.39381],[-75.5622,10.39383],[-75.56221,10.39386],[-75.56223,10.3939],[-75.56224,10.39392],[-75.56228,10.39396],[-75.56231,10.39399],[-75.56234,10.39402],[-75.56238,10.39406],[-75.56242,10.39409],[-75.56244,10.3941],[-75.56246,10.39411],[-75.5625,10.39412],[-75.56254,10.39412],[-75.56259,10.39412],[-75.56261,10.39411],[-75.56264,10.39408],[-75.56267,10.39406],[-75.5627,10.39403],[-75.56271,10.39401],[-75.56274,10.39396],[-75.56275,10.39396],[-75.56279,10.39395],[-75.56281,10.39399],[-75.5628,10.39401],[-75.56311,10.39418],[-75.56506,10.39708],[-75.56523,10.39726],[-75.56522,10.39736],[-75.56519,10.39737],[-75.56517,10.39738],[-75.56512,10.39741],[-75.56509,10.39743],[-75.56508,10.39744],[-75.56505,10.39745],[-75.56503,10.39747],[-75.565,10.39748],[-75.56493,10.39752],[-75.5649,10.39755],[-75.56486,10.39758],[-75.56479,10.39762],[-75.56476,10.39765],[-75.56473,10.39767],[-75.56468,10.39771],[-75.56464,10.39774],[-75.56462,10.39776],[-75.56461,10.39778],[-75.56459,10.3978],[-75.56438,10.3981],[-75.56436,10.39811],[-75.56434,10.39812],[-75.56433,10.39812],[-75.5643,10.39814],[-75.56428,10.39815],[-75.56426,10.39815],[-75.56424,10.39816],[-75.56421,10.39817],[-75.56419,10.39818],[-75.56416,10.39819],[-75.56415,10.3982],[-75.56413,10.39821],[-75.56406,10.39824],[-75.56404,10.39825],[-75.56398,10.39827],[-75.56397,10.39828],[-75.56394,10.39829],[-75.5639,10.39831],[-75.56388,10.39832],[-75.56386,10.39832],[-75.56384,10.39833],[-75.56382,10.39834],[-75.5638,10.39834],[-75.56378,10.39835],[-75.56377,10.39835],[-75.56375,10.39836],[-75.56374,10.39837],[-75.56373,10.39837],[-75.5637,10.39839],[-75.56367,10.39841],[-75.56365,10.39841],[-75.56364,10.39842],[-75.56362,10.39842],[-75.56361,10.39843],[-75.56357,10.39844],[-75.56355,10.39846],[-75.56352,10.39847],[-75.5635,10.39848],[-75.56348,10.39849],[-75.56346,10.39849],[-75.56343,10.39851],[-75.56341,10.39852],[-75.56339,10.39853],[-75.56337,10.39854],[-75.56335,10.39854],[-75.56333,10.39855],[-75.56331,10.39856],[-75.56327,10.39858],[-75.56326,10.39859],[-75.56324,10.39859],[-75.5632,10.39862],[-75.56317,10.39864],[-75.56315,10.39865],[-75.56313,10.39866],[-75.56311,10.39867],[-75.56309,10.39868],[-75.56305,10.3987],[-75.56302,10.39872],[-75.563,10.39874],[-75.56294,10.39876],[-75.5629,10.39878],[-75.56235,10.39788],[-75.56246,10.39778],[-75.56243,10.39774],[-75.56207,10.39725],[-75.56197,10.39713],[-75.56202,10.39708],[-75.56205,10.39705],[-75.56208,10.39702],[-75.5621,10.39699],[-75.56212,10.39695],[-75.56214,10.39691],[-75.56216,10.39688],[-75.56217,10.39684],[-75.56218,10.39681],[-75.5622,10.39676],[-75.56221,10.39672],[-75.56222,10.39668],[-75.56223,10.39664],[-75.56224,10.39661],[-75.56225,10.39658],[-75.56226,10.39654],[-75.56226,10.3965],[-75.56227,10.39646],[-75.56227,10.39642],[-75.56227,10.39638],[-75.56227,10.39633],[-75.56226,10.39629],[-75.56226,10.39627],[-75.56226,10.39622],[-75.56226,10.3962],[-75.56226,10.39617],[-75.56225,10.39612],[-75.56224,10.39608],[-75.56223,10.39599],[-75.56221,10.39594],[-75.56221,10.39592],[-75.5622,10.39589],[-75.56218,10.39586],[-75.56217,10.39583],[-75.56216,10.3958],[-75.56214,10.39576],[-75.56212,10.39574],[-75.56207,10.39568],[-75.56205,10.39565],[-75.56202,10.39563],[-75.56188,10.39546],[-75.56185,10.39543],[-75.56183,10.39541],[-75.56181,10.39538],[-75.56178,10.39536],[-75.56174,10.39533],[-75.56166,10.39529],[-75.56163,10.39528],[-75.56159,10.39527],[-75.56156,10.39525],[-75.56153,10.39525],[-75.56151,10.39524]]]}},{"type":"Feature","properties":{"FID":142,"CODIGO":"3750","NOMBRE":"LAS BRISAS","UCG":9,"LOC":"LH","ZONA":"UCG 9","Shape__Area":86688.88671875,"Shape__Length":1715.8103729988475},"geometry":{"type":"Polygon","coordinates":[[[-75.50935,10.39845],[-75.50903,10.39821],[-75.509,10.39819],[-75.50907,10.39788],[-75.50873,10.39778],[-75.50852,10.39772],[-75.50831,10.39764],[-75.50809,10.3976],[-75.50774,10.39753],[-75.50765,10.39761],[-75.5073,10.39757],[-75.50705,10.39753],[-75.50656,10.39737],[-75.5063,10.39738],[-75.50628,10.39723],[-75.50619,10.39706],[-75.50618,10.39689],[-75.50623,10.39629],[-75.50622,10.39614],[-75.50618,10.39593],[-75.50643,10.39587],[-75.50652,10.39584],[-75.50663,10.39577],[-75.50674,10.39572],[-75.50688,10.39571],[-75.50704,10.39567],[-75.50744,10.39557],[-75.50757,10.39552],[-75.50789,10.3963],[-75.50797,10.39627],[-75.50821,10.39678],[-75.50882,10.39662],[-75.50927,10.39644],[-75.50936,10.39642],[-75.50942,10.39641],[-75.50974,10.39611],[-75.50978,10.39619],[-75.51004,10.39655],[-75.51041,10.39712],[-75.5105,10.39738],[-75.51044,10.39763],[-75.51046,10.39775],[-75.51057,10.39788],[-75.51062,10.398],[-75.51084,10.39851],[-75.511,10.39887],[-75.51072,10.39855],[-75.5107,10.39852],[-75.51038,10.39862],[-75.51026,10.39864],[-75.51025,10.39862],[-75.5102,10.39847],[-75.51012,10.39829],[-75.51002,10.39812],[-75.50977,10.39805],[-75.50961,10.39801],[-75.50958,10.39808],[-75.50935,10.39845]]]}},{"type":"Feature","properties":{"FID":143,"CODIGO":"1300","NOMBRE":"LA MATUNA","UCG":1,"LOC":"LH","ZONA":"UCG 1","Shape__Area":99596.2080078125,"Shape__Length":2026.8261984365856},"geometry":{"type":"Polygon","coordinates":[[[-75.54354,10.42633],[-75.54385,10.42613],[-75.54415,10.42617],[-75.54426,10.42621],[-75.54425,10.42601],[-75.54413,10.42569],[-75.54385,10.42504],[-75.54222,10.42478],[-75.54219,10.42446],[-75.54343,10.42468],[-75.54374,10.4245],[-75.54408,10.42461],[-75.54867,10.42286],[-75.54875,10.42296],[-75.54867,10.42329],[-75.54723,10.42464],[-75.54694,10.42488],[-75.54587,10.42573],[-75.54524,10.42614],[-75.54466,10.42652],[-75.54442,10.42671],[-75.54427,10.42687],[-75.54403,10.42692],[-75.544,10.42693],[-75.54389,10.4269],[-75.54374,10.42659],[-75.54363,10.42654],[-75.54355,10.42639],[-75.54354,10.42633]]]}},{"type":"Feature","properties":{"FID":144,"CODIGO":"1450","NOMBRE":"GETSEMANI","UCG":1,"LOC":"LH","ZONA":"UCG 1","Shape__Area":357860.6318359375,"Shape__Length":2804.2354398129332},"geometry":{"type":"Polygon","coordinates":[[[-75.54368,10.42167],[-75.54387,10.4204],[-75.5438,10.42025],[-75.5438,10.42004],[-75.54374,10.41982],[-75.54378,10.41967],[-75.54388,10.41948],[-75.54404,10.41943],[-75.54446,10.41882],[-75.54495,10.41805],[-75.54522,10.41772],[-75.54527,10.41764],[-75.54519,10.41749],[-75.54532,10.41726],[-75.54545,10.41736],[-75.54553,10.41737],[-75.54558,10.41736],[-75.54575,10.41737],[-75.54676,10.41803],[-75.54723,10.41843],[-75.54767,10.41856],[-75.54782,10.41855],[-75.54795,10.4186],[-75.54803,10.41869],[-75.54804,10.41908],[-75.54867,10.41972],[-75.54898,10.41985],[-75.54927,10.42016],[-75.54927,10.42021],[-75.54939,10.42035],[-75.54951,10.42035],[-75.54988,10.42074],[-75.5493,10.42137],[-75.54908,10.42155],[-75.54884,10.42174],[-75.54881,10.42177],[-75.54875,10.42182],[-75.5487,10.42187],[-75.54865,10.4219],[-75.54854,10.42201],[-75.54849,10.42206],[-75.54805,10.42169],[-75.54774,10.42197],[-75.54867,10.42286],[-75.54408,10.42461],[-75.54374,10.4245],[-75.54356,10.42375],[-75.54342,10.42323],[-75.54332,10.42318],[-75.54331,10.42304],[-75.54343,10.42266],[-75.54255,10.42248],[-75.54259,10.42237],[-75.54281,10.42237],[-75.54326,10.42227],[-75.54339,10.42218],[-75.54368,10.42167]]]}},{"type":"Feature","properties":{"FID":145,"CODIGO":"1250","NOMBRE":"CHAMBACU","UCG":1,"LOC":"LH","ZONA":"UCG 1","Shape__Area":296233.2294921875,"Shape__Length":2483.830680201982},"geometry":{"type":"Polygon","coordinates":[[[-75.54029,10.4302],[-75.54019,10.42993],[-75.54012,10.42958],[-75.54001,10.4294],[-75.5399,10.4292],[-75.5397,10.4292],[-75.5389,10.42956],[-75.5382,10.42984],[-75.53811,10.42984],[-75.5377,10.42999],[-75.53751,10.4298],[-75.53739,10.4297],[-75.53753,10.42934],[-75.53817,10.42774],[-75.5385,10.42713],[-75.53896,10.42635],[-75.53969,10.42514],[-75.53997,10.42536],[-75.54034,10.42478],[-75.54096,10.4252],[-75.54108,10.42499],[-75.54129,10.42458],[-75.54157,10.42485],[-75.5418,10.42491],[-75.54202,10.42502],[-75.54215,10.4251],[-75.54222,10.42504],[-75.54234,10.42495],[-75.54292,10.42527],[-75.54342,10.4262],[-75.54364,10.4266],[-75.54402,10.42707],[-75.54437,10.42777],[-75.54427,10.4287],[-75.54349,10.42851],[-75.54328,10.42852],[-75.54325,10.42859],[-75.54319,10.42867],[-75.54311,10.42871],[-75.54303,10.42873],[-75.54294,10.42874],[-75.54288,10.42876],[-75.54285,10.4288],[-75.54277,10.42888],[-75.54274,10.42897],[-75.54268,10.42903],[-75.5426,10.42915],[-75.54246,10.42929],[-75.54232,10.42934],[-75.54216,10.42935],[-75.54205,10.42937],[-75.54199,10.42939],[-75.54192,10.42941],[-75.54191,10.42946],[-75.54186,10.42947],[-75.54185,10.4295],[-75.54181,10.42952],[-75.54181,10.42962],[-75.54181,10.42972],[-75.54179,10.42978],[-75.54168,10.42987],[-75.54162,10.42988],[-75.54157,10.42992],[-75.54149,10.42995],[-75.54128,10.43],[-75.54121,10.42998],[-75.54118,10.42995],[-75.54102,10.42994],[-75.54093,10.42994],[-75.5408,10.42993],[-75.54072,10.42994],[-75.54064,10.42995],[-75.5406,10.42995],[-75.54055,10.42999],[-75.54049,10.42999],[-75.54044,10.43007],[-75.54038,10.43012],[-75.54032,10.43016],[-75.54029,10.4302]]]}},{"type":"Feature","properties":{"FID":146,"CODIGO":"0650","NOMBRE":"EL CABRERO","UCG":1,"LOC":"LH","ZONA":"UCG 1","Shape__Area":145973.35546875,"Shape__Length":1974.640816297036},"geometry":{"type":"Polygon","coordinates":[[[-75.54021,10.43413],[-75.54038,10.43395],[-75.54061,10.43376],[-75.54044,10.43356],[-75.54032,10.4334],[-75.53981,10.43368],[-75.5394,10.43312],[-75.53966,10.4331],[-75.5399,10.4328],[-75.54036,10.4326],[-75.54045,10.43249],[-75.54097,10.43196],[-75.54132,10.43165],[-75.54236,10.43079],[-75.54293,10.43068],[-75.54316,10.4305],[-75.5434,10.43017],[-75.54363,10.43005],[-75.54391,10.42988],[-75.54415,10.42977],[-75.54423,10.42965],[-75.54432,10.42967],[-75.5444,10.42981],[-75.54486,10.43055],[-75.54535,10.43149],[-75.54578,10.43187],[-75.54508,10.43197],[-75.54421,10.43227],[-75.54034,10.43448],[-75.54025,10.43427],[-75.54021,10.43413]]]}},{"type":"Feature","properties":{"FID":147,"CODIGO":"1350","NOMBRE":"LA MARIA","UCG":4,"LOC":"LV","ZONA":"UCG 4","Shape__Area":817851.876953125,"Shape__Length":4115.550870077318},"geometry":{"type":"Polygon","coordinates":[[[-75.5188,10.42576],[-75.51877,10.42573],[-75.51745,10.42549],[-75.51697,10.42545],[-75.51696,10.42548],[-75.51684,10.42545],[-75.51681,10.42546],[-75.51609,10.42528],[-75.5159,10.42525],[-75.51534,10.42513],[-75.51461,10.42502],[-75.51405,10.42508],[-75.5141,10.42453],[-75.51421,10.42427],[-75.51441,10.4241],[-75.51463,10.42362],[-75.51456,10.423],[-75.51477,10.42247],[-75.51523,10.42191],[-75.51538,10.42152],[-75.5154,10.42136],[-75.51554,10.42086],[-75.51547,10.42045],[-75.51555,10.42027],[-75.51533,10.41995],[-75.51516,10.41954],[-75.51528,10.41923],[-75.51538,10.41892],[-75.51528,10.41827],[-75.51552,10.41819],[-75.51596,10.41812],[-75.51606,10.41802],[-75.51625,10.41802],[-75.51649,10.41807],[-75.51697,10.41811],[-75.51749,10.41811],[-75.51767,10.41789],[-75.51785,10.41766],[-75.51798,10.4175],[-75.51806,10.41733],[-75.51811,10.41717],[-75.51845,10.41725],[-75.51866,10.41728],[-75.51868,10.41713],[-75.5189,10.4171],[-75.51933,10.41712],[-75.51971,10.41715],[-75.51972,10.41702],[-75.52025,10.41708],[-75.52106,10.41717],[-75.5213,10.4172],[-75.52173,10.41725],[-75.52205,10.4173],[-75.52239,10.41741],[-75.52256,10.41706],[-75.52267,10.41711],[-75.52286,10.41718],[-75.52314,10.41729],[-75.5238,10.41764],[-75.52371,10.41786],[-75.52361,10.41807],[-75.52371,10.41812],[-75.5238,10.41816],[-75.52398,10.41816],[-75.52394,10.41837],[-75.52393,10.41857],[-75.52386,10.41876],[-75.52405,10.41899],[-75.52377,10.41937],[-75.52333,10.41922],[-75.52294,10.41952],[-75.52249,10.41968],[-75.52234,10.42001],[-75.52224,10.42198],[-75.52306,10.42196],[-75.52316,10.42276],[-75.52258,10.4243],[-75.52206,10.42552],[-75.52149,10.42659],[-75.52125,10.42653],[-75.52063,10.42635],[-75.52011,10.42612],[-75.52008,10.42611],[-75.51972,10.42605],[-75.51953,10.42593],[-75.51882,10.42579],[-75.5188,10.42576]]]}},{"type":"Feature","properties":{"FID":148,"CODIGO":"2850","NOMBRE":"TRECE DE JUNIO","UCG":7,"LOC":"LV","ZONA":"UCG 7","Shape__Area":346971.6015625,"Shape__Length":3183.072129446147},"geometry":{"type":"Polygon","coordinates":[[[-75.48358,10.40352],[-75.48352,10.40356],[-75.4827,10.40403],[-75.48208,10.40441],[-75.4818,10.40459],[-75.48178,10.40455],[-75.48126,10.40391],[-75.48122,10.40388],[-75.48091,10.40348],[-75.48058,10.40306],[-75.48003,10.40348],[-75.47997,10.40341],[-75.47958,10.40296],[-75.47934,10.40319],[-75.47906,10.40283],[-75.47931,10.40264],[-75.47931,10.40263],[-75.47947,10.40251],[-75.47966,10.40236],[-75.47986,10.4022],[-75.47991,10.40216],[-75.4796,10.40173],[-75.48018,10.40125],[-75.48127,10.40041],[-75.48179,10.4014],[-75.48241,10.40108],[-75.48499,10.39971],[-75.48534,10.40055],[-75.48568,10.40142],[-75.48619,10.40123],[-75.48666,10.40256],[-75.48675,10.4026],[-75.48792,10.40488],[-75.48795,10.4051],[-75.48851,10.40605],[-75.48831,10.406],[-75.48727,10.40574],[-75.48656,10.40555],[-75.48598,10.40538],[-75.48502,10.40513],[-75.48445,10.40496],[-75.48423,10.40479],[-75.48412,10.40468],[-75.48408,10.40458],[-75.48358,10.40352]]]}},{"type":"Feature","properties":{"FID":149,"CODIGO":"2870","NOMBRE":"CHAPACUA","UCG":7,"LOC":"LV","ZONA":"UCG 7","Shape__Area":86547.7900390625,"Shape__Length":1324.5378589065067},"geometry":{"type":"Polygon","coordinates":[[[-75.47722,10.40028],[-75.47754,10.40016],[-75.47776,10.40005],[-75.47786,10.40017],[-75.47994,10.3995],[-75.48003,10.39962],[-75.48027,10.39947],[-75.48037,10.39935],[-75.48081,10.39977],[-75.48127,10.40041],[-75.48018,10.40125],[-75.4796,10.40173],[-75.47991,10.40216],[-75.47986,10.4022],[-75.47966,10.40236],[-75.47947,10.40251],[-75.47931,10.40263],[-75.47931,10.40264],[-75.47906,10.40283],[-75.47822,10.40175],[-75.47805,10.40154],[-75.47755,10.40086],[-75.47722,10.40028]]]}},{"type":"Feature","properties":{"FID":150,"CODIGO":"4950","NOMBRE":"LA TRONCAL","UCG":8,"LOC":"LH","ZONA":"UCG 8","Shape__Area":57286.9052734375,"Shape__Length":1098.3168592453956},"geometry":{"type":"Polygon","coordinates":[[[-75.49263,10.39009],[-75.49377,10.38991],[-75.49446,10.3934],[-75.49399,10.39353],[-75.49311,10.39371],[-75.49308,10.39347],[-75.49291,10.39219],[-75.4928,10.39117],[-75.49263,10.39009]]]}},{"type":"Feature","properties":{"FID":151,"CODIGO":"4700","NOMBRE":"TACARIGUA","UCG":8,"LOC":"LH","ZONA":"UCG 8","Shape__Area":55925.3134765625,"Shape__Length":1271.12081267684},"geometry":{"type":"Polygon","coordinates":[[[-75.49036,10.39395],[-75.49026,10.39343],[-75.49019,10.39312],[-75.49015,10.39288],[-75.49013,10.39285],[-75.49011,10.39265],[-75.49009,10.39261],[-75.49004,10.39232],[-75.49004,10.3923],[-75.49002,10.39215],[-75.48957,10.39223],[-75.48963,10.39205],[-75.48968,10.39192],[-75.49042,10.3918],[-75.4904,10.3916],[-75.49036,10.39123],[-75.49036,10.39117],[-75.49032,10.3907],[-75.4904,10.39069],[-75.49038,10.39048],[-75.49062,10.39044],[-75.49105,10.39037],[-75.49133,10.39213],[-75.49148,10.39295],[-75.49165,10.39395],[-75.49175,10.39462],[-75.49048,10.39401],[-75.49036,10.39395]]]}},{"type":"Feature","properties":{"FID":152,"CODIGO":"3450","NOMBRE":"VIEJO PORVENIR","UCG":7,"LOC":"LV","ZONA":"UCG 7","Shape__Area":189316.3798828125,"Shape__Length":1914.5734827862304},"geometry":{"type":"Polygon","coordinates":[[[-75.47496,10.40036],[-75.47477,10.39991],[-75.47454,10.39934],[-75.47411,10.39844],[-75.47526,10.39781],[-75.47523,10.3977],[-75.4754,10.3976],[-75.47548,10.39776],[-75.47554,10.39789],[-75.47564,10.39785],[-75.47593,10.39775],[-75.47728,10.39731],[-75.47757,10.39719],[-75.47772,10.39715],[-75.47787,10.3971],[-75.47811,10.39687],[-75.47816,10.39682],[-75.47824,10.39684],[-75.47855,10.39688],[-75.47897,10.39701],[-75.47919,10.39717],[-75.47932,10.39739],[-75.47953,10.39789],[-75.47972,10.39851],[-75.47979,10.39884],[-75.48037,10.39935],[-75.48027,10.39947],[-75.48003,10.39962],[-75.47994,10.3995],[-75.47786,10.40017],[-75.47776,10.40005],[-75.47754,10.40016],[-75.47722,10.40028],[-75.47715,10.4003],[-75.47687,10.40044],[-75.47508,10.40105],[-75.475,10.40053],[-75.47496,10.40036]]]}},{"type":"Feature","properties":{"FID":153,"CODIGO":"5550","NOMBRE":"TERNERA","UCG":13,"LOC":"LI","ZONA":"UCG 13","Shape__Area":447887.5869140625,"Shape__Length":3178.726096644396},"geometry":{"type":"Polygon","coordinates":[[[-75.46656,10.38628],[-75.46615,10.386],[-75.46595,10.38585],[-75.46535,10.38645],[-75.46485,10.38697],[-75.46474,10.38709],[-75.46465,10.38718],[-75.4645,10.38705],[-75.46436,10.38703],[-75.46397,10.38697],[-75.46376,10.38688],[-75.46362,10.38686],[-75.46319,10.38667],[-75.46289,10.38646],[-75.46259,10.38594],[-75.46238,10.38572],[-75.46227,10.38561],[-75.46215,10.3855],[-75.46213,10.38541],[-75.46216,10.38525],[-75.46219,10.3851],[-75.46237,10.38479],[-75.46243,10.38457],[-75.46247,10.38442],[-75.46244,10.38415],[-75.46241,10.38395],[-75.46242,10.38377],[-75.46251,10.38352],[-75.46255,10.38338],[-75.46265,10.38314],[-75.46277,10.38276],[-75.46289,10.38243],[-75.46322,10.38203],[-75.46349,10.38171],[-75.46376,10.38135],[-75.46403,10.38093],[-75.4642,10.38064],[-75.46488,10.38138],[-75.4656,10.38198],[-75.46574,10.38208],[-75.46816,10.38373],[-75.47121,10.38575],[-75.47046,10.38683],[-75.46972,10.38782],[-75.46868,10.38943],[-75.46814,10.38873],[-75.46769,10.38793],[-75.46752,10.38713],[-75.46656,10.38628]]]}},{"type":"Feature","properties":{"FID":154,"CODIGO":"1953","NOMBRE":"OLAYA ST. RAFAEL NUÑEZ","UCG":5,"LOC":"LV","ZONA":"UCG 5","Shape__Area":532201.087890625,"Shape__Length":2975.682572345422},"geometry":{"type":"Polygon","coordinates":[[[-75.49559,10.41532],[-75.49574,10.4143],[-75.49592,10.41318],[-75.49627,10.41081],[-75.49679,10.40768],[-75.49918,10.40809],[-75.50164,10.40853],[-75.50265,10.40871],[-75.50212,10.41141],[-75.50197,10.41235],[-75.50176,10.41329],[-75.50156,10.41464],[-75.50142,10.41534],[-75.50137,10.41532],[-75.50124,10.41524],[-75.50093,10.41518],[-75.50056,10.41521],[-75.5003,10.4154],[-75.49989,10.4154],[-75.49974,10.41533],[-75.49911,10.41532],[-75.49869,10.41536],[-75.49833,10.41538],[-75.49803,10.41528],[-75.49795,10.4152],[-75.49773,10.41519],[-75.49749,10.41522],[-75.49725,10.41524],[-75.497,10.41526],[-75.4968,10.41524],[-75.49664,10.41526],[-75.4965,10.41531],[-75.49636,10.41531],[-75.49628,10.41536],[-75.49615,10.41542],[-75.49577,10.4154],[-75.49559,10.41532]]]}},{"type":"Feature","properties":{"FID":155,"CODIGO":"1962","NOMBRE":"OLAYA VILLA OLIMPICA","UCG":5,"LOC":"LV","ZONA":"UCG 5","Shape__Area":287117.501953125,"Shape__Length":2504.947761159623},"geometry":{"type":"Polygon","coordinates":[[[-75.49703,10.40662],[-75.49487,10.40622],[-75.49287,10.40586],[-75.49317,10.40396],[-75.49337,10.40246],[-75.49331,10.4023],[-75.4934,10.40158],[-75.49363,10.40041],[-75.49372,10.4001],[-75.49406,10.40085],[-75.4945,10.4015],[-75.49483,10.40192],[-75.49529,10.40228],[-75.49614,10.40284],[-75.49739,10.40368],[-75.49968,10.40523],[-75.49931,10.40709],[-75.49703,10.40662]]]}},{"type":"Feature","properties":{"FID":156,"CODIGO":"1955","NOMBRE":"OLAYA ST.11 DE NOVIEMBRE","UCG":5,"LOC":"LV","ZONA":"UCG 5","Shape__Area":411088.1484375,"Shape__Length":3723.751434627645},"geometry":{"type":"Polygon","coordinates":[[[-75.49486,10.41452],[-75.49461,10.41448],[-75.49421,10.41449],[-75.49407,10.41442],[-75.49394,10.41435],[-75.49386,10.41433],[-75.49383,10.41426],[-75.49377,10.41425],[-75.4936,10.41414],[-75.49358,10.41414],[-75.49355,10.41414],[-75.49352,10.41414],[-75.49349,10.41415],[-75.49347,10.41415],[-75.49344,10.41415],[-75.49341,10.41415],[-75.49338,10.41415],[-75.49335,10.41415],[-75.49332,10.41415],[-75.4933,10.41416],[-75.49327,10.41416],[-75.49324,10.41417],[-75.49321,10.41417],[-75.49318,10.41417],[-75.49316,10.41418],[-75.49313,10.41418],[-75.4931,10.41418],[-75.49307,10.41417],[-75.49305,10.41417],[-75.49302,10.41417],[-75.49299,10.41417],[-75.49296,10.41416],[-75.49294,10.41417],[-75.49288,10.41417],[-75.49285,10.41417],[-75.49282,10.41417],[-75.4928,10.41417],[-75.49277,10.41418],[-75.49274,10.41418],[-75.49268,10.41418],[-75.49265,10.41418],[-75.49263,10.41419],[-75.4926,10.41419],[-75.49257,10.41419],[-75.49254,10.41418],[-75.49251,10.41418],[-75.49249,10.41417],[-75.49246,10.41417],[-75.49243,10.41417],[-75.49238,10.41418],[-75.49235,10.41418],[-75.49229,10.41419],[-75.49227,10.41419],[-75.49224,10.41419],[-75.49221,10.41419],[-75.49218,10.4142],[-75.49216,10.4142],[-75.49213,10.41422],[-75.4921,10.41422],[-75.49208,10.41423],[-75.49205,10.41422],[-75.49202,10.41423],[-75.49205,10.41403],[-75.49215,10.41367],[-75.49228,10.41335],[-75.49228,10.41335],[-75.49228,10.41334],[-75.49239,10.4131],[-75.49243,10.41287],[-75.49245,10.4126],[-75.49251,10.41222],[-75.49277,10.41104],[-75.49292,10.41032],[-75.49327,10.40864],[-75.49337,10.40816],[-75.4934,10.40808],[-75.49343,10.40799],[-75.49362,10.40713],[-75.49357,10.40712],[-75.49235,10.40688],[-75.49181,10.40677],[-75.49201,10.4057],[-75.49287,10.40586],[-75.49487,10.40622],[-75.49703,10.40662],[-75.49931,10.40709],[-75.49938,10.4071],[-75.49918,10.40809],[-75.49679,10.40768],[-75.49627,10.41081],[-75.49592,10.41318],[-75.49574,10.4143],[-75.49559,10.41532],[-75.49544,10.41521],[-75.49524,10.41509],[-75.49524,10.41485],[-75.49489,10.4148],[-75.49486,10.41452]]]}},{"type":"Feature","properties":{"FID":157,"CODIGO":"1956","NOMBRE":"OLAYA ST. RICAURTE","UCG":5,"LOC":"LV","ZONA":"UCG 5","Shape__Area":468137.873046875,"Shape__Length":3036.3273830837365},"geometry":{"type":"Polygon","coordinates":[[[-75.48788,10.41482],[-75.48801,10.41309],[-75.48806,10.41196],[-75.48835,10.4099],[-75.48848,10.40926],[-75.48846,10.40895],[-75.48883,10.40726],[-75.48881,10.40661],[-75.48851,10.40605],[-75.48976,10.40637],[-75.48996,10.4064],[-75.49145,10.40669],[-75.49181,10.40677],[-75.49235,10.40688],[-75.49357,10.40712],[-75.49362,10.40713],[-75.49343,10.40799],[-75.4934,10.40808],[-75.49337,10.40816],[-75.49327,10.40864],[-75.49292,10.41032],[-75.49277,10.41104],[-75.49251,10.41222],[-75.49245,10.4126],[-75.49243,10.41287],[-75.49239,10.4131],[-75.49228,10.41334],[-75.49228,10.41335],[-75.49228,10.41335],[-75.49215,10.41367],[-75.49205,10.41403],[-75.49202,10.41423],[-75.492,10.41424],[-75.49197,10.41426],[-75.49192,10.41427],[-75.49189,10.41428],[-75.49187,10.41429],[-75.49184,10.41429],[-75.49181,10.4143],[-75.49178,10.4143],[-75.49173,10.41432],[-75.4917,10.41433],[-75.49167,10.41434],[-75.49165,10.41435],[-75.49162,10.41436],[-75.49159,10.41437],[-75.49157,10.41438],[-75.49155,10.4144],[-75.49154,10.41443],[-75.49152,10.41442],[-75.49152,10.4144],[-75.49151,10.41437],[-75.49149,10.41435],[-75.49148,10.41433],[-75.49145,10.41431],[-75.49142,10.41431],[-75.4914,10.41431],[-75.49137,10.41432],[-75.49137,10.41435],[-75.49139,10.41437],[-75.4914,10.41439],[-75.49141,10.41442],[-75.49138,10.41443],[-75.49135,10.41443],[-75.49133,10.41443],[-75.4913,10.41443],[-75.49127,10.41443],[-75.49125,10.41445],[-75.49122,10.41446],[-75.49119,10.41446],[-75.49114,10.41445],[-75.49111,10.41444],[-75.49108,10.41444],[-75.49106,10.41445],[-75.49103,10.41446],[-75.491,10.41447],[-75.49097,10.41447],[-75.49095,10.41447],[-75.49092,10.41446],[-75.49089,10.41445],[-75.49087,10.41445],[-75.49084,10.41445],[-75.49081,10.41445],[-75.49079,10.41446],[-75.49076,10.41448],[-75.49073,10.41447],[-75.49071,10.41446],[-75.49068,10.41445],[-75.49065,10.41445],[-75.49062,10.41445],[-75.4906,10.41446],[-75.49057,10.41447],[-75.49055,10.41449],[-75.49052,10.41449],[-75.4905,10.41449],[-75.49047,10.4145],[-75.49044,10.4145],[-75.49041,10.4145],[-75.49038,10.4145],[-75.49036,10.4145],[-75.49033,10.41451],[-75.49024,10.41453],[-75.49022,10.41454],[-75.49019,10.41454],[-75.49017,10.41455],[-75.49011,10.41456],[-75.49008,10.41456],[-75.49005,10.41457],[-75.49003,10.41457],[-75.49,10.41458],[-75.48997,10.41458],[-75.48997,10.41458],[-75.48993,10.41461],[-75.48987,10.41465],[-75.48916,10.41507],[-75.48863,10.41547],[-75.48849,10.41553],[-75.4885,10.41554],[-75.48852,10.41555],[-75.48851,10.41557],[-75.48848,10.41557],[-75.48846,10.41557],[-75.48843,10.41558],[-75.48841,10.41559],[-75.48839,10.41559],[-75.48836,10.4156],[-75.48834,10.41562],[-75.48832,10.41563],[-75.48829,10.41564],[-75.48827,10.41565],[-75.48825,10.41565],[-75.48822,10.41566],[-75.4882,10.41567],[-75.48817,10.41566],[-75.48815,10.41566],[-75.48812,10.41565],[-75.48809,10.41564],[-75.48808,10.41562],[-75.48806,10.4156],[-75.48798,10.41558],[-75.48798,10.41555],[-75.48788,10.41482]]]}},{"type":"Feature","properties":{"FID":158,"CODIGO":"1954","NOMBRE":"OLAYA ST. CENTRAL","UCG":5,"LOC":"LV","ZONA":"UCG 5","Shape__Area":535217.474609375,"Shape__Length":3462.9753672285196},"geometry":{"type":"Polygon","coordinates":[[[-75.48543,10.41473],[-75.48312,10.41484],[-75.48311,10.41346],[-75.48307,10.41317],[-75.48351,10.41284],[-75.4838,10.41236],[-75.48385,10.4122],[-75.48377,10.41224],[-75.48365,10.41221],[-75.48351,10.41221],[-75.48334,10.41218],[-75.48335,10.41204],[-75.48388,10.40929],[-75.48396,10.40859],[-75.48407,10.40785],[-75.48421,10.40708],[-75.48427,10.407],[-75.48436,10.4061],[-75.48436,10.40605],[-75.4848,10.40602],[-75.48598,10.40538],[-75.48656,10.40555],[-75.48727,10.40574],[-75.48831,10.406],[-75.48851,10.40605],[-75.48881,10.40661],[-75.48883,10.40726],[-75.48846,10.40895],[-75.48848,10.40926],[-75.48835,10.4099],[-75.48806,10.41196],[-75.48801,10.41309],[-75.48788,10.41482],[-75.48798,10.41555],[-75.48798,10.41558],[-75.48798,10.4156],[-75.48797,10.41563],[-75.48797,10.41565],[-75.48797,10.41567],[-75.48797,10.4157],[-75.48797,10.41573],[-75.48797,10.41576],[-75.48796,10.41579],[-75.48796,10.41581],[-75.48795,10.41584],[-75.48795,10.41587],[-75.48796,10.41589],[-75.48796,10.41592],[-75.48796,10.41595],[-75.48797,10.41597],[-75.48798,10.416],[-75.48799,10.41602],[-75.488,10.41605],[-75.488,10.41607],[-75.48801,10.4161],[-75.48801,10.41612],[-75.48787,10.41613],[-75.48786,10.4161],[-75.48784,10.41608],[-75.48783,10.41605],[-75.48782,10.41603],[-75.48781,10.41601],[-75.4878,10.41598],[-75.48779,10.41595],[-75.48779,10.41593],[-75.48778,10.4159],[-75.48777,10.41587],[-75.48776,10.41585],[-75.48776,10.41582],[-75.48776,10.41579],[-75.48775,10.41577],[-75.48775,10.41574],[-75.48775,10.41572],[-75.48774,10.4157],[-75.48772,10.41568],[-75.4877,10.41567],[-75.48767,10.41567],[-75.48764,10.41566],[-75.48762,10.41566],[-75.48758,10.41566],[-75.48753,10.41566],[-75.48751,10.41566],[-75.48748,10.41566],[-75.48746,10.41566],[-75.48743,10.41567],[-75.48739,10.41564],[-75.48739,10.41562],[-75.4874,10.41559],[-75.48741,10.41556],[-75.48743,10.41555],[-75.48746,10.41555],[-75.48751,10.41556],[-75.48754,10.41556],[-75.48759,10.41555],[-75.48762,10.41554],[-75.48764,10.41552],[-75.48765,10.4155],[-75.48764,10.41547],[-75.48763,10.41544],[-75.48764,10.41542],[-75.48764,10.41539],[-75.48763,10.41537],[-75.48761,10.41534],[-75.48758,10.41534],[-75.48756,10.41534],[-75.48753,10.41535],[-75.4875,10.41533],[-75.48749,10.41531],[-75.48747,10.41529],[-75.48745,10.41527],[-75.48744,10.41525],[-75.48742,10.41523],[-75.48741,10.41521],[-75.48736,10.4152],[-75.48705,10.41516],[-75.48691,10.41497],[-75.48689,10.41496],[-75.48686,10.41495],[-75.48684,10.41494],[-75.48681,10.41493],[-75.48679,10.41493],[-75.48676,10.41493],[-75.48674,10.41492],[-75.48672,10.41493],[-75.48669,10.41493],[-75.48666,10.41493],[-75.48664,10.41493],[-75.48661,10.41493],[-75.48659,10.41493],[-75.48656,10.41492],[-75.48654,10.41492],[-75.48651,10.41491],[-75.48649,10.41491],[-75.48646,10.4149],[-75.48643,10.41489],[-75.48641,10.41488],[-75.48638,10.41488],[-75.48636,10.41487],[-75.48631,10.41486],[-75.48628,10.41485],[-75.48626,10.41486],[-75.48622,10.41489],[-75.48619,10.4149],[-75.48616,10.4149],[-75.48614,10.4149],[-75.48611,10.41489],[-75.48608,10.41488],[-75.48606,10.41488],[-75.48603,10.41488],[-75.486,10.41488],[-75.48597,10.41489],[-75.48594,10.4149],[-75.48592,10.4149],[-75.48589,10.41491],[-75.48587,10.41491],[-75.48584,10.41492],[-75.48581,10.41492],[-75.48579,10.41493],[-75.48576,10.41493],[-75.48574,10.41493],[-75.48571,10.41494],[-75.48569,10.41494],[-75.48566,10.41495],[-75.48563,10.41495],[-75.48561,10.41496],[-75.48558,10.41496],[-75.48556,10.41497],[-75.48553,10.41498],[-75.48551,10.41498],[-75.48548,10.41498],[-75.48545,10.41498],[-75.48543,10.41497],[-75.48541,10.41495],[-75.4854,10.41493],[-75.48539,10.4149],[-75.4854,10.41488],[-75.4854,10.41485],[-75.48542,10.41481],[-75.48543,10.41478],[-75.48543,10.41476],[-75.48543,10.41473]]]}},{"type":"Feature","properties":{"FID":159,"CODIGO":"1957","NOMBRE":"OLAYA ST. LA MAGDALENA","UCG":6,"LOC":"LV","ZONA":"UCG 6","Shape__Area":89358.4853515625,"Shape__Length":1555.1425432862786},"geometry":{"type":"Polygon","coordinates":[[[-75.47748,10.40699],[-75.47704,10.40679],[-75.47689,10.40716],[-75.47664,10.40708],[-75.47662,10.40672],[-75.47651,10.40616],[-75.4764,10.4059],[-75.47597,10.40531],[-75.475,10.40405],[-75.47486,10.40278],[-75.47508,10.40295],[-75.47593,10.4034],[-75.47598,10.40343],[-75.47628,10.40353],[-75.4766,10.40365],[-75.47721,10.40387],[-75.47697,10.40443],[-75.47837,10.40503],[-75.47828,10.40515],[-75.47839,10.40522],[-75.47818,10.40565],[-75.47803,10.40601],[-75.47824,10.40611],[-75.47805,10.4065],[-75.47822,10.40662],[-75.47783,10.40721],[-75.47748,10.40699]]]}},{"type":"Feature","properties":{"FID":160,"CODIGO":"1959","NOMBRE":"OLAYA ST. LA PUNTILLA","UCG":6,"LOC":"LV","ZONA":"UCG 6","Shape__Area":41964.630859375,"Shape__Length":1310.4585676857796},"geometry":{"type":"Polygon","coordinates":[[[-75.48108,10.4065],[-75.48113,10.40651],[-75.48103,10.40723],[-75.48051,10.41025],[-75.48038,10.4108],[-75.4804,10.41042],[-75.48033,10.41052],[-75.48024,10.4107],[-75.48013,10.41082],[-75.48006,10.41089],[-75.47991,10.41094],[-75.47981,10.41094],[-75.47976,10.41083],[-75.47972,10.41047],[-75.47972,10.41021],[-75.47975,10.40996],[-75.47964,10.41001],[-75.47951,10.41013],[-75.47949,10.41014],[-75.47946,10.41019],[-75.47943,10.41022],[-75.47941,10.41023],[-75.47938,10.41023],[-75.47937,10.4102],[-75.47938,10.41018],[-75.47938,10.41015],[-75.47937,10.41014],[-75.47934,10.41015],[-75.47932,10.41016],[-75.4793,10.41015],[-75.47973,10.40913],[-75.4803,10.4078],[-75.48046,10.40731],[-75.48072,10.40651],[-75.48074,10.40644],[-75.48108,10.4065]]]}},{"type":"Feature","properties":{"FID":161,"CODIGO":"1958","NOMBRE":"OLAYA ST. PROGRESO","UCG":6,"LOC":"LV","ZONA":"UCG 6","Shape__Area":203370.146484375,"Shape__Length":2313.771235631235},"geometry":{"type":"Polygon","coordinates":[[[-75.48232,10.4109],[-75.48222,10.4112],[-75.48198,10.41112],[-75.48199,10.41091],[-75.48197,10.4109],[-75.48196,10.41087],[-75.48194,10.41086],[-75.48193,10.41084],[-75.4819,10.41088],[-75.48175,10.41091],[-75.48157,10.41091],[-75.48143,10.41089],[-75.48132,10.41079],[-75.48128,10.41065],[-75.48129,10.41052],[-75.48133,10.41035],[-75.48136,10.41027],[-75.48137,10.41021],[-75.48137,10.41021],[-75.48137,10.41021],[-75.48134,10.41021],[-75.48131,10.41022],[-75.48129,10.41021],[-75.48111,10.41025],[-75.48106,10.41027],[-75.481,10.41031],[-75.48092,10.41031],[-75.48091,10.41032],[-75.4809,10.41035],[-75.48089,10.41037],[-75.48087,10.41039],[-75.48085,10.41041],[-75.48083,10.41042],[-75.48081,10.41044],[-75.48078,10.41047],[-75.48075,10.41048],[-75.48073,10.4105],[-75.4807,10.41051],[-75.48067,10.41051],[-75.48065,10.41052],[-75.48063,10.4107],[-75.48056,10.41103],[-75.48042,10.41101],[-75.48043,10.41086],[-75.48038,10.4108],[-75.48051,10.41025],[-75.48103,10.40723],[-75.48113,10.40651],[-75.48118,10.40611],[-75.48264,10.40612],[-75.48308,10.40611],[-75.48329,10.4061],[-75.48436,10.40605],[-75.48436,10.4061],[-75.48427,10.407],[-75.48421,10.40708],[-75.48407,10.40785],[-75.48396,10.40859],[-75.48388,10.40929],[-75.48335,10.41204],[-75.48327,10.41218],[-75.48319,10.41221],[-75.48312,10.41216],[-75.48303,10.41219],[-75.48301,10.41233],[-75.48295,10.41241],[-75.48274,10.41237],[-75.48266,10.41228],[-75.48269,10.4121],[-75.48268,10.41194],[-75.48266,10.41179],[-75.48267,10.41165],[-75.48266,10.41153],[-75.48266,10.41142],[-75.48262,10.41135],[-75.48252,10.41126],[-75.48245,10.4112],[-75.4824,10.41112],[-75.48237,10.41096],[-75.48238,10.41085],[-75.48238,10.41084],[-75.48238,10.41085],[-75.48236,10.41087],[-75.48234,10.41088],[-75.48232,10.4109]]]}},{"type":"Feature","properties":{"FID":162,"CODIGO":"1970","NOMBRE":"OLAYA ST. STELLA","UCG":6,"LOC":"LV","ZONA":"UCG 6","Shape__Area":144788.6494140625,"Shape__Length":1962.7877395106868},"geometry":{"type":"Polygon","coordinates":[[[-75.47895,10.40469],[-75.47877,10.40453],[-75.48003,10.40348],[-75.48058,10.40306],[-75.48091,10.40348],[-75.48122,10.40388],[-75.48126,10.40391],[-75.48178,10.40455],[-75.4818,10.40459],[-75.48208,10.40441],[-75.4827,10.40403],[-75.48352,10.40356],[-75.48358,10.40352],[-75.48408,10.40458],[-75.48412,10.40468],[-75.48423,10.40479],[-75.48445,10.40496],[-75.48502,10.40513],[-75.48598,10.40538],[-75.4848,10.40602],[-75.48436,10.40605],[-75.48329,10.4061],[-75.48308,10.40611],[-75.48264,10.40612],[-75.48118,10.40611],[-75.48103,10.40609],[-75.48062,10.40596],[-75.48042,10.40586],[-75.47895,10.40469]]]}},{"type":"Feature","properties":{"FID":163,"CODIGO":"1961","NOMBRE":"OLAYA ST. ZARABANDA","UCG":6,"LOC":"LV","ZONA":"UCG 6","Shape__Area":75686.69921875,"Shape__Length":1408.1694671550779},"geometry":{"type":"Polygon","coordinates":[[[-75.47657,10.4074],[-75.47664,10.40708],[-75.47689,10.40716],[-75.47721,10.40759],[-75.47762,10.40827],[-75.47785,10.40843],[-75.47763,10.40884],[-75.47747,10.40909],[-75.47775,10.40927],[-75.47827,10.40961],[-75.47816,10.41],[-75.47809,10.41029],[-75.47804,10.41064],[-75.47784,10.41071],[-75.47733,10.41075],[-75.47692,10.41091],[-75.47658,10.41091],[-75.47648,10.4111],[-75.47616,10.41124],[-75.476,10.41154],[-75.47587,10.41172],[-75.47563,10.41189],[-75.47572,10.41179],[-75.47612,10.40897],[-75.47627,10.40862],[-75.47657,10.4074]]]}},{"type":"Feature","properties":{"FID":164,"CODIGO":"8870","NOMBRE":"VILLA HERMOSA","UCG":14,"LOC":"LI","ZONA":"UCG 14","Shape__Area":416922.83984375,"Shape__Length":3221.490636230316},"geometry":{"type":"Polygon","coordinates":[[[-75.48485,10.35798],[-75.48451,10.35852],[-75.48387,10.35918],[-75.48364,10.35899],[-75.48332,10.35941],[-75.48279,10.35998],[-75.48257,10.35974],[-75.48255,10.35962],[-75.48203,10.35914],[-75.48185,10.35898],[-75.48061,10.35784],[-75.48112,10.35724],[-75.4817,10.35655],[-75.48257,10.35559],[-75.48478,10.35301],[-75.48746,10.35015],[-75.4885,10.34893],[-75.48882,10.34949],[-75.48873,10.34978],[-75.48872,10.35314],[-75.48729,10.35482],[-75.48595,10.35656],[-75.48485,10.35798]]]}},{"type":"Feature","properties":{"FID":165,"CODIGO":"5750","NOMBRE":"MAMONAL","UCG":11,"LOC":"LI","ZONA":"UCG 11","Shape__Area":1366278.3466796875,"Shape__Length":6320.3537994625085},"geometry":{"type":"Polygon","coordinates":[[[-75.50237,10.37327],[-75.50237,10.3733],[-75.50269,10.37331],[-75.50284,10.37335],[-75.50457,10.37357],[-75.5049,10.37363],[-75.50501,10.37362],[-75.50558,10.37217],[-75.50588,10.37126],[-75.50599,10.37098],[-75.5092,10.37234],[-75.50923,10.37237],[-75.50926,10.37239],[-75.5093,10.37241],[-75.50934,10.37243],[-75.50938,10.37245],[-75.50939,10.37248],[-75.50941,10.37252],[-75.50942,10.37256],[-75.50943,10.37261],[-75.50944,10.37264],[-75.50945,10.37266],[-75.50948,10.3727],[-75.50949,10.37272],[-75.50952,10.37275],[-75.50953,10.37277],[-75.50949,10.37279],[-75.50949,10.37282],[-75.5095,10.37285],[-75.50951,10.37289],[-75.50952,10.37292],[-75.50953,10.37295],[-75.50953,10.37297],[-75.50954,10.373],[-75.50954,10.37303],[-75.50955,10.37306],[-75.50956,10.37309],[-75.50957,10.37314],[-75.50957,10.37317],[-75.50958,10.37319],[-75.5096,10.37324],[-75.5096,10.37327],[-75.50962,10.37332],[-75.50963,10.37335],[-75.50964,10.37343],[-75.50965,10.37348],[-75.50966,10.37353],[-75.50967,10.37355],[-75.50968,10.37358],[-75.50968,10.37359],[-75.5097,10.37363],[-75.50972,10.37365],[-75.50974,10.37368],[-75.50976,10.37371],[-75.50979,10.37375],[-75.5098,10.37378],[-75.50981,10.37382],[-75.50982,10.37385],[-75.50982,10.37388],[-75.50982,10.3739],[-75.50983,10.37394],[-75.50984,10.37397],[-75.50985,10.374],[-75.50986,10.37404],[-75.50988,10.37407],[-75.50989,10.3741],[-75.50988,10.37413],[-75.50986,10.37416],[-75.50983,10.37417],[-75.50979,10.37416],[-75.50976,10.37416],[-75.50973,10.37416],[-75.5097,10.37416],[-75.50965,10.37416],[-75.50961,10.37416],[-75.50957,10.37417],[-75.50953,10.37418],[-75.5095,10.3742],[-75.50947,10.37422],[-75.50944,10.37425],[-75.50941,10.37428],[-75.5094,10.37429],[-75.50937,10.37433],[-75.50935,10.37435],[-75.50932,10.37438],[-75.50929,10.3744],[-75.50927,10.37442],[-75.50924,10.37444],[-75.50921,10.37446],[-75.50922,10.37452],[-75.50925,10.37453],[-75.50929,10.37456],[-75.50933,10.37459],[-75.50935,10.3746],[-75.50938,10.37461],[-75.5094,10.37462],[-75.50943,10.37465],[-75.50945,10.37466],[-75.50947,10.37468],[-75.50951,10.37471],[-75.50952,10.37474],[-75.50954,10.37477],[-75.50954,10.37479],[-75.50955,10.37482],[-75.50956,10.37485],[-75.50957,10.37487],[-75.50959,10.3749],[-75.5096,10.37494],[-75.50962,10.37497],[-75.50963,10.375],[-75.50964,10.37502],[-75.50965,10.37506],[-75.50966,10.3751],[-75.50968,10.37514],[-75.50969,10.37517],[-75.50969,10.3752],[-75.50971,10.37525],[-75.50972,10.3753],[-75.50973,10.37533],[-75.50974,10.37535],[-75.50975,10.37539],[-75.50976,10.37541],[-75.50977,10.37544],[-75.50978,10.37546],[-75.50979,10.37549],[-75.5098,10.37553],[-75.50982,10.37556],[-75.50985,10.37563],[-75.50986,10.37566],[-75.50987,10.37569],[-75.50989,10.37572],[-75.5099,10.37576],[-75.50991,10.37579],[-75.50992,10.37582],[-75.50994,10.37584],[-75.50995,10.37588],[-75.50996,10.37591],[-75.50998,10.37598],[-75.50999,10.37602],[-75.51,10.37605],[-75.51002,10.3761],[-75.51003,10.37613],[-75.51004,10.37615],[-75.51005,10.37618],[-75.51007,10.37622],[-75.51008,10.37625],[-75.51009,10.37629],[-75.5101,10.37632],[-75.51011,10.37635],[-75.51013,10.37639],[-75.51015,10.37643],[-75.51017,10.37647],[-75.51018,10.37649],[-75.51019,10.37653],[-75.5102,10.37655],[-75.51022,10.3766],[-75.51023,10.37663],[-75.51024,10.37666],[-75.51025,10.37668],[-75.51026,10.37672],[-75.51028,10.37676],[-75.5103,10.37683],[-75.51031,10.37686],[-75.51031,10.37687],[-75.51033,10.37691],[-75.51034,10.37696],[-75.51035,10.37699],[-75.51036,10.37702],[-75.51038,10.37707],[-75.51038,10.37709],[-75.51041,10.37714],[-75.51043,10.37718],[-75.51045,10.37724],[-75.51047,10.37728],[-75.51048,10.37731],[-75.51049,10.37734],[-75.51051,10.3774],[-75.51052,10.37743],[-75.51053,10.37748],[-75.51055,10.37751],[-75.51056,10.37755],[-75.51058,10.3776],[-75.51059,10.37763],[-75.51061,10.37767],[-75.51064,10.37773],[-75.51065,10.37777],[-75.51067,10.3778],[-75.51068,10.37784],[-75.51069,10.37787],[-75.51071,10.37792],[-75.51071,10.37794],[-75.51072,10.37797],[-75.51073,10.378],[-75.51075,10.37804],[-75.51077,10.37808],[-75.51078,10.37811],[-75.5108,10.37813],[-75.5108,10.37814],[-75.51082,10.37818],[-75.51083,10.37822],[-75.51083,10.37826],[-75.51083,10.37829],[-75.51082,10.37834],[-75.51076,10.37838],[-75.51074,10.37839],[-75.51071,10.3784],[-75.51068,10.37841],[-75.51065,10.37843],[-75.51062,10.37844],[-75.51059,10.37846],[-75.51055,10.37847],[-75.51051,10.37849],[-75.51047,10.3785],[-75.51044,10.37851],[-75.51042,10.37851],[-75.51039,10.37853],[-75.51035,10.37854],[-75.51027,10.37857],[-75.51024,10.37858],[-75.51021,10.37859],[-75.51019,10.3786],[-75.51016,10.37861],[-75.51013,10.37862],[-75.5101,10.37863],[-75.51004,10.37864],[-75.51002,10.37865],[-75.51,10.37865],[-75.50997,10.37866],[-75.50994,10.37867],[-75.5099,10.3787],[-75.5099,10.37873],[-75.5099,10.37876],[-75.50989,10.37879],[-75.50989,10.37882],[-75.50988,10.37887],[-75.50987,10.37889],[-75.50986,10.37894],[-75.50986,10.37898],[-75.50985,10.37902],[-75.50985,10.37907],[-75.50985,10.3791],[-75.50985,10.37912],[-75.50985,10.37915],[-75.50985,10.3792],[-75.50985,10.37922],[-75.50987,10.37929],[-75.5099,10.3794],[-75.50991,10.37944],[-75.50993,10.37947],[-75.50994,10.3795],[-75.50999,10.37959],[-75.51001,10.37963],[-75.51002,10.37967],[-75.51003,10.37969],[-75.51003,10.37972],[-75.51005,10.37976],[-75.51006,10.3798],[-75.51008,10.37983],[-75.51009,10.37986],[-75.5101,10.37989],[-75.51012,10.37992],[-75.51013,10.37994],[-75.51013,10.37996],[-75.51017,10.38001],[-75.51013,10.3802],[-75.51033,10.38047],[-75.51046,10.38052],[-75.5107,10.38054],[-75.511,10.38055],[-75.51143,10.38068],[-75.51162,10.38084],[-75.51155,10.38095],[-75.51173,10.38098],[-75.51191,10.38086],[-75.51191,10.38105],[-75.51202,10.38115],[-75.51221,10.38147],[-75.51239,10.38174],[-75.51258,10.38193],[-75.51266,10.38228],[-75.51285,10.38242],[-75.51314,10.38271],[-75.51312,10.38276],[-75.51311,10.38277],[-75.5131,10.3828],[-75.51309,10.38284],[-75.51308,10.38286],[-75.51308,10.38288],[-75.51307,10.38293],[-75.51306,10.38295],[-75.51313,10.38307],[-75.51315,10.38307],[-75.51318,10.38306],[-75.5132,10.38306],[-75.51326,10.38306],[-75.51327,10.38312],[-75.51327,10.38348],[-75.51327,10.384],[-75.51319,10.38554],[-75.51189,10.38543],[-75.51159,10.38588],[-75.51101,10.38545],[-75.51075,10.38561],[-75.51029,10.38667],[-75.50671,10.38494],[-75.50639,10.38479],[-75.50616,10.38428],[-75.50584,10.38361],[-75.50566,10.38289],[-75.50582,10.38171],[-75.5038,10.38141],[-75.5033,10.38249],[-75.50172,10.38179],[-75.50246,10.38007],[-75.50317,10.37852],[-75.49977,10.377],[-75.49988,10.37676],[-75.50006,10.3758],[-75.50064,10.37605],[-75.5007,10.37578],[-75.50073,10.37549],[-75.50073,10.37541],[-75.50075,10.37521],[-75.50076,10.375],[-75.50077,10.37496],[-75.50128,10.375],[-75.50148,10.37328],[-75.50224,10.37332],[-75.50227,10.37324],[-75.50237,10.37327]]]}},{"type":"Feature","properties":{"FID":166,"CODIGO":"1960","NOMBRE":"OLAYA ST. PLAYA BLANCA","UCG":6,"LOC":"LV","ZONA":"UCG 6","Shape__Area":171727.2275390625,"Shape__Length":2424.1428639784344},"geometry":{"type":"Polygon","coordinates":[[[-75.47747,10.40909],[-75.47763,10.40884],[-75.47785,10.40843],[-75.47762,10.40827],[-75.47721,10.40759],[-75.47689,10.40716],[-75.47704,10.40679],[-75.47748,10.40699],[-75.47783,10.40721],[-75.47822,10.40662],[-75.47805,10.4065],[-75.47824,10.40611],[-75.47803,10.40601],[-75.47818,10.40565],[-75.47839,10.40522],[-75.47828,10.40515],[-75.47837,10.40503],[-75.47697,10.40443],[-75.47721,10.40387],[-75.47788,10.40408],[-75.47836,10.40428],[-75.47877,10.40453],[-75.47895,10.40469],[-75.48042,10.40586],[-75.48062,10.40596],[-75.48103,10.40609],[-75.48118,10.40611],[-75.48113,10.40651],[-75.48108,10.4065],[-75.48074,10.40644],[-75.48072,10.40651],[-75.48072,10.40651],[-75.48046,10.40731],[-75.4803,10.4078],[-75.47973,10.40913],[-75.4793,10.41015],[-75.47929,10.41012],[-75.47927,10.41014],[-75.47925,10.41024],[-75.47919,10.41047],[-75.47899,10.41046],[-75.47877,10.41067],[-75.4785,10.41061],[-75.47826,10.41062],[-75.47804,10.41064],[-75.47809,10.41029],[-75.47816,10.41],[-75.47827,10.40961],[-75.47775,10.40927],[-75.47747,10.40909]]]}},{"type":"Feature","properties":{"FID":167,"CODIGO":"8960","NOMBRE":"CIUDADELA 2000","UCG":14,"LOC":"LI","ZONA":"UCG 14","Shape__Area":150494.6494140625,"Shape__Length":1740.7021681891197},"geometry":{"type":"Polygon","coordinates":[[[-75.47313,10.36961],[-75.47331,10.36974],[-75.47359,10.36994],[-75.47452,10.37057],[-75.47376,10.37142],[-75.47297,10.37254],[-75.47248,10.37332],[-75.4719,10.37412],[-75.47181,10.37429],[-75.47169,10.37422],[-75.47148,10.37472],[-75.47075,10.37443],[-75.47099,10.37384],[-75.46934,10.37263],[-75.46925,10.37238],[-75.47119,10.37081],[-75.4718,10.37051],[-75.47313,10.36961]]]}},{"type":"Feature","properties":{"FID":168,"CODIGO":"8100","NOMBRE":"PROVIDENCIA","UCG":13,"LOC":"LI","ZONA":"UCG 13","Shape__Area":651720.818359375,"Shape__Length":3969.6072634357074},"geometry":{"type":"Polygon","coordinates":[[[-75.46902,10.39547],[-75.46898,10.39541],[-75.46837,10.39596],[-75.46758,10.39668],[-75.46748,10.39658],[-75.46641,10.39755],[-75.46639,10.39751],[-75.46652,10.39575],[-75.46495,10.39538],[-75.46465,10.39401],[-75.46617,10.39251],[-75.46769,10.39106],[-75.46871,10.39197],[-75.46976,10.39075],[-75.47068,10.39095],[-75.47177,10.39114],[-75.47406,10.39156],[-75.47436,10.39174],[-75.47492,10.39222],[-75.47526,10.39258],[-75.47563,10.3931],[-75.47612,10.39428],[-75.47637,10.39463],[-75.47634,10.39465],[-75.47545,10.39514],[-75.4754,10.39516],[-75.47498,10.3955],[-75.4745,10.39552],[-75.47425,10.39555],[-75.47411,10.39563],[-75.47393,10.39591],[-75.47359,10.39554],[-75.47329,10.39584],[-75.47389,10.39648],[-75.47389,10.39701],[-75.47385,10.39714],[-75.47374,10.39719],[-75.4725,10.3977],[-75.47155,10.3981],[-75.47107,10.39733],[-75.46902,10.39547]]]}},{"type":"Feature","properties":{"FID":169,"CODIGO":"8110","NOMBRE":"LA CAROLINA","UCG":13,"LOC":"LI","ZONA":"UCG 13","Shape__Area":368203.0146484375,"Shape__Length":3252.9011310122883},"geometry":{"type":"Polygon","coordinates":[[[-75.46639,10.39751],[-75.46641,10.39755],[-75.46748,10.39658],[-75.46758,10.39668],[-75.46769,10.39679],[-75.47005,10.39873],[-75.46964,10.3989],[-75.46779,10.39969],[-75.467,10.40006],[-75.46687,10.40014],[-75.4662,10.40054],[-75.46572,10.40082],[-75.46553,10.3988],[-75.46269,10.39763],[-75.45984,10.39651],[-75.4615,10.39317],[-75.46495,10.39538],[-75.46652,10.39575],[-75.46639,10.39751]]]}},{"type":"Feature","properties":{"FID":170,"CODIGO":"1700","NOMBRE":"MANGA","UCG":1,"LOC":"LH","ZONA":"UCG 1","Shape__Area":1893225.52734375,"Shape__Length":10262.738683074167},"geometry":{"type":"Polygon","coordinates":[[[-75.53969,10.41866],[-75.53962,10.41864],[-75.53952,10.41868],[-75.53952,10.41871],[-75.53942,10.41873],[-75.53938,10.41871],[-75.53929,10.41871],[-75.53921,10.41873],[-75.53916,10.41878],[-75.53912,10.41875],[-75.53907,10.41874],[-75.53901,10.41871],[-75.53894,10.41873],[-75.53883,10.41873],[-75.53871,10.4187],[-75.53859,10.41855],[-75.53862,10.41849],[-75.5388,10.41832],[-75.53882,10.41822],[-75.53883,10.4182],[-75.53888,10.41814],[-75.5389,10.41813],[-75.53899,10.41802],[-75.53898,10.418],[-75.53861,10.41787],[-75.53837,10.41781],[-75.53792,10.41778],[-75.53788,10.41777],[-75.5377,10.41767],[-75.53747,10.41759],[-75.53716,10.4176],[-75.53699,10.41753],[-75.53703,10.41743],[-75.53702,10.4174],[-75.53701,10.41739],[-75.53692,10.41729],[-75.53653,10.41739],[-75.5363,10.41736],[-75.53624,10.41731],[-75.53625,10.41728],[-75.53619,10.41708],[-75.53596,10.41694],[-75.53579,10.41686],[-75.53568,10.41688],[-75.53555,10.41688],[-75.53515,10.41656],[-75.53503,10.41645],[-75.53494,10.41648],[-75.53489,10.41653],[-75.53478,10.41653],[-75.53467,10.41647],[-75.53456,10.41632],[-75.53444,10.41625],[-75.53422,10.41611],[-75.53408,10.41595],[-75.53399,10.41589],[-75.53388,10.41576],[-75.53368,10.41575],[-75.53353,10.41576],[-75.5334,10.41572],[-75.53323,10.41543],[-75.53315,10.41529],[-75.53252,10.41469],[-75.53229,10.41463],[-75.53222,10.41458],[-75.53219,10.41455],[-75.53215,10.41452],[-75.53196,10.41427],[-75.53192,10.41422],[-75.5318,10.41413],[-75.5317,10.414],[-75.53142,10.41373],[-75.53129,10.41365],[-75.53111,10.41344],[-75.53103,10.41336],[-75.53105,10.41319],[-75.53084,10.41176],[-75.53092,10.41177],[-75.53098,10.41173],[-75.53102,10.41161],[-75.53087,10.41105],[-75.5308,10.41109],[-75.53089,10.41148],[-75.53086,10.41155],[-75.53072,10.4116],[-75.53048,10.41152],[-75.53039,10.41141],[-75.53069,10.41109],[-75.53061,10.41088],[-75.53064,10.41078],[-75.5309,10.41066],[-75.53093,10.41065],[-75.53106,10.41071],[-75.53108,10.41073],[-75.53111,10.41078],[-75.53113,10.41085],[-75.53111,10.41102],[-75.5313,10.41147],[-75.53125,10.41178],[-75.5313,10.41191],[-75.53165,10.41178],[-75.53166,10.41167],[-75.53161,10.41136],[-75.53167,10.41116],[-75.532,10.41101],[-75.532,10.41084],[-75.53204,10.4107],[-75.5319,10.41031],[-75.53186,10.41028],[-75.53182,10.41026],[-75.5317,10.41031],[-75.53166,10.41032],[-75.53151,10.41023],[-75.53133,10.4103],[-75.53127,10.4105],[-75.53056,10.41073],[-75.53036,10.41049],[-75.53027,10.41003],[-75.53009,10.41009],[-75.52984,10.41027],[-75.5298,10.41042],[-75.53015,10.41099],[-75.53017,10.41114],[-75.52998,10.41163],[-75.53009,10.41208],[-75.52998,10.41221],[-75.52993,10.41222],[-75.52935,10.41198],[-75.52919,10.41196],[-75.52915,10.41195],[-75.52887,10.41192],[-75.52873,10.41193],[-75.52869,10.41192],[-75.52791,10.41184],[-75.52753,10.41176],[-75.52729,10.41165],[-75.52665,10.41096],[-75.52659,10.41082],[-75.52741,10.40995],[-75.52714,10.40985],[-75.527,10.40967],[-75.52699,10.40965],[-75.52682,10.4094],[-75.52681,10.40937],[-75.5268,10.40934],[-75.52685,10.40914],[-75.52664,10.40866],[-75.52679,10.40827],[-75.52666,10.40804],[-75.52668,10.40797],[-75.52719,10.40769],[-75.52704,10.40763],[-75.52657,10.40763],[-75.5263,10.4075],[-75.52612,10.40718],[-75.52615,10.40708],[-75.52615,10.40705],[-75.52606,10.40688],[-75.52571,10.40673],[-75.52568,10.40652],[-75.5257,10.40642],[-75.52536,10.40596],[-75.52537,10.40586],[-75.52537,10.40584],[-75.5254,10.4058],[-75.52544,10.40575],[-75.52576,10.40535],[-75.52632,10.40536],[-75.52634,10.40526],[-75.52628,10.40524],[-75.52629,10.4052],[-75.52648,10.40522],[-75.52647,10.40527],[-75.52643,10.40528],[-75.52643,10.40535],[-75.52689,10.40533],[-75.52713,10.40525],[-75.52724,10.40523],[-75.52731,10.40509],[-75.52737,10.40469],[-75.52736,10.40457],[-75.52898,10.40471],[-75.529,10.40474],[-75.53009,10.40487],[-75.53073,10.40496],[-75.53077,10.40487],[-75.53123,10.40492],[-75.53222,10.40337],[-75.53253,10.40355],[-75.53257,10.40363],[-75.53177,10.40493],[-75.53247,10.405],[-75.53288,10.40506],[-75.53387,10.40351],[-75.53418,10.40369],[-75.53422,10.40375],[-75.53337,10.40511],[-75.53375,10.40517],[-75.53382,10.40494],[-75.53428,10.40501],[-75.53546,10.40507],[-75.53566,10.4052],[-75.53574,10.40535],[-75.53599,10.40543],[-75.53603,10.40525],[-75.53627,10.40527],[-75.53663,10.40527],[-75.53703,10.40536],[-75.53727,10.40531],[-75.53749,10.40538],[-75.53765,10.40551],[-75.53768,10.40561],[-75.53805,10.4057],[-75.53826,10.4057],[-75.53827,10.40621],[-75.53837,10.40641],[-75.53835,10.40658],[-75.53856,10.40672],[-75.53864,10.40701],[-75.53848,10.407],[-75.53843,10.40704],[-75.53832,10.40707],[-75.53818,10.40719],[-75.53802,10.40725],[-75.53795,10.40725],[-75.53791,10.40729],[-75.53782,10.40751],[-75.53773,10.40753],[-75.53768,10.40755],[-75.5376,10.40756],[-75.53756,10.40757],[-75.53745,10.40759],[-75.53742,10.4076],[-75.5374,10.40761],[-75.53741,10.40763],[-75.53742,10.40765],[-75.53758,10.4076],[-75.5377,10.4079],[-75.53745,10.40803],[-75.53749,10.40809],[-75.53777,10.40803],[-75.53782,10.4082],[-75.53796,10.40814],[-75.53847,10.40807],[-75.53872,10.40835],[-75.53859,10.40882],[-75.53859,10.40905],[-75.53913,10.41035],[-75.53922,10.41051],[-75.53943,10.41073],[-75.53953,10.41093],[-75.53983,10.41121],[-75.54009,10.41132],[-75.54022,10.41137],[-75.54043,10.41152],[-75.54095,10.41178],[-75.54122,10.41179],[-75.54146,10.41134],[-75.54161,10.41143],[-75.5419,10.41107],[-75.54238,10.41137],[-75.54228,10.41155],[-75.54195,10.41123],[-75.54141,10.4119],[-75.54154,10.41202],[-75.54184,10.41166],[-75.54194,10.41169],[-75.54199,10.41177],[-75.54195,10.41182],[-75.54164,10.41217],[-75.54189,10.4124],[-75.54223,10.41264],[-75.54256,10.41286],[-75.54271,10.413],[-75.54277,10.41305],[-75.54277,10.41311],[-75.5429,10.4132],[-75.54351,10.41366],[-75.54356,10.41355],[-75.54367,10.41355],[-75.54467,10.41409],[-75.54463,10.41432],[-75.54449,10.41436],[-75.54442,10.41441],[-75.54439,10.41443],[-75.5447,10.41471],[-75.5448,10.41491],[-75.54485,10.41487],[-75.54485,10.41492],[-75.54489,10.41492],[-75.54492,10.41493],[-75.54496,10.41493],[-75.54499,10.41494],[-75.54502,10.41494],[-75.54504,10.41495],[-75.54512,10.41496],[-75.54515,10.41497],[-75.54518,10.41495],[-75.54521,10.41492],[-75.54522,10.41495],[-75.54521,10.41498],[-75.54521,10.41501],[-75.5452,10.41504],[-75.54519,10.41505],[-75.54516,10.41505],[-75.54516,10.41503],[-75.54513,10.41501],[-75.54512,10.41501],[-75.54508,10.41501],[-75.54503,10.415],[-75.54501,10.415],[-75.54497,10.41499],[-75.54492,10.41499],[-75.5449,10.41499],[-75.54485,10.41498],[-75.54486,10.41516],[-75.54465,10.41518],[-75.54435,10.41485],[-75.54382,10.41459],[-75.54378,10.41465],[-75.54384,10.41472],[-75.54379,10.41488],[-75.54395,10.41512],[-75.54432,10.41539],[-75.54538,10.41557],[-75.54548,10.41556],[-75.5455,10.41563],[-75.54545,10.41572],[-75.54431,10.41554],[-75.54428,10.41569],[-75.54429,10.41573],[-75.54438,10.4158],[-75.54438,10.41584],[-75.54429,10.41583],[-75.54435,10.41586],[-75.54434,10.41591],[-75.54427,10.4159],[-75.54444,10.41602],[-75.54442,10.41608],[-75.54429,10.41602],[-75.54427,10.41607],[-75.54425,10.41624],[-75.54418,10.41638],[-75.54432,10.4164],[-75.54432,10.41648],[-75.54423,10.41648],[-75.54424,10.41675],[-75.54415,10.4168],[-75.54413,10.4171],[-75.54382,10.41732],[-75.54357,10.41733],[-75.54337,10.41735],[-75.54317,10.41755],[-75.54206,10.41847],[-75.54182,10.41865],[-75.54176,10.41872],[-75.54156,10.4188],[-75.54148,10.41889],[-75.54145,10.41895],[-75.54138,10.41898],[-75.54125,10.41918],[-75.54117,10.41934],[-75.5411,10.41942],[-75.54093,10.41943],[-75.54084,10.41944],[-75.54077,10.41941],[-75.54073,10.41936],[-75.54063,10.41935],[-75.54055,10.4193],[-75.54042,10.41923],[-75.54033,10.41918],[-75.54014,10.41911],[-75.53994,10.41901],[-75.53982,10.41892],[-75.53971,10.41884],[-75.53972,10.41879],[-75.53972,10.41869],[-75.53969,10.41866]]]}},{"type":"Feature","properties":{"FID":171,"CODIGO":"3900","NOMBRE":"CASTILLOGRANDE","UCG":1,"LOC":"LH","ZONA":"UCG 1","Shape__Area":445811.4423828125,"Shape__Length":3875.5058161198594},"geometry":{"type":"Polygon","coordinates":[[[-75.55095,10.3956],[-75.55091,10.39558],[-75.55088,10.39557],[-75.55084,10.39555],[-75.55079,10.39552],[-75.55076,10.39551],[-75.55074,10.39555],[-75.55056,10.39544],[-75.55058,10.39541],[-75.55054,10.39537],[-75.55053,10.39535],[-75.5505,10.39533],[-75.55048,10.39531],[-75.55043,10.39528],[-75.5504,10.39526],[-75.55036,10.39524],[-75.55032,10.39522],[-75.55028,10.39519],[-75.55023,10.39517],[-75.55019,10.39515],[-75.55015,10.39512],[-75.55011,10.39509],[-75.55007,10.39507],[-75.55004,10.39505],[-75.55003,10.39504],[-75.55001,10.39503],[-75.54997,10.395],[-75.54994,10.39498],[-75.54992,10.39497],[-75.5499,10.39496],[-75.54988,10.39495],[-75.54985,10.39493],[-75.54982,10.39491],[-75.54979,10.39489],[-75.54975,10.39487],[-75.54968,10.39483],[-75.54964,10.39481],[-75.54961,10.3948],[-75.54958,10.39478],[-75.54955,10.39477],[-75.5495,10.39475],[-75.54947,10.39474],[-75.54944,10.39473],[-75.54941,10.39472],[-75.54939,10.39471],[-75.54937,10.39471],[-75.54932,10.39468],[-75.54928,10.39465],[-75.54925,10.39461],[-75.54921,10.39457],[-75.54918,10.39454],[-75.54914,10.39451],[-75.54912,10.39449],[-75.54909,10.39448],[-75.54905,10.39445],[-75.54902,10.39444],[-75.549,10.39443],[-75.54898,10.39441],[-75.54895,10.3944],[-75.54892,10.39439],[-75.54888,10.39444],[-75.5487,10.39432],[-75.54874,10.39427],[-75.54871,10.39425],[-75.54867,10.39422],[-75.54865,10.39421],[-75.5486,10.39418],[-75.54856,10.39416],[-75.54855,10.39415],[-75.54851,10.39412],[-75.54848,10.39411],[-75.54842,10.39407],[-75.5484,10.39405],[-75.54838,10.39404],[-75.54832,10.39399],[-75.5483,10.39398],[-75.54827,10.39397],[-75.54824,10.39395],[-75.54822,10.39393],[-75.54819,10.39392],[-75.54816,10.3939],[-75.54813,10.39388],[-75.5481,10.39386],[-75.54808,10.39385],[-75.54805,10.39383],[-75.54802,10.39381],[-75.54797,10.39378],[-75.54794,10.39377],[-75.5479,10.39375],[-75.54788,10.39374],[-75.54785,10.39373],[-75.54783,10.39371],[-75.5478,10.3937],[-75.54778,10.39368],[-75.54776,10.39367],[-75.54774,10.39366],[-75.54772,10.39365],[-75.54769,10.39363],[-75.54765,10.39362],[-75.54762,10.39361],[-75.54759,10.39359],[-75.54755,10.39357],[-75.54753,10.39357],[-75.5475,10.39356],[-75.54745,10.39354],[-75.54743,10.39353],[-75.54733,10.39349],[-75.54731,10.39348],[-75.54729,10.39346],[-75.54727,10.39345],[-75.54725,10.39344],[-75.54722,10.39343],[-75.5472,10.39341],[-75.54718,10.3934],[-75.54715,10.39338],[-75.5471,10.39334],[-75.54707,10.39333],[-75.54705,10.39331],[-75.54702,10.39329],[-75.54699,10.39327],[-75.54697,10.39325],[-75.54694,10.39323],[-75.54692,10.39321],[-75.54689,10.39319],[-75.54687,10.39317],[-75.54686,10.39314],[-75.54684,10.39313],[-75.54682,10.39311],[-75.54678,10.39308],[-75.54673,10.39305],[-75.5467,10.39303],[-75.54667,10.39301],[-75.54665,10.39299],[-75.54662,10.39298],[-75.54659,10.39296],[-75.54656,10.39294],[-75.54653,10.39292],[-75.54651,10.3929],[-75.54648,10.39289],[-75.54645,10.39287],[-75.54641,10.39285],[-75.54638,10.39283],[-75.54634,10.3928],[-75.54632,10.39278],[-75.54631,10.39277],[-75.54627,10.39274],[-75.54624,10.39271],[-75.5462,10.39269],[-75.54617,10.39266],[-75.54614,10.39262],[-75.54612,10.3926],[-75.54606,10.39253],[-75.54605,10.39252],[-75.54601,10.39249],[-75.54595,10.39247],[-75.54591,10.39246],[-75.54587,10.39245],[-75.54584,10.39246],[-75.54581,10.39246],[-75.54578,10.39245],[-75.54575,10.39243],[-75.54572,10.39241],[-75.54566,10.39236],[-75.54563,10.39233],[-75.54561,10.39231],[-75.54559,10.39229],[-75.54556,10.39227],[-75.54554,10.39226],[-75.54552,10.39224],[-75.54549,10.39222],[-75.54547,10.39221],[-75.54544,10.39219],[-75.54542,10.39218],[-75.5454,10.39216],[-75.54537,10.39213],[-75.54535,10.3921],[-75.54528,10.39201],[-75.54525,10.39198],[-75.54522,10.39196],[-75.54519,10.39194],[-75.54516,10.39192],[-75.54513,10.3919],[-75.5451,10.39188],[-75.54507,10.39185],[-75.54504,10.39182],[-75.54502,10.39179],[-75.54501,10.39177],[-75.545,10.39172],[-75.54499,10.39169],[-75.54497,10.39165],[-75.54496,10.39161],[-75.54494,10.39157],[-75.54492,10.39154],[-75.54491,10.39151],[-75.54489,10.39149],[-75.54487,10.39146],[-75.54485,10.39144],[-75.54483,10.39142],[-75.54482,10.39139],[-75.54481,10.39136],[-75.5448,10.39132],[-75.54478,10.39128],[-75.54477,10.39123],[-75.54476,10.39119],[-75.54474,10.39114],[-75.54472,10.3911],[-75.5447,10.39105],[-75.54469,10.39101],[-75.54467,10.39098],[-75.54464,10.39093],[-75.54463,10.3909],[-75.54462,10.39086],[-75.54463,10.39082],[-75.54464,10.39078],[-75.54465,10.39074],[-75.54467,10.3907],[-75.54468,10.39066],[-75.5447,10.39063],[-75.54471,10.3906],[-75.54473,10.39058],[-75.54475,10.39056],[-75.54478,10.39054],[-75.5448,10.39052],[-75.54482,10.39049],[-75.54486,10.39046],[-75.54489,10.39043],[-75.54492,10.3904],[-75.54494,10.39039],[-75.54496,10.39037],[-75.54499,10.39035],[-75.54502,10.39033],[-75.54505,10.39033],[-75.54507,10.39032],[-75.5451,10.39032],[-75.54514,10.39033],[-75.54517,10.39034],[-75.54519,10.39034],[-75.54522,10.39034],[-75.54525,10.39034],[-75.54527,10.39033],[-75.54531,10.39035],[-75.54532,10.39036],[-75.54535,10.39039],[-75.54537,10.39039],[-75.54541,10.3904],[-75.54544,10.3904],[-75.54549,10.39042],[-75.54559,10.39032],[-75.54568,10.3903],[-75.54653,10.39053],[-75.54656,10.39055],[-75.54659,10.39057],[-75.54661,10.39059],[-75.54663,10.3906],[-75.54669,10.39064],[-75.54673,10.39065],[-75.54675,10.39066],[-75.5468,10.39068],[-75.54683,10.39069],[-75.54686,10.39069],[-75.54689,10.3907],[-75.54693,10.39072],[-75.54694,10.39073],[-75.54697,10.39074],[-75.54701,10.39075],[-75.54704,10.39076],[-75.54706,10.39076],[-75.5471,10.39074],[-75.54711,10.39072],[-75.54711,10.39069],[-75.54711,10.39066],[-75.54714,10.39064],[-75.54719,10.39065],[-75.54722,10.39066],[-75.54725,10.39067],[-75.54728,10.3907],[-75.5473,10.39072],[-75.54734,10.39074],[-75.54735,10.39075],[-75.54739,10.39076],[-75.54743,10.39077],[-75.54746,10.39077],[-75.54747,10.39078],[-75.5475,10.39078],[-75.54763,10.39079],[-75.54766,10.39081],[-75.5477,10.39083],[-75.54773,10.39085],[-75.54776,10.39086],[-75.54778,10.39086],[-75.5478,10.39086],[-75.54796,10.39086],[-75.548,10.39089],[-75.54803,10.3909],[-75.54806,10.39092],[-75.54811,10.39094],[-75.54815,10.39094],[-75.54834,10.39102],[-75.54836,10.39104],[-75.5484,10.39108],[-75.54843,10.39111],[-75.54846,10.39113],[-75.54849,10.39116],[-75.54852,10.39119],[-75.54858,10.39124],[-75.5486,10.39125],[-75.54863,10.39126],[-75.54872,10.39129],[-75.54873,10.39131],[-75.54876,10.39135],[-75.54879,10.39137],[-75.54882,10.39138],[-75.54884,10.3914],[-75.54887,10.39142],[-75.54891,10.39146],[-75.54893,10.39148],[-75.54894,10.39151],[-75.54897,10.39153],[-75.54899,10.39156],[-75.549,10.39158],[-75.54903,10.39161],[-75.54905,10.39163],[-75.54906,10.39164],[-75.54909,10.39166],[-75.54911,10.39167],[-75.54914,10.39167],[-75.54919,10.39167],[-75.54939,10.39169],[-75.5494,10.39171],[-75.54942,10.39173],[-75.54944,10.39175],[-75.54946,10.39177],[-75.54949,10.39181],[-75.54952,10.39183],[-75.54954,10.39186],[-75.54956,10.39188],[-75.54958,10.39189],[-75.5496,10.39191],[-75.54965,10.39195],[-75.54969,10.39198],[-75.54971,10.39199],[-75.54973,10.39201],[-75.54977,10.39202],[-75.5498,10.39203],[-75.54983,10.39204],[-75.54986,10.39204],[-75.54998,10.39208],[-75.55001,10.39212],[-75.55003,10.39214],[-75.55005,10.39215],[-75.55008,10.39217],[-75.5501,10.39218],[-75.55013,10.3922],[-75.55015,10.39221],[-75.55019,10.39223],[-75.55021,10.39225],[-75.55025,10.39228],[-75.55028,10.3923],[-75.55031,10.39232],[-75.55034,10.39235],[-75.55037,10.39236],[-75.55042,10.39238],[-75.55047,10.39239],[-75.55052,10.3924],[-75.55057,10.3924],[-75.55063,10.3924],[-75.55068,10.39239],[-75.55079,10.3924],[-75.55098,10.39244],[-75.55123,10.39251],[-75.55135,10.39255],[-75.55137,10.39258],[-75.55139,10.3926],[-75.55142,10.39263],[-75.55145,10.39266],[-75.55148,10.39268],[-75.55152,10.3927],[-75.55159,10.39273],[-75.55162,10.39275],[-75.55166,10.39277],[-75.5517,10.39279],[-75.55174,10.39281],[-75.55178,10.39283],[-75.55182,10.39285],[-75.55185,10.39286],[-75.55187,10.39287],[-75.55194,10.3929],[-75.55197,10.3929],[-75.55201,10.39292],[-75.55204,10.39293],[-75.55207,10.39294],[-75.5521,10.39296],[-75.55212,10.39298],[-75.55215,10.39301],[-75.55217,10.39303],[-75.55223,10.39311],[-75.55226,10.39314],[-75.55228,10.39316],[-75.55231,10.39318],[-75.55234,10.3932],[-75.55237,10.39322],[-75.5524,10.39324],[-75.55243,10.39325],[-75.55246,10.39327],[-75.55251,10.39329],[-75.55254,10.3933],[-75.55256,10.39331],[-75.55259,10.39332],[-75.55262,10.39333],[-75.55264,10.39335],[-75.55267,10.39336],[-75.5527,10.39336],[-75.55273,10.39336],[-75.55277,10.39337],[-75.55281,10.39337],[-75.55284,10.39338],[-75.55288,10.39339],[-75.55291,10.39341],[-75.55294,10.39343],[-75.55298,10.39346],[-75.553,10.39348],[-75.55302,10.3935],[-75.55306,10.39355],[-75.55309,10.39358],[-75.55311,10.39361],[-75.55317,10.39368],[-75.55319,10.3937],[-75.55322,10.39372],[-75.55328,10.39375],[-75.5533,10.39376],[-75.55333,10.39376],[-75.55336,10.39377],[-75.55339,10.39378],[-75.55342,10.39379],[-75.55346,10.3938],[-75.5535,10.39382],[-75.55353,10.39383],[-75.5536,10.39386],[-75.55364,10.39387],[-75.55367,10.39388],[-75.55371,10.39389],[-75.55374,10.3939],[-75.55377,10.39391],[-75.55381,10.39392],[-75.55384,10.39394],[-75.55386,10.39395],[-75.55389,10.39397],[-75.55392,10.394],[-75.55395,10.39402],[-75.55398,10.39405],[-75.55401,10.39407],[-75.55403,10.39409],[-75.55406,10.39412],[-75.55409,10.39414],[-75.55412,10.39416],[-75.55415,10.39418],[-75.55418,10.3942],[-75.55422,10.39422],[-75.55427,10.39424],[-75.55431,10.39426],[-75.55437,10.39429],[-75.55442,10.39431],[-75.55447,10.39433],[-75.55451,10.39436],[-75.55458,10.3944],[-75.5546,10.39441],[-75.55462,10.39442],[-75.55465,10.39445],[-75.55467,10.39447],[-75.55471,10.39451],[-75.55473,10.39453],[-75.55476,10.39456],[-75.55478,10.39457],[-75.55481,10.39459],[-75.55484,10.39461],[-75.55487,10.39462],[-75.55489,10.39464],[-75.55492,10.39465],[-75.55494,10.39467],[-75.55492,10.39468],[-75.55487,10.39467],[-75.55485,10.39466],[-75.55484,10.39469],[-75.55485,10.39473],[-75.55485,10.39476],[-75.55487,10.39479],[-75.55489,10.39482],[-75.55492,10.39485],[-75.55495,10.39488],[-75.55499,10.39491],[-75.55503,10.39494],[-75.55505,10.39496],[-75.55507,10.39497],[-75.5551,10.39498],[-75.55514,10.39499],[-75.55518,10.395],[-75.55522,10.39501],[-75.55526,10.39501],[-75.55529,10.39501],[-75.55531,10.39501],[-75.55534,10.39503],[-75.55537,10.39505],[-75.55542,10.39505],[-75.55544,10.39505],[-75.55547,10.39505],[-75.55554,10.39505],[-75.55558,10.39505],[-75.55561,10.39506],[-75.55566,10.39506],[-75.55568,10.39506],[-75.55571,10.39507],[-75.55575,10.39508],[-75.5558,10.39508],[-75.55583,10.39509],[-75.55585,10.39509],[-75.55588,10.3951],[-75.5559,10.3951],[-75.55595,10.39511],[-75.55598,10.39511],[-75.556,10.39512],[-75.55605,10.39512],[-75.55608,10.39513],[-75.55613,10.39513],[-75.55616,10.39514],[-75.55619,10.39514],[-75.55622,10.39514],[-75.55625,10.39515],[-75.55628,10.39515],[-75.55629,10.39516],[-75.55634,10.39519],[-75.55637,10.39521],[-75.55641,10.39519],[-75.55641,10.39519],[-75.55644,10.39521],[-75.55647,10.39522],[-75.55648,10.39523],[-75.55651,10.39525],[-75.55653,10.39527],[-75.55662,10.39538],[-75.55666,10.39542],[-75.55672,10.3955],[-75.55674,10.39552],[-75.55675,10.39553],[-75.55679,10.39556],[-75.55683,10.39557],[-75.55687,10.39558],[-75.55691,10.39558],[-75.55695,10.3956],[-75.55704,10.39556],[-75.55746,10.39552],[-75.55774,10.39539],[-75.55806,10.3955],[-75.55832,10.39568],[-75.55828,10.3958],[-75.55814,10.39589],[-75.55799,10.39596],[-75.55694,10.3967],[-75.55538,10.39799],[-75.55456,10.39874],[-75.55436,10.39861],[-75.55427,10.39853],[-75.55431,10.39847],[-75.55432,10.39845],[-75.55434,10.39843],[-75.55436,10.39841],[-75.55437,10.39839],[-75.55438,10.39837],[-75.55439,10.39835],[-75.5544,10.39833],[-75.5544,10.39831],[-75.5544,10.39829],[-75.5544,10.39828],[-75.5544,10.39825],[-75.55439,10.39824],[-75.55438,10.39821],[-75.55438,10.39818],[-75.55437,10.39815],[-75.55437,10.39811],[-75.55437,10.39807],[-75.55437,10.39806],[-75.55437,10.39804],[-75.55438,10.39796],[-75.55438,10.39793],[-75.55438,10.3979],[-75.55438,10.39787],[-75.55437,10.39784],[-75.55436,10.39781],[-75.55435,10.39779],[-75.55434,10.39776],[-75.55433,10.39773],[-75.55432,10.39771],[-75.5543,10.39766],[-75.55427,10.39763],[-75.5542,10.39755],[-75.55417,10.39752],[-75.55415,10.39749],[-75.55412,10.39747],[-75.55409,10.39746],[-75.55403,10.39743],[-75.554,10.39742],[-75.55396,10.3974],[-75.55391,10.39739],[-75.55387,10.39737],[-75.55384,10.39736],[-75.55382,10.39735],[-75.55379,10.39734],[-75.55356,10.39719],[-75.55354,10.39718],[-75.55349,10.39715],[-75.55345,10.39714],[-75.55341,10.39711],[-75.55339,10.3971],[-75.55332,10.39705],[-75.55329,10.39704],[-75.55325,10.39701],[-75.55323,10.397],[-75.55321,10.39699],[-75.55316,10.39696],[-75.55313,10.39694],[-75.55311,10.39693],[-75.55308,10.39691],[-75.55305,10.3969],[-75.553,10.39687],[-75.55297,10.39685],[-75.55294,10.39684],[-75.55292,10.39682],[-75.55289,10.39681],[-75.55287,10.39679],[-75.55284,10.39678],[-75.55282,10.39676],[-75.5528,10.39675],[-75.55276,10.39672],[-75.55273,10.39671],[-75.5527,10.39669],[-75.55264,10.39665],[-75.5526,10.39663],[-75.55257,10.39661],[-75.55254,10.39659],[-75.55251,10.39656],[-75.55248,10.39654],[-75.55245,10.39653],[-75.55242,10.39651],[-75.5524,10.39649],[-75.55238,10.39648],[-75.55236,10.39647],[-75.55233,10.39645],[-75.55231,10.39644],[-75.55229,10.39643],[-75.55226,10.39641],[-75.55224,10.3964],[-75.55222,10.39639],[-75.55219,10.39637],[-75.55217,10.39636],[-75.55215,10.39635],[-75.5521,10.39632],[-75.55208,10.3963],[-75.55205,10.39628],[-75.55202,10.39626],[-75.552,10.39624],[-75.55197,10.39622],[-75.55195,10.39621],[-75.55193,10.39619],[-75.5519,10.39618],[-75.55187,10.39616],[-75.55184,10.39615],[-75.55179,10.39612],[-75.55176,10.3961],[-75.55174,10.39609],[-75.55171,10.39608],[-75.55169,10.39606],[-75.55166,10.39604],[-75.55163,10.39603],[-75.5516,10.39601],[-75.55154,10.39598],[-75.5515,10.39595],[-75.55148,10.39594],[-75.55141,10.39589],[-75.55138,10.39588],[-75.55135,10.39586],[-75.55133,10.39584],[-75.5513,10.39582],[-75.55126,10.39579],[-75.55123,10.39577],[-75.5512,10.39575],[-75.55117,10.39573],[-75.55114,10.39571],[-75.55111,10.39569],[-75.55105,10.39565],[-75.55101,10.39563],[-75.55098,10.39562],[-75.55095,10.3956]]]}},{"type":"Feature","properties":{"FID":172,"CODIGO":"1550","NOMBRE":"PIE DEL CERRO","UCG":2,"LOC":"LH","ZONA":"UCG 2","Shape__Area":297044.3671875,"Shape__Length":3442.430501308301},"geometry":{"type":"Polygon","coordinates":[[[-75.53492,10.4224],[-75.53451,10.42229],[-75.534,10.42219],[-75.53341,10.42197],[-75.53281,10.42169],[-75.53352,10.42077],[-75.53368,10.42049],[-75.53524,10.42067],[-75.53557,10.4187],[-75.53563,10.41839],[-75.53601,10.4176],[-75.53614,10.41761],[-75.53622,10.41768],[-75.5363,10.41777],[-75.53631,10.41784],[-75.53623,10.41795],[-75.53622,10.41805],[-75.53624,10.4181],[-75.53631,10.41812],[-75.53638,10.41822],[-75.53644,10.41828],[-75.53649,10.41837],[-75.53651,10.41842],[-75.53661,10.4184],[-75.53659,10.41833],[-75.5366,10.41828],[-75.5366,10.41822],[-75.53666,10.41817],[-75.53673,10.4181],[-75.53673,10.41807],[-75.53667,10.418],[-75.53664,10.41794],[-75.53671,10.41795],[-75.53676,10.41797],[-75.53682,10.41798],[-75.53689,10.418],[-75.53692,10.41801],[-75.53699,10.41805],[-75.53704,10.4181],[-75.53704,10.41812],[-75.53708,10.41811],[-75.53714,10.41815],[-75.53718,10.41825],[-75.53723,10.41834],[-75.53721,10.41842],[-75.53724,10.41851],[-75.53728,10.41862],[-75.53732,10.41873],[-75.53736,10.41866],[-75.53745,10.41863],[-75.53753,10.41859],[-75.53759,10.41862],[-75.53765,10.41862],[-75.53776,10.4187],[-75.53787,10.41876],[-75.53794,10.41879],[-75.53803,10.41881],[-75.53809,10.41884],[-75.53809,10.41889],[-75.53815,10.41891],[-75.53822,10.41877],[-75.53829,10.41876],[-75.53839,10.41877],[-75.53846,10.41884],[-75.53865,10.41889],[-75.53877,10.4189],[-75.53886,10.41889],[-75.53895,10.4189],[-75.53904,10.41892],[-75.53934,10.41893],[-75.53954,10.41898],[-75.53967,10.41902],[-75.53984,10.41913],[-75.53986,10.41914],[-75.54004,10.41923],[-75.54023,10.41942],[-75.54039,10.41956],[-75.54052,10.41968],[-75.54072,10.4198],[-75.54107,10.42001],[-75.54118,10.42003],[-75.54135,10.42006],[-75.54155,10.42012],[-75.54158,10.42012],[-75.54163,10.42013],[-75.54165,10.42017],[-75.54165,10.42019],[-75.54165,10.42021],[-75.54174,10.42058],[-75.5419,10.42065],[-75.54202,10.42084],[-75.54191,10.42089],[-75.54196,10.421],[-75.54216,10.42111],[-75.54218,10.42137],[-75.54234,10.42166],[-75.54207,10.42205],[-75.54205,10.42207],[-75.542,10.42212],[-75.54199,10.42214],[-75.54197,10.42216],[-75.54196,10.42217],[-75.54194,10.42222],[-75.54195,10.42224],[-75.54189,10.42238],[-75.5415,10.4222],[-75.54131,10.42207],[-75.54123,10.42202],[-75.54105,10.42179],[-75.54054,10.42145],[-75.54034,10.42138],[-75.53945,10.42109],[-75.53917,10.42103],[-75.53869,10.42102],[-75.53789,10.42142],[-75.53713,10.4218],[-75.53782,10.42281],[-75.5382,10.42366],[-75.53818,10.42397],[-75.53695,10.42302],[-75.53618,10.42268],[-75.53572,10.42258],[-75.53492,10.4224]]]}},{"type":"Feature","properties":{"FID":173,"CODIGO":"3000","NOMBRE":"EL BOSQUE","UCG":10,"LOC":"LH","ZONA":"UCG 10","Shape__Area":2561011.4482421875,"Shape__Length":17566.734953885367},"geometry":{"type":"Polygon","coordinates":[[[-75.52104,10.40694],[-75.52036,10.40469],[-75.51949,10.40189],[-75.51917,10.40089],[-75.51877,10.39947],[-75.51842,10.39838],[-75.51766,10.39583],[-75.51714,10.3941],[-75.51886,10.39414],[-75.51941,10.39408],[-75.51946,10.3934],[-75.51963,10.39253],[-75.51966,10.39235],[-75.51949,10.3918],[-75.51902,10.39076],[-75.51891,10.39059],[-75.51874,10.39022],[-75.51841,10.38945],[-75.51757,10.3886],[-75.51729,10.38859],[-75.51578,10.38853],[-75.51589,10.38647],[-75.51603,10.38456],[-75.51609,10.38457],[-75.51663,10.38456],[-75.51683,10.38453],[-75.51697,10.38444],[-75.51708,10.38445],[-75.51755,10.38503],[-75.51761,10.3852],[-75.51798,10.38526],[-75.51854,10.38531],[-75.51871,10.3861],[-75.5191,10.38625],[-75.51934,10.38641],[-75.51961,10.38638],[-75.51987,10.38641],[-75.5204,10.38642],[-75.52077,10.38639],[-75.52093,10.38638],[-75.52099,10.38631],[-75.52115,10.38631],[-75.52133,10.38637],[-75.52162,10.38636],[-75.52177,10.38622],[-75.52178,10.38575],[-75.5223,10.38577],[-75.52227,10.38611],[-75.52244,10.38611],[-75.52252,10.3862],[-75.52285,10.38616],[-75.52285,10.38621],[-75.52274,10.38619],[-75.52274,10.38622],[-75.52275,10.38621],[-75.5228,10.38622],[-75.52284,10.38623],[-75.52288,10.38625],[-75.52293,10.38626],[-75.52295,10.38621],[-75.523,10.38622],[-75.52304,10.3862],[-75.52307,10.38621],[-75.52312,10.38622],[-75.52313,10.38625],[-75.52317,10.38625],[-75.52333,10.38626],[-75.52336,10.3863],[-75.52339,10.38627],[-75.5234,10.38627],[-75.52343,10.38625],[-75.52344,10.38623],[-75.52345,10.3862],[-75.52348,10.38617],[-75.52351,10.38614],[-75.52354,10.38611],[-75.52357,10.38606],[-75.52362,10.38603],[-75.52364,10.386],[-75.52367,10.38597],[-75.52369,10.38595],[-75.52382,10.38581],[-75.5239,10.38569],[-75.52397,10.38581],[-75.52403,10.38582],[-75.52403,10.38586],[-75.52403,10.38594],[-75.5241,10.3859],[-75.52416,10.3859],[-75.52425,10.38591],[-75.52432,10.3859],[-75.5244,10.38589],[-75.52452,10.3859],[-75.52454,10.38584],[-75.52457,10.38585],[-75.52471,10.38591],[-75.52478,10.38584],[-75.52498,10.38584],[-75.52493,10.38607],[-75.52499,10.38607],[-75.52516,10.38579],[-75.52542,10.38588],[-75.52542,10.38591],[-75.52521,10.38639],[-75.52527,10.38639],[-75.52542,10.38638],[-75.52548,10.38642],[-75.52553,10.38639],[-75.52557,10.38631],[-75.52562,10.3862],[-75.52566,10.38613],[-75.5257,10.38605],[-75.52576,10.38597],[-75.52583,10.38583],[-75.52598,10.38583],[-75.52615,10.38591],[-75.52629,10.38584],[-75.52631,10.38591],[-75.52641,10.38594],[-75.52635,10.3861],[-75.52629,10.38611],[-75.52621,10.3861],[-75.52621,10.38616],[-75.52604,10.38621],[-75.526,10.38633],[-75.52599,10.38652],[-75.52596,10.38667],[-75.52597,10.3868],[-75.52598,10.38697],[-75.52601,10.38728],[-75.52591,10.38745],[-75.52586,10.38827],[-75.52585,10.38832],[-75.52584,10.38847],[-75.52577,10.38914],[-75.52565,10.38953],[-75.52549,10.39027],[-75.52538,10.39094],[-75.52519,10.39084],[-75.52519,10.39094],[-75.5248,10.39118],[-75.52479,10.3912],[-75.52476,10.39123],[-75.52474,10.39125],[-75.52471,10.39127],[-75.52469,10.39129],[-75.52467,10.39131],[-75.52464,10.39133],[-75.5246,10.39133],[-75.52454,10.39134],[-75.5245,10.39135],[-75.52466,10.39137],[-75.52457,10.39167],[-75.52452,10.39213],[-75.52444,10.39216],[-75.52446,10.39218],[-75.5245,10.39218],[-75.52453,10.39218],[-75.5246,10.39218],[-75.52463,10.39217],[-75.52466,10.39217],[-75.5247,10.39218],[-75.52473,10.39218],[-75.52476,10.39217],[-75.52479,10.39215],[-75.52481,10.39212],[-75.52484,10.39211],[-75.52487,10.39208],[-75.5249,10.39204],[-75.52493,10.392],[-75.52494,10.39197],[-75.52495,10.39194],[-75.52496,10.3919],[-75.52497,10.39184],[-75.52498,10.3918],[-75.52499,10.39177],[-75.52506,10.39151],[-75.52525,10.39129],[-75.52554,10.39132],[-75.52572,10.39139],[-75.52583,10.3914],[-75.52608,10.39143],[-75.52618,10.39136],[-75.5262,10.39131],[-75.5262,10.39128],[-75.52619,10.39125],[-75.52618,10.39122],[-75.52618,10.39118],[-75.52619,10.39115],[-75.52621,10.39112],[-75.52624,10.39111],[-75.52627,10.39109],[-75.52629,10.39109],[-75.52647,10.39083],[-75.52648,10.39081],[-75.52649,10.39078],[-75.52651,10.39074],[-75.52673,10.3904],[-75.52674,10.39038],[-75.52675,10.39035],[-75.52677,10.39033],[-75.52679,10.3903],[-75.52681,10.39027],[-75.52682,10.39024],[-75.52684,10.39021],[-75.52689,10.39015],[-75.52691,10.39013],[-75.52693,10.3901],[-75.52695,10.39007],[-75.52697,10.39004],[-75.52698,10.39001],[-75.527,10.38999],[-75.52702,10.38996],[-75.52704,10.38993],[-75.52706,10.3899],[-75.52709,10.38984],[-75.5271,10.38981],[-75.52712,10.38978],[-75.52714,10.38975],[-75.52715,10.38971],[-75.52716,10.38968],[-75.52717,10.38965],[-75.52717,10.38962],[-75.52718,10.38958],[-75.52719,10.38955],[-75.52719,10.38951],[-75.52718,10.38948],[-75.52718,10.38945],[-75.52718,10.38941],[-75.52718,10.38938],[-75.52718,10.38934],[-75.52717,10.38931],[-75.52717,10.38928],[-75.52717,10.38924],[-75.52718,10.38921],[-75.5272,10.38918],[-75.52721,10.38915],[-75.52723,10.38912],[-75.52723,10.38909],[-75.52724,10.38905],[-75.52724,10.38902],[-75.52724,10.38898],[-75.52724,10.38892],[-75.52724,10.38888],[-75.52724,10.38885],[-75.52724,10.38882],[-75.52724,10.38875],[-75.52724,10.38872],[-75.52723,10.38868],[-75.52723,10.38861],[-75.52722,10.38858],[-75.52721,10.38852],[-75.52721,10.38849],[-75.52721,10.38845],[-75.52721,10.38842],[-75.52722,10.38839],[-75.52722,10.38835],[-75.52723,10.38832],[-75.52723,10.38824],[-75.52724,10.38816],[-75.52724,10.38814],[-75.52725,10.38811],[-75.52726,10.38808],[-75.52726,10.38805],[-75.52726,10.38801],[-75.52726,10.38798],[-75.52725,10.38795],[-75.52725,10.38791],[-75.52724,10.38788],[-75.52724,10.38785],[-75.52723,10.38781],[-75.52722,10.38778],[-75.52722,10.38775],[-75.5272,10.38775],[-75.52718,10.38775],[-75.52718,10.38793],[-75.52715,10.38793],[-75.52717,10.38716],[-75.52721,10.38716],[-75.52722,10.38696],[-75.52696,10.38698],[-75.52695,10.38714],[-75.52693,10.38714],[-75.52695,10.3868],[-75.52697,10.3868],[-75.52697,10.38695],[-75.52726,10.38692],[-75.52729,10.38687],[-75.52729,10.38683],[-75.52729,10.38679],[-75.52729,10.38676],[-75.52729,10.38673],[-75.52729,10.38669],[-75.52729,10.38666],[-75.5273,10.38663],[-75.5273,10.38659],[-75.52731,10.38656],[-75.52731,10.38652],[-75.52732,10.38646],[-75.52733,10.38642],[-75.52735,10.38632],[-75.52735,10.38629],[-75.52736,10.38622],[-75.52737,10.38619],[-75.52737,10.38616],[-75.52738,10.38612],[-75.52741,10.3856],[-75.52741,10.38557],[-75.5274,10.38554],[-75.52739,10.38551],[-75.52738,10.38547],[-75.52736,10.38545],[-75.52734,10.38543],[-75.52731,10.3854],[-75.52727,10.38535],[-75.52725,10.38532],[-75.52723,10.3853],[-75.52721,10.38527],[-75.52719,10.38524],[-75.52717,10.38521],[-75.52716,10.38518],[-75.52715,10.38514],[-75.52714,10.38511],[-75.52713,10.38508],[-75.52713,10.38504],[-75.52712,10.38501],[-75.52712,10.38498],[-75.52711,10.38491],[-75.5271,10.38487],[-75.5271,10.38484],[-75.5271,10.38481],[-75.52709,10.38476],[-75.52709,10.38472],[-75.52709,10.38469],[-75.52709,10.38466],[-75.52709,10.38462],[-75.5271,10.38462],[-75.52705,10.38449],[-75.52697,10.38413],[-75.52694,10.38395],[-75.52694,10.38395],[-75.52693,10.38392],[-75.52691,10.38389],[-75.52689,10.38386],[-75.52687,10.38384],[-75.52685,10.38381],[-75.52682,10.38379],[-75.5268,10.38378],[-75.52671,10.38379],[-75.5267,10.3838],[-75.52668,10.38383],[-75.52668,10.38386],[-75.52667,10.38389],[-75.52667,10.38393],[-75.52666,10.38396],[-75.52665,10.38399],[-75.52664,10.38402],[-75.52663,10.38406],[-75.52662,10.38408],[-75.5266,10.38411],[-75.52657,10.38414],[-75.52655,10.38415],[-75.52651,10.38416],[-75.52648,10.38415],[-75.52645,10.38414],[-75.52642,10.38413],[-75.52638,10.38412],[-75.52635,10.38411],[-75.52629,10.38407],[-75.52626,10.38406],[-75.52623,10.38404],[-75.5262,10.38402],[-75.52615,10.38398],[-75.52612,10.38397],[-75.52601,10.38388],[-75.52595,10.38385],[-75.52593,10.38384],[-75.5259,10.38382],[-75.52588,10.3838],[-75.52586,10.38379],[-75.52584,10.38377],[-75.52568,10.38371],[-75.52565,10.3837],[-75.52563,10.3837],[-75.5256,10.3837],[-75.52558,10.38369],[-75.52551,10.38368],[-75.52548,10.38367],[-75.52546,10.38366],[-75.52544,10.38365],[-75.52541,10.38364],[-75.52539,10.38363],[-75.52537,10.38362],[-75.52533,10.3836],[-75.52528,10.38358],[-75.52526,10.38357],[-75.52524,10.38355],[-75.52523,10.38352],[-75.52523,10.3835],[-75.52523,10.38347],[-75.52523,10.38344],[-75.52524,10.38342],[-75.52524,10.38339],[-75.52525,10.38336],[-75.52525,10.38334],[-75.52526,10.38329],[-75.52527,10.38327],[-75.52528,10.38324],[-75.52529,10.38321],[-75.5253,10.38319],[-75.52531,10.38316],[-75.52534,10.38314],[-75.52533,10.38312],[-75.52534,10.38309],[-75.52536,10.38308],[-75.5254,10.38305],[-75.52541,10.38303],[-75.5254,10.383],[-75.52538,10.38298],[-75.52536,10.38296],[-75.52534,10.38294],[-75.52532,10.38292],[-75.5253,10.38291],[-75.52527,10.38291],[-75.52524,10.38291],[-75.52522,10.38291],[-75.52519,10.38292],[-75.52517,10.38293],[-75.52515,10.38294],[-75.52512,10.38295],[-75.52508,10.38296],[-75.52505,10.38296],[-75.52502,10.38296],[-75.525,10.38296],[-75.52497,10.38296],[-75.52495,10.38296],[-75.52492,10.38296],[-75.5249,10.38296],[-75.52487,10.38296],[-75.52482,10.38296],[-75.5248,10.38296],[-75.52477,10.38297],[-75.52474,10.38297],[-75.52472,10.38298],[-75.52467,10.38298],[-75.52464,10.38297],[-75.52462,10.38297],[-75.5246,10.38296],[-75.52457,10.38295],[-75.52455,10.38293],[-75.52453,10.38292],[-75.5245,10.3829],[-75.52448,10.38288],[-75.52446,10.38287],[-75.52441,10.3828],[-75.5244,10.38279],[-75.52438,10.38277],[-75.52436,10.38275],[-75.52432,10.38274],[-75.5243,10.38276],[-75.52428,10.38277],[-75.52426,10.38278],[-75.52423,10.38279],[-75.52421,10.3828],[-75.52418,10.38281],[-75.52415,10.38281],[-75.52412,10.38281],[-75.5241,10.38281],[-75.52407,10.38282],[-75.52404,10.38282],[-75.52402,10.38283],[-75.52399,10.38284],[-75.52397,10.38284],[-75.52394,10.38285],[-75.52391,10.38285],[-75.52389,10.38286],[-75.52386,10.38287],[-75.52384,10.38289],[-75.52378,10.38294],[-75.52374,10.38297],[-75.52372,10.38298],[-75.5237,10.38299],[-75.52367,10.383],[-75.52365,10.38302],[-75.5236,10.38304],[-75.52358,10.38306],[-75.52356,10.38307],[-75.52354,10.38309],[-75.52353,10.3831],[-75.5235,10.38312],[-75.52348,10.38313],[-75.52345,10.38314],[-75.52342,10.38314],[-75.5234,10.38315],[-75.52338,10.38316],[-75.52336,10.38317],[-75.52334,10.38319],[-75.52331,10.3832],[-75.52329,10.38322],[-75.52327,10.38324],[-75.52325,10.38326],[-75.52323,10.38327],[-75.52321,10.38329],[-75.52319,10.3833],[-75.52317,10.38331],[-75.52314,10.38332],[-75.52312,10.38334],[-75.52307,10.38337],[-75.52305,10.38337],[-75.52302,10.38336],[-75.523,10.38335],[-75.52299,10.38333],[-75.52297,10.38331],[-75.52297,10.38328],[-75.52296,10.38325],[-75.52294,10.38326],[-75.52291,10.38327],[-75.52289,10.38328],[-75.52287,10.38329],[-75.52284,10.3833],[-75.52282,10.38331],[-75.52277,10.38333],[-75.52274,10.38332],[-75.52272,10.38331],[-75.5227,10.38329],[-75.52268,10.38327],[-75.52267,10.38324],[-75.52266,10.38322],[-75.52266,10.38319],[-75.52266,10.38316],[-75.52266,10.38314],[-75.52266,10.38312],[-75.52267,10.38309],[-75.52268,10.38305],[-75.5227,10.383],[-75.52271,10.38298],[-75.52273,10.38297],[-75.52275,10.38295],[-75.52278,10.38294],[-75.52281,10.38294],[-75.52283,10.38293],[-75.52285,10.38291],[-75.5229,10.38288],[-75.52292,10.38288],[-75.52295,10.38287],[-75.52297,10.38286],[-75.52299,10.38284],[-75.523,10.38281],[-75.52301,10.38279],[-75.52303,10.38278],[-75.52306,10.38277],[-75.52308,10.38277],[-75.52311,10.38276],[-75.52313,10.38274],[-75.52315,10.38273],[-75.52317,10.38272],[-75.5232,10.38271],[-75.52322,10.38269],[-75.52324,10.38268],[-75.52326,10.38266],[-75.52328,10.38264],[-75.52329,10.38263],[-75.52331,10.38261],[-75.52339,10.38254],[-75.52341,10.38252],[-75.52343,10.3825],[-75.52345,10.38248],[-75.52347,10.38246],[-75.52348,10.38244],[-75.52352,10.38241],[-75.52354,10.38239],[-75.52355,10.38238],[-75.52357,10.38235],[-75.52357,10.38233],[-75.52358,10.3823],[-75.52361,10.38226],[-75.52365,10.38223],[-75.52367,10.38222],[-75.52373,10.38221],[-75.52375,10.38221],[-75.52373,10.38217],[-75.52373,10.38214],[-75.52373,10.3821],[-75.52374,10.38207],[-75.52376,10.38205],[-75.52377,10.38203],[-75.52379,10.382],[-75.5238,10.38199],[-75.52382,10.38196],[-75.52384,10.38194],[-75.52386,10.38193],[-75.5239,10.38189],[-75.52392,10.38188],[-75.52394,10.38186],[-75.52396,10.38185],[-75.52398,10.38183],[-75.52399,10.38181],[-75.52403,10.38177],[-75.52405,10.38175],[-75.52407,10.38174],[-75.52409,10.38172],[-75.52411,10.3817],[-75.52413,10.38168],[-75.52415,10.38166],[-75.52416,10.38164],[-75.52419,10.38159],[-75.5242,10.38157],[-75.52421,10.38154],[-75.52421,10.38152],[-75.52421,10.38149],[-75.52421,10.38147],[-75.5242,10.38145],[-75.52419,10.3814],[-75.52418,10.38134],[-75.52417,10.38132],[-75.52417,10.38129],[-75.52417,10.38127],[-75.52417,10.38124],[-75.52418,10.38121],[-75.52419,10.38119],[-75.52422,10.38115],[-75.52424,10.38113],[-75.52425,10.38112],[-75.52431,10.38107],[-75.52433,10.38106],[-75.52436,10.38105],[-75.52438,10.38104],[-75.52441,10.38104],[-75.52443,10.38103],[-75.52446,10.38103],[-75.52449,10.38103],[-75.52454,10.38104],[-75.52456,10.38104],[-75.52459,10.38105],[-75.52461,10.38106],[-75.52464,10.38107],[-75.52466,10.38108],[-75.52468,10.3811],[-75.5247,10.38111],[-75.52472,10.38113],[-75.52474,10.38114],[-75.52476,10.38116],[-75.52478,10.38118],[-75.5248,10.3812],[-75.52482,10.38121],[-75.52484,10.38123],[-75.52487,10.38127],[-75.52489,10.38129],[-75.52493,10.38134],[-75.52495,10.38136],[-75.52512,10.38156],[-75.52516,10.3816],[-75.52517,10.38162],[-75.52519,10.38164],[-75.52521,10.38166],[-75.52523,10.38168],[-75.52524,10.3817],[-75.52528,10.38174],[-75.52529,10.38176],[-75.52532,10.3818],[-75.52534,10.38182],[-75.52536,10.38184],[-75.5254,10.38188],[-75.52542,10.38191],[-75.52544,10.38193],[-75.52545,10.38195],[-75.52547,10.38198],[-75.52552,10.38203],[-75.52554,10.38206],[-75.52556,10.38208],[-75.52557,10.3821],[-75.52558,10.38213],[-75.5256,10.38215],[-75.52561,10.38217],[-75.52563,10.38219],[-75.52565,10.38221],[-75.52566,10.38223],[-75.52569,10.38228],[-75.52571,10.3823],[-75.52573,10.38232],[-75.52578,10.38238],[-75.52582,10.38242],[-75.52585,10.38246],[-75.52587,10.38248],[-75.52588,10.38251],[-75.5259,10.38253],[-75.52591,10.38255],[-75.52592,10.38258],[-75.52593,10.3826],[-75.52594,10.38262],[-75.52595,10.38265],[-75.52597,10.38267],[-75.52598,10.38269],[-75.526,10.38272],[-75.52603,10.38276],[-75.52604,10.38278],[-75.52606,10.3828],[-75.52608,10.38282],[-75.52609,10.38284],[-75.52611,10.38286],[-75.52612,10.38288],[-75.52614,10.3829],[-75.52617,10.38294],[-75.52618,10.38296],[-75.5262,10.38298],[-75.52622,10.383],[-75.52624,10.38301],[-75.52629,10.38307],[-75.52631,10.38309],[-75.52633,10.38311],[-75.52634,10.38313],[-75.52636,10.38315],[-75.52638,10.38316],[-75.5264,10.38318],[-75.52642,10.3832],[-75.52644,10.38321],[-75.52646,10.38323],[-75.5265,10.38326],[-75.52655,10.38328],[-75.52659,10.38331],[-75.52661,10.38332],[-75.52663,10.38334],[-75.52665,10.38336],[-75.52667,10.38337],[-75.5267,10.38339],[-75.52672,10.3834],[-75.52674,10.38342],[-75.52677,10.38343],[-75.5268,10.38343],[-75.52683,10.38345],[-75.52686,10.38346],[-75.52689,10.38347],[-75.52692,10.38348],[-75.52695,10.38349],[-75.52699,10.3835],[-75.52702,10.38352],[-75.52708,10.38354],[-75.52711,10.38355],[-75.52715,10.38356],[-75.52718,10.38357],[-75.52721,10.38358],[-75.52724,10.38359],[-75.52728,10.3836],[-75.52731,10.38362],[-75.52734,10.38363],[-75.52737,10.38365],[-75.5274,10.38367],[-75.52743,10.38368],[-75.52746,10.3837],[-75.52749,10.38372],[-75.52752,10.38374],[-75.52754,10.38376],[-75.52757,10.38378],[-75.5276,10.3838],[-75.52763,10.38382],[-75.52766,10.38384],[-75.52768,10.38387],[-75.52774,10.38391],[-75.52776,10.38393],[-75.52779,10.38395],[-75.52782,10.38397],[-75.52784,10.38399],[-75.52787,10.38401],[-75.5279,10.38403],[-75.52793,10.38405],[-75.52795,10.38407],[-75.52798,10.3841],[-75.528,10.38412],[-75.5281,10.38414],[-75.52853,10.38428],[-75.5289,10.38447],[-75.52924,10.38476],[-75.52958,10.3849],[-75.52985,10.38497],[-75.53,10.38502],[-75.53005,10.38502],[-75.53013,10.38497],[-75.53022,10.38496],[-75.5303,10.38497],[-75.53036,10.385],[-75.53036,10.38501],[-75.53026,10.385],[-75.53017,10.38501],[-75.53011,10.38504],[-75.53004,10.38507],[-75.53,10.38508],[-75.53008,10.38541],[-75.53032,10.38529],[-75.53033,10.38532],[-75.53003,10.38546],[-75.53001,10.38547],[-75.53009,10.38564],[-75.53028,10.3857],[-75.53033,10.38568],[-75.53043,10.38562],[-75.53049,10.38555],[-75.53053,10.38549],[-75.53057,10.3855],[-75.53056,10.38555],[-75.53049,10.38562],[-75.53041,10.38568],[-75.53035,10.38573],[-75.53049,10.38628],[-75.53071,10.38684],[-75.53089,10.38718],[-75.53103,10.38728],[-75.5315,10.38806],[-75.53223,10.38902],[-75.53221,10.38924],[-75.53223,10.38944],[-75.53226,10.38951],[-75.53227,10.38951],[-75.53229,10.38952],[-75.53227,10.38954],[-75.53233,10.38964],[-75.53286,10.39016],[-75.53305,10.39025],[-75.53319,10.39028],[-75.53332,10.39025],[-75.53385,10.3905],[-75.53405,10.39067],[-75.53431,10.39131],[-75.53455,10.39166],[-75.53486,10.39194],[-75.53502,10.39199],[-75.53539,10.39207],[-75.53577,10.39223],[-75.53613,10.39248],[-75.53629,10.39256],[-75.53655,10.39274],[-75.53678,10.39282],[-75.53696,10.39299],[-75.53715,10.3933],[-75.53728,10.39357],[-75.53721,10.39358],[-75.53718,10.3936],[-75.53719,10.39361],[-75.53721,10.39364],[-75.53721,10.39366],[-75.53718,10.39366],[-75.53715,10.39364],[-75.53712,10.39363],[-75.53711,10.39363],[-75.5371,10.39363],[-75.53705,10.3937],[-75.53705,10.39384],[-75.53709,10.39393],[-75.53715,10.39404],[-75.53725,10.39406],[-75.53726,10.39406],[-75.53729,10.39404],[-75.5373,10.39401],[-75.53731,10.39397],[-75.53733,10.39395],[-75.53736,10.39394],[-75.53739,10.39393],[-75.53739,10.39396],[-75.53736,10.39398],[-75.53736,10.39402],[-75.53736,10.39404],[-75.5374,10.39401],[-75.5374,10.39413],[-75.53722,10.39444],[-75.5372,10.39445],[-75.53718,10.39447],[-75.53716,10.3945],[-75.53714,10.39452],[-75.53711,10.39454],[-75.53709,10.39456],[-75.53706,10.39458],[-75.53703,10.3946],[-75.537,10.39461],[-75.53697,10.39461],[-75.53693,10.39462],[-75.5369,10.39462],[-75.53686,10.39463],[-75.53683,10.39463],[-75.53667,10.3946],[-75.53664,10.39458],[-75.53661,10.39457],[-75.53655,10.39453],[-75.53642,10.39443],[-75.5364,10.3944],[-75.53638,10.39438],[-75.53629,10.39428],[-75.53624,10.39423],[-75.53622,10.39421],[-75.53611,10.39408],[-75.53609,10.39405],[-75.53608,10.39402],[-75.53606,10.39399],[-75.53605,10.39396],[-75.53604,10.39393],[-75.53603,10.3939],[-75.53601,10.39387],[-75.536,10.39384],[-75.53598,10.39381],[-75.53597,10.39378],[-75.53595,10.39374],[-75.53594,10.39371],[-75.53593,10.39368],[-75.53592,10.39365],[-75.5359,10.39362],[-75.53589,10.39359],[-75.53587,10.39356],[-75.53585,10.39353],[-75.53583,10.3935],[-75.53581,10.39348],[-75.53579,10.39345],[-75.53577,10.39342],[-75.53575,10.3934],[-75.53571,10.39334],[-75.53569,10.39332],[-75.53567,10.39329],[-75.53565,10.39327],[-75.53563,10.39324],[-75.53561,10.39322],[-75.53558,10.3932],[-75.53561,10.39318],[-75.53559,10.39316],[-75.53556,10.39318],[-75.53552,10.39313],[-75.5355,10.39311],[-75.53543,10.39303],[-75.53541,10.39301],[-75.53538,10.39299],[-75.53536,10.39296],[-75.53533,10.39294],[-75.53507,10.39272],[-75.53505,10.3927],[-75.53502,10.39267],[-75.535,10.39265],[-75.53489,10.39258],[-75.53486,10.39256],[-75.53483,10.39254],[-75.5348,10.39253],[-75.53477,10.39251],[-75.53473,10.3925],[-75.5347,10.39249],[-75.53457,10.39245],[-75.53454,10.39245],[-75.53451,10.39244],[-75.53447,10.39244],[-75.53444,10.39244],[-75.53441,10.39243],[-75.53437,10.39243],[-75.53434,10.39243],[-75.53431,10.39243],[-75.53424,10.39243],[-75.5342,10.39243],[-75.53417,10.39243],[-75.53414,10.39243],[-75.53397,10.39244],[-75.53393,10.39244],[-75.5339,10.39244],[-75.53373,10.39244],[-75.53344,10.39246],[-75.53334,10.39249],[-75.5333,10.39251],[-75.53321,10.39253],[-75.53308,10.39257],[-75.53305,10.39259],[-75.53301,10.3926],[-75.53298,10.39261],[-75.53295,10.39262],[-75.53292,10.39263],[-75.53291,10.39263],[-75.53284,10.39267],[-75.53276,10.39269],[-75.53276,10.39269],[-75.53273,10.3927],[-75.5327,10.39272],[-75.53267,10.39273],[-75.53265,10.39275],[-75.53262,10.39276],[-75.53259,10.39276],[-75.53256,10.39274],[-75.53253,10.39274],[-75.5325,10.39275],[-75.53246,10.39276],[-75.53243,10.39277],[-75.53238,10.39279],[-75.53234,10.3928],[-75.53231,10.39281],[-75.53228,10.39282],[-75.53225,10.39283],[-75.53202,10.39292],[-75.532,10.39293],[-75.53178,10.3931],[-75.53168,10.39321],[-75.53149,10.39364],[-75.53149,10.39367],[-75.53148,10.39371],[-75.53148,10.39375],[-75.53147,10.39381],[-75.53144,10.39388],[-75.53141,10.39395],[-75.53138,10.39405],[-75.53137,10.39414],[-75.53106,10.39464],[-75.53077,10.39503],[-75.53016,10.39533],[-75.52992,10.39544],[-75.52931,10.39567],[-75.5291,10.39585],[-75.52897,10.3959],[-75.52895,10.39593],[-75.52893,10.39596],[-75.52892,10.39599],[-75.5289,10.39602],[-75.52888,10.39604],[-75.52886,10.39607],[-75.52882,10.39613],[-75.5288,10.39615],[-75.52878,10.39618],[-75.52876,10.3962],[-75.52873,10.39622],[-75.5287,10.39624],[-75.52867,10.39625],[-75.52864,10.39626],[-75.52861,10.39626],[-75.52857,10.39625],[-75.52854,10.39625],[-75.52851,10.39624],[-75.52847,10.39624],[-75.52844,10.39622],[-75.52842,10.3962],[-75.5284,10.39617],[-75.52838,10.39614],[-75.52837,10.39611],[-75.52836,10.39608],[-75.52834,10.39605],[-75.52832,10.39603],[-75.5283,10.396],[-75.52827,10.39599],[-75.52824,10.39598],[-75.52821,10.39597],[-75.52818,10.39595],[-75.52815,10.39593],[-75.52812,10.39592],[-75.52809,10.3959],[-75.52806,10.39589],[-75.52803,10.39587],[-75.528,10.39585],[-75.52797,10.39584],[-75.52795,10.39582],[-75.52792,10.3958],[-75.52789,10.39579],[-75.52786,10.39578],[-75.52783,10.39576],[-75.5278,10.39573],[-75.52778,10.39571],[-75.52776,10.39568],[-75.52774,10.39566],[-75.52772,10.39563],[-75.5277,10.39561],[-75.52768,10.39558],[-75.52766,10.39556],[-75.52759,10.39548],[-75.52757,10.39546],[-75.52755,10.39544],[-75.52752,10.39544],[-75.52721,10.39518],[-75.52713,10.39508],[-75.5271,10.39506],[-75.52708,10.39503],[-75.527,10.39493],[-75.52697,10.39491],[-75.52695,10.39489],[-75.52692,10.39486],[-75.5269,10.39485],[-75.52687,10.39483],[-75.52684,10.39481],[-75.52681,10.39479],[-75.52678,10.39477],[-75.52676,10.39477],[-75.52673,10.39475],[-75.52666,10.39473],[-75.52663,10.39472],[-75.5266,10.3947],[-75.52657,10.39469],[-75.52654,10.39467],[-75.52651,10.39465],[-75.52648,10.39463],[-75.52646,10.39461],[-75.52643,10.39459],[-75.5264,10.39458],[-75.52636,10.39457],[-75.52633,10.39457],[-75.5263,10.39457],[-75.52626,10.39458],[-75.52623,10.39459],[-75.5262,10.3946],[-75.52617,10.39461],[-75.52613,10.39462],[-75.5261,10.39462],[-75.52607,10.39462],[-75.52601,10.39462],[-75.52597,10.39462],[-75.52588,10.39462],[-75.52585,10.39462],[-75.52581,10.39462],[-75.52578,10.39462],[-75.52574,10.39462],[-75.52571,10.39462],[-75.52568,10.39461],[-75.52561,10.39461],[-75.52557,10.39461],[-75.52554,10.39461],[-75.52551,10.39462],[-75.52547,10.39462],[-75.52544,10.39461],[-75.52541,10.39461],[-75.52538,10.3946],[-75.52535,10.39459],[-75.52532,10.39457],[-75.5253,10.39454],[-75.52528,10.39452],[-75.5253,10.39459],[-75.52531,10.39462],[-75.5253,10.39465],[-75.52575,10.39487],[-75.52581,10.39491],[-75.52584,10.39492],[-75.52587,10.39494],[-75.5259,10.39495],[-75.52593,10.39496],[-75.52597,10.39496],[-75.526,10.39497],[-75.52603,10.39499],[-75.52605,10.39501],[-75.52608,10.39503],[-75.52611,10.39504],[-75.52614,10.39506],[-75.52615,10.39507],[-75.52596,10.39557],[-75.52572,10.39579],[-75.52563,10.39583],[-75.52509,10.39576],[-75.52464,10.39565],[-75.52462,10.39568],[-75.52461,10.39571],[-75.5246,10.39574],[-75.52458,10.39577],[-75.52456,10.3958],[-75.52454,10.39583],[-75.52452,10.39585],[-75.52449,10.39587],[-75.52446,10.39588],[-75.52443,10.3959],[-75.5244,10.39592],[-75.52437,10.39594],[-75.52435,10.39595],[-75.52432,10.39597],[-75.52429,10.396],[-75.52427,10.39602],[-75.52424,10.39604],[-75.52421,10.39606],[-75.52419,10.39608],[-75.52417,10.39611],[-75.52416,10.39614],[-75.52416,10.39617],[-75.52417,10.39621],[-75.52419,10.39623],[-75.52421,10.39625],[-75.52422,10.39625],[-75.52454,10.39646],[-75.52498,10.39658],[-75.52541,10.39645],[-75.52558,10.39644],[-75.52579,10.39642],[-75.52601,10.39644],[-75.52614,10.39653],[-75.52622,10.39663],[-75.52633,10.39668],[-75.52665,10.39625],[-75.52678,10.39603],[-75.52962,10.39789],[-75.53001,10.3976],[-75.53005,10.39758],[-75.53025,10.39788],[-75.5294,10.39842],[-75.52872,10.39894],[-75.52829,10.3992],[-75.52817,10.39927],[-75.52779,10.39952],[-75.52749,10.39976],[-75.52701,10.40008],[-75.5269,10.40011],[-75.52576,10.39839],[-75.52536,10.39811],[-75.52513,10.39802],[-75.52509,10.39789],[-75.52507,10.39786],[-75.52505,10.39783],[-75.52504,10.3978],[-75.52503,10.39777],[-75.52502,10.39774],[-75.52501,10.39771],[-75.525,10.39768],[-75.52499,10.39764],[-75.52498,10.39761],[-75.52498,10.39758],[-75.52497,10.39755],[-75.52496,10.39752],[-75.52494,10.39749],[-75.52492,10.39747],[-75.52489,10.39745],[-75.52486,10.39743],[-75.52483,10.39741],[-75.5248,10.3974],[-75.52477,10.3974],[-75.52474,10.39739],[-75.52471,10.39738],[-75.52468,10.39736],[-75.52466,10.39733],[-75.52466,10.3973],[-75.52468,10.39728],[-75.52472,10.39727],[-75.52475,10.39727],[-75.52478,10.39728],[-75.52481,10.39729],[-75.52484,10.39731],[-75.52487,10.39733],[-75.5249,10.39734],[-75.52493,10.39736],[-75.52499,10.39738],[-75.52502,10.39739],[-75.52506,10.3974],[-75.52509,10.39741],[-75.52512,10.39742],[-75.52516,10.39743],[-75.52522,10.39744],[-75.52526,10.39745],[-75.52529,10.39746],[-75.52532,10.39746],[-75.52536,10.39747],[-75.52539,10.39748],[-75.52542,10.39747],[-75.52555,10.39753],[-75.5258,10.39716],[-75.52582,10.39714],[-75.52585,10.39712],[-75.52587,10.39709],[-75.52589,10.39707],[-75.52591,10.39704],[-75.52592,10.39701],[-75.52593,10.39697],[-75.52593,10.39694],[-75.52593,10.39691],[-75.52593,10.39688],[-75.52592,10.39684],[-75.5259,10.39682],[-75.52587,10.39681],[-75.52583,10.3968],[-75.5258,10.39681],[-75.52577,10.39682],[-75.52574,10.39684],[-75.52571,10.39686],[-75.52568,10.39687],[-75.52565,10.39689],[-75.5256,10.39694],[-75.52558,10.39696],[-75.52555,10.39698],[-75.52553,10.397],[-75.5255,10.39701],[-75.52546,10.39701],[-75.52543,10.397],[-75.5254,10.39698],[-75.52537,10.39697],[-75.52535,10.39699],[-75.52534,10.39702],[-75.52537,10.39705],[-75.52539,10.39707],[-75.52543,10.39712],[-75.52545,10.39715],[-75.52544,10.39718],[-75.52542,10.3972],[-75.5254,10.39722],[-75.52537,10.39724],[-75.52534,10.39726],[-75.52532,10.39728],[-75.52528,10.39729],[-75.52525,10.39728],[-75.52522,10.39726],[-75.52519,10.39725],[-75.52516,10.39723],[-75.52514,10.3972],[-75.52513,10.39717],[-75.52513,10.39714],[-75.52514,10.39711],[-75.52515,10.39708],[-75.52517,10.39705],[-75.52519,10.39702],[-75.52521,10.397],[-75.52524,10.39698],[-75.52526,10.39696],[-75.52529,10.39694],[-75.52532,10.39692],[-75.52535,10.39691],[-75.52538,10.3969],[-75.52541,10.39689],[-75.52544,10.39687],[-75.52547,10.39686],[-75.5255,10.39685],[-75.52553,10.39683],[-75.52556,10.39681],[-75.52559,10.39679],[-75.52562,10.39681],[-75.52565,10.39682],[-75.52568,10.39681],[-75.52571,10.39679],[-75.52573,10.39677],[-75.52576,10.39674],[-75.52578,10.39673],[-75.52581,10.39671],[-75.52584,10.3967],[-75.52585,10.39667],[-75.52584,10.39662],[-75.5258,10.39654],[-75.52577,10.39652],[-75.52574,10.39652],[-75.52571,10.39651],[-75.52567,10.39651],[-75.52564,10.39651],[-75.5256,10.39652],[-75.52557,10.39652],[-75.52554,10.39653],[-75.5255,10.39654],[-75.52547,10.39654],[-75.52544,10.39655],[-75.52541,10.39656],[-75.52534,10.39659],[-75.52528,10.39661],[-75.52525,10.39662],[-75.52518,10.39664],[-75.52515,10.39665],[-75.52512,10.39666],[-75.52509,10.39667],[-75.52505,10.39668],[-75.52502,10.39669],[-75.52499,10.39669],[-75.52495,10.3967],[-75.52492,10.3967],[-75.52489,10.3967],[-75.52485,10.39669],[-75.52482,10.39668],[-75.52479,10.39667],[-75.52476,10.39667],[-75.52472,10.39666],[-75.52469,10.39665],[-75.52466,10.39664],[-75.52463,10.39663],[-75.52459,10.39662],[-75.52456,10.39661],[-75.52453,10.39661],[-75.52449,10.39661],[-75.52446,10.39661],[-75.52443,10.39662],[-75.52439,10.39662],[-75.52436,10.39662],[-75.52433,10.39661],[-75.5243,10.39659],[-75.52427,10.39657],[-75.52425,10.39655],[-75.52423,10.39652],[-75.52422,10.39649],[-75.52423,10.39646],[-75.52423,10.39642],[-75.52423,10.39639],[-75.52421,10.39637],[-75.52418,10.39635],[-75.52415,10.39634],[-75.52412,10.39633],[-75.52409,10.39632],[-75.52406,10.39634],[-75.52403,10.39636],[-75.52401,10.39638],[-75.52399,10.3964],[-75.52397,10.39642],[-75.52394,10.39645],[-75.52393,10.39648],[-75.52391,10.39651],[-75.52389,10.39653],[-75.52386,10.39655],[-75.52383,10.39657],[-75.5238,10.39659],[-75.52377,10.3966],[-75.52374,10.39661],[-75.52371,10.39663],[-75.52368,10.39665],[-75.52366,10.39667],[-75.52364,10.3967],[-75.52365,10.39673],[-75.52373,10.39676],[-75.52383,10.39677],[-75.52402,10.3968],[-75.52417,10.39682],[-75.52435,10.39685],[-75.52427,10.39753],[-75.5242,10.39768],[-75.52415,10.39807],[-75.52414,10.39824],[-75.5241,10.39837],[-75.52409,10.39841],[-75.52398,10.39909],[-75.5235,10.39905],[-75.52347,10.39936],[-75.52352,10.39937],[-75.52353,10.39979],[-75.52369,10.3998],[-75.52374,10.39994],[-75.52376,10.39997],[-75.52376,10.4],[-75.52377,10.40003],[-75.52378,10.40007],[-75.52378,10.4001],[-75.52379,10.40016],[-75.52379,10.40019],[-75.5238,10.40021],[-75.5238,10.40024],[-75.52381,10.40028],[-75.52382,10.40031],[-75.52383,10.40034],[-75.52384,10.40037],[-75.52385,10.4004],[-75.52386,10.40043],[-75.52388,10.40046],[-75.5239,10.40048],[-75.52393,10.4005],[-75.52397,10.40051],[-75.524,10.40052],[-75.52403,10.40054],[-75.52438,10.4008],[-75.52441,10.40082],[-75.52443,10.40084],[-75.52446,10.40086],[-75.52449,10.40087],[-75.52452,10.40088],[-75.52455,10.4009],[-75.52457,10.40092],[-75.52459,10.40095],[-75.52461,10.40098],[-75.52463,10.40101],[-75.52465,10.40103],[-75.52467,10.40106],[-75.5247,10.40108],[-75.52472,10.4011],[-75.52474,10.40113],[-75.52481,10.4012],[-75.52485,10.40125],[-75.52487,10.40127],[-75.52489,10.4013],[-75.52505,10.40139],[-75.52508,10.40139],[-75.52512,10.4014],[-75.52515,10.40142],[-75.52515,10.40145],[-75.52512,10.40144],[-75.52509,10.40143],[-75.52506,10.40142],[-75.52502,10.40143],[-75.525,10.40145],[-75.52501,10.40148],[-75.52502,10.40151],[-75.52503,10.40154],[-75.52503,10.4016],[-75.52504,10.40164],[-75.52504,10.40168],[-75.52503,10.40171],[-75.52501,10.40174],[-75.52499,10.40176],[-75.52496,10.40179],[-75.52494,10.40181],[-75.52491,10.40183],[-75.52492,10.40188],[-75.52492,10.40191],[-75.52485,10.40192],[-75.52483,10.40192],[-75.52481,10.40192],[-75.52473,10.40192],[-75.52466,10.40191],[-75.5246,10.40192],[-75.5245,10.40193],[-75.52443,10.40193],[-75.52439,10.40195],[-75.52433,10.40196],[-75.52428,10.40199],[-75.52424,10.40199],[-75.5242,10.40199],[-75.52417,10.40197],[-75.52413,10.40197],[-75.52412,10.40199],[-75.52407,10.40201],[-75.52405,10.40198],[-75.52398,10.40196],[-75.52397,10.40197],[-75.524,10.402],[-75.52395,10.40205],[-75.52397,10.40206],[-75.52401,10.4021],[-75.52402,10.40212],[-75.52394,10.40218],[-75.52392,10.40221],[-75.52387,10.40219],[-75.5239,10.40215],[-75.52386,10.40214],[-75.5238,10.40219],[-75.52377,10.40224],[-75.52372,10.40227],[-75.52372,10.40235],[-75.52375,10.40235],[-75.52375,10.40237],[-75.52373,10.40238],[-75.52373,10.40243],[-75.52374,10.40245],[-75.52377,10.40249],[-75.52376,10.40252],[-75.52378,10.40264],[-75.52378,10.40271],[-75.52377,10.40274],[-75.52356,10.40273],[-75.52332,10.40278],[-75.52325,10.40286],[-75.52326,10.40291],[-75.52338,10.40325],[-75.52356,10.40346],[-75.52372,10.40353],[-75.52368,10.40365],[-75.52372,10.40375],[-75.52377,10.40382],[-75.52383,10.40379],[-75.52392,10.40392],[-75.52393,10.40412],[-75.52396,10.40422],[-75.52401,10.40434],[-75.52402,10.40458],[-75.52404,10.40491],[-75.52416,10.40493],[-75.52423,10.40498],[-75.52434,10.40505],[-75.52446,10.40519],[-75.52455,10.40531],[-75.52471,10.40542],[-75.52484,10.40544],[-75.52493,10.40552],[-75.52503,10.40557],[-75.52513,10.40562],[-75.52518,10.40567],[-75.52515,10.40573],[-75.52516,10.40576],[-75.52515,10.40579],[-75.52513,10.40583],[-75.52428,10.40545],[-75.52388,10.40528],[-75.52305,10.40512],[-75.522,10.4054],[-75.52139,10.40551],[-75.52133,10.40714],[-75.52137,10.40772],[-75.52104,10.40694]]]}},{"type":"Feature","properties":{"FID":174,"CODIGO":"7300","NOMBRE":"ALBORNOZ","UCG":11,"LOC":"LI","ZONA":"UCG 11","Shape__Area":107737.248046875,"Shape__Length":1722.6645877054727},"geometry":{"type":"Polygon","coordinates":[[[-75.50599,10.37098],[-75.50623,10.37033],[-75.5065,10.36949],[-75.50653,10.3694],[-75.50674,10.36908],[-75.50696,10.36884],[-75.50697,10.36879],[-75.50721,10.36852],[-75.50744,10.36826],[-75.50766,10.36791],[-75.50769,10.3678],[-75.50791,10.36783],[-75.50826,10.36784],[-75.50868,10.36787],[-75.50881,10.3679],[-75.5087,10.36813],[-75.50867,10.36826],[-75.50876,10.36841],[-75.50877,10.36857],[-75.50877,10.3686],[-75.50879,10.36864],[-75.50882,10.36865],[-75.50885,10.36865],[-75.50887,10.36868],[-75.50887,10.36872],[-75.50886,10.36876],[-75.50886,10.36877],[-75.50886,10.36882],[-75.50887,10.36883],[-75.50887,10.36886],[-75.50888,10.36891],[-75.50889,10.36893],[-75.50889,10.36897],[-75.50889,10.36899],[-75.5089,10.36906],[-75.5089,10.36909],[-75.50891,10.36913],[-75.50891,10.36916],[-75.50892,10.36919],[-75.50896,10.36921],[-75.509,10.36922],[-75.50903,10.36922],[-75.50905,10.36922],[-75.50908,10.36924],[-75.50907,10.36927],[-75.50907,10.36929],[-75.5091,10.36931],[-75.50914,10.36932],[-75.50916,10.36933],[-75.5092,10.36933],[-75.50919,10.36937],[-75.50919,10.3694],[-75.50918,10.36945],[-75.50917,10.36949],[-75.50916,10.36952],[-75.50916,10.36954],[-75.50916,10.36958],[-75.50915,10.3696],[-75.50915,10.36963],[-75.50915,10.36968],[-75.50915,10.36971],[-75.50913,10.36975],[-75.50913,10.36977],[-75.50911,10.36981],[-75.50911,10.36983],[-75.5091,10.36987],[-75.50909,10.3699],[-75.50909,10.36995],[-75.50908,10.36999],[-75.50908,10.37002],[-75.50907,10.37003],[-75.50905,10.37002],[-75.50902,10.37],[-75.50901,10.36999],[-75.50898,10.36998],[-75.50886,10.37004],[-75.50857,10.36987],[-75.50856,10.36993],[-75.50858,10.36995],[-75.50859,10.36998],[-75.50858,10.37001],[-75.50857,10.37008],[-75.50857,10.3701],[-75.50856,10.37014],[-75.50857,10.37017],[-75.50859,10.3702],[-75.50861,10.37021],[-75.50864,10.37022],[-75.50867,10.37024],[-75.50869,10.37026],[-75.50874,10.37028],[-75.50877,10.3703],[-75.50876,10.37033],[-75.50873,10.37034],[-75.50869,10.37034],[-75.50867,10.37032],[-75.50866,10.37031],[-75.50862,10.37029],[-75.50859,10.3703],[-75.50855,10.37033],[-75.50852,10.37036],[-75.5085,10.37038],[-75.50849,10.37041],[-75.50847,10.37045],[-75.50846,10.37048],[-75.50844,10.37051],[-75.50843,10.37056],[-75.50843,10.37059],[-75.50844,10.37063],[-75.50845,10.37065],[-75.50848,10.37068],[-75.5085,10.37069],[-75.50854,10.3707],[-75.50853,10.37073],[-75.50852,10.37077],[-75.5085,10.37081],[-75.50849,10.37084],[-75.50844,10.37089],[-75.50843,10.37101],[-75.50843,10.37105],[-75.50843,10.37109],[-75.50844,10.37111],[-75.50844,10.37114],[-75.50845,10.37117],[-75.50846,10.37121],[-75.50848,10.37124],[-75.50849,10.37127],[-75.50851,10.37131],[-75.50854,10.37134],[-75.50857,10.37137],[-75.50859,10.37138],[-75.50862,10.37137],[-75.50865,10.37138],[-75.50866,10.37136],[-75.50869,10.37136],[-75.50875,10.37138],[-75.50882,10.3714],[-75.50882,10.37145],[-75.50886,10.37145],[-75.50888,10.37146],[-75.50889,10.3715],[-75.50891,10.37152],[-75.50893,10.37154],[-75.50894,10.37155],[-75.50896,10.37158],[-75.50899,10.37157],[-75.50902,10.37158],[-75.50904,10.37158],[-75.50908,10.3716],[-75.50911,10.37161],[-75.50913,10.37163],[-75.50918,10.37165],[-75.50919,10.37165],[-75.5092,10.37169],[-75.50921,10.37173],[-75.50923,10.37174],[-75.50926,10.37175],[-75.50928,10.37176],[-75.50931,10.37177],[-75.50931,10.37182],[-75.50935,10.37185],[-75.50936,10.37186],[-75.50939,10.37187],[-75.50944,10.37189],[-75.50946,10.37189],[-75.50949,10.37191],[-75.50952,10.37193],[-75.50955,10.37197],[-75.50955,10.37201],[-75.50955,10.37203],[-75.50954,10.37207],[-75.50955,10.37211],[-75.50954,10.37215],[-75.50953,10.37217],[-75.50942,10.37217],[-75.50939,10.37218],[-75.50938,10.37222],[-75.50938,10.37225],[-75.50938,10.37227],[-75.50939,10.37231],[-75.5092,10.37234],[-75.50599,10.37098]]]}},{"type":"Feature","properties":{"FID":175,"CODIGO":"7452","NOMBRE":"VILLA ROSA","UCG":11,"LOC":"LI","ZONA":"UCG 11","Shape__Area":89301.6484375,"Shape__Length":1707.7439141976379},"geometry":{"type":"Polygon","coordinates":[[[-75.49952,10.36908],[-75.49874,10.36904],[-75.49734,10.36894],[-75.49777,10.36778],[-75.4978,10.3676],[-75.49777,10.36725],[-75.49774,10.36713],[-75.49768,10.36632],[-75.49801,10.36616],[-75.49851,10.36613],[-75.49874,10.36481],[-75.49903,10.36482],[-75.49904,10.36547],[-75.49992,10.36547],[-75.50058,10.36547],[-75.50057,10.36701],[-75.49982,10.36681],[-75.49936,10.36674],[-75.49899,10.36681],[-75.49892,10.36698],[-75.49901,10.3673],[-75.49965,10.36897],[-75.49952,10.36908]]]}},{"type":"Feature","properties":{"FID":176,"CODIGO":"8900","NOMBRE":"HENEQUEN","UCG":11,"LOC":"LI","ZONA":"UCG 11","Shape__Area":366264.49609375,"Shape__Length":2491.4011638637057},"geometry":{"type":"Polygon","coordinates":[[[-75.49189,10.36693],[-75.49104,10.3658],[-75.49089,10.3656],[-75.49085,10.36548],[-75.49079,10.36509],[-75.49068,10.36474],[-75.49032,10.36414],[-75.49279,10.36384],[-75.49434,10.36342],[-75.49598,10.36309],[-75.49804,10.36378],[-75.49878,10.36452],[-75.49874,10.36481],[-75.49851,10.36613],[-75.49801,10.36616],[-75.49768,10.36632],[-75.49774,10.36713],[-75.49741,10.36717],[-75.49658,10.36742],[-75.49565,10.36752],[-75.49486,10.36778],[-75.49298,10.36833],[-75.49255,10.36788],[-75.49189,10.36693]]]}},{"type":"Feature","properties":{"FID":177,"CODIGO":"7250","NOMBRE":"ANTONIO JOSE DE SUCRE","UCG":11,"LOC":"LI","ZONA":"UCG 11","Shape__Area":253884.7626953125,"Shape__Length":2621.9786579125484},"geometry":{"type":"Polygon","coordinates":[[[-75.49774,10.37178],[-75.49781,10.37198],[-75.49799,10.37196],[-75.49814,10.37194],[-75.4982,10.37219],[-75.49826,10.37245],[-75.49831,10.37278],[-75.49909,10.3728],[-75.49908,10.37323],[-75.49841,10.37319],[-75.49802,10.37313],[-75.49711,10.37301],[-75.49679,10.37295],[-75.49584,10.3729],[-75.49591,10.37228],[-75.49589,10.37194],[-75.49579,10.37167],[-75.49557,10.37139],[-75.49525,10.37119],[-75.49448,10.37058],[-75.49413,10.37009],[-75.49391,10.36971],[-75.49371,10.36942],[-75.49351,10.36913],[-75.49334,10.36886],[-75.49298,10.36833],[-75.49486,10.36778],[-75.49565,10.36752],[-75.49658,10.36742],[-75.49741,10.36717],[-75.49774,10.36713],[-75.49777,10.36725],[-75.4978,10.3676],[-75.49777,10.36778],[-75.49734,10.36894],[-75.49874,10.36904],[-75.49877,10.36962],[-75.49875,10.3698],[-75.49873,10.36981],[-75.49872,10.36985],[-75.49866,10.37031],[-75.49861,10.37031],[-75.49856,10.37065],[-75.49857,10.37079],[-75.49849,10.3708],[-75.49851,10.37121],[-75.49828,10.37127],[-75.49792,10.37136],[-75.4976,10.37145],[-75.49768,10.3717],[-75.49771,10.3717],[-75.49774,10.37178]]]}},{"type":"Feature","properties":{"FID":178,"CODIGO":"7450","NOMBRE":"EL LIBERTADOR","UCG":11,"LOC":"LI","ZONA":"UCG 11","Shape__Area":144979.9619140625,"Shape__Length":2189.899982429253},"geometry":{"type":"Polygon","coordinates":[[[-75.50377,10.37119],[-75.50383,10.37079],[-75.50376,10.37079],[-75.50247,10.37072],[-75.50247,10.37072],[-75.50247,10.37065],[-75.50247,10.37059],[-75.50207,10.37057],[-75.50207,10.37055],[-75.50172,10.37054],[-75.50137,10.37053],[-75.50136,10.37053],[-75.50136,10.3705],[-75.50135,10.3705],[-75.5013,10.37051],[-75.50113,10.3705],[-75.50104,10.3705],[-75.50093,10.37049],[-75.50094,10.3706],[-75.50095,10.37068],[-75.49942,10.37062],[-75.49915,10.37062],[-75.49906,10.37064],[-75.49902,10.37046],[-75.49903,10.37029],[-75.49926,10.37025],[-75.49923,10.36988],[-75.49872,10.36985],[-75.49873,10.36981],[-75.49875,10.3698],[-75.49877,10.36962],[-75.49874,10.36904],[-75.49952,10.36908],[-75.50276,10.36927],[-75.50369,10.36929],[-75.50402,10.3693],[-75.50524,10.3694],[-75.5065,10.36949],[-75.50623,10.37033],[-75.50599,10.37098],[-75.50588,10.37126],[-75.50377,10.37119]]]}},{"type":"Feature","properties":{"FID":179,"CODIGO":"7200","NOMBRE":"BELLAVISTA","UCG":11,"LOC":"LI","ZONA":"UCG 11","Shape__Area":164996.29296875,"Shape__Length":1897.9697461120709},"geometry":{"type":"Polygon","coordinates":[[[-75.50093,10.37049],[-75.50104,10.3705],[-75.50113,10.3705],[-75.5013,10.37051],[-75.50135,10.3705],[-75.50136,10.3705],[-75.50136,10.37053],[-75.50137,10.37053],[-75.50172,10.37054],[-75.50207,10.37055],[-75.50207,10.37057],[-75.50247,10.37059],[-75.50247,10.37065],[-75.50247,10.37072],[-75.50247,10.37072],[-75.50376,10.37079],[-75.50383,10.37079],[-75.50377,10.37119],[-75.50588,10.37126],[-75.50558,10.37217],[-75.50501,10.37362],[-75.5049,10.37363],[-75.50457,10.37357],[-75.50284,10.37335],[-75.50269,10.37331],[-75.50237,10.3733],[-75.50237,10.37327],[-75.50227,10.37324],[-75.50224,10.37332],[-75.50148,10.37328],[-75.501,10.37331],[-75.50036,10.37329],[-75.50037,10.3732],[-75.50043,10.37271],[-75.50044,10.37256],[-75.50044,10.37242],[-75.50044,10.37222],[-75.50042,10.37208],[-75.50028,10.3717],[-75.50011,10.37143],[-75.49992,10.37101],[-75.49988,10.37096],[-75.50092,10.37102],[-75.50097,10.37102],[-75.50095,10.37068],[-75.50094,10.3706],[-75.50093,10.37049]]]}},{"type":"Feature","properties":{"FID":180,"CODIGO":"2470","NOMBRE":"LA INDIA","UCG":6,"LOC":"LV","ZONA":"UCG 6","Shape__Area":94768.9716796875,"Shape__Length":1293.4649822686958},"geometry":{"type":"Polygon","coordinates":[[[-75.44757,10.41351],[-75.44595,10.41465],[-75.44552,10.41401],[-75.44515,10.4136],[-75.44488,10.41328],[-75.44461,10.41296],[-75.44367,10.41179],[-75.44361,10.41171],[-75.44539,10.41057],[-75.44757,10.41351]]]}},{"type":"Feature","properties":{"FID":181,"CODIGO":"0060","NOMBRE":"FLOR DEL CAMPO","UCG":6,"LOC":"LV","ZONA":"UCG 6","Shape__Area":156001.10546875,"Shape__Length":2340.6640648372336},"geometry":{"type":"Polygon","coordinates":[[[-75.45095,10.41857],[-75.44716,10.42176],[-75.44667,10.42217],[-75.44648,10.42194],[-75.44634,10.42135],[-75.44629,10.42091],[-75.44753,10.42096],[-75.44731,10.42039],[-75.44705,10.41993],[-75.44689,10.41965],[-75.44698,10.41946],[-75.44656,10.41896],[-75.44617,10.41929],[-75.44519,10.41873],[-75.44686,10.41825],[-75.44784,10.41741],[-75.44851,10.41808],[-75.45053,10.41646],[-75.45095,10.41857]]]}},{"type":"Feature","properties":{"FID":182,"CODIGO":"0080","NOMBRE":"CIUDAD BICENTENARIO","UCG":6,"LOC":"LV","ZONA":"UCG 6","Shape__Area":4096722.0126953125,"Shape__Length":11727.295428485768},"geometry":{"type":"Polygon","coordinates":[[[-75.45096,10.41912],[-75.45099,10.41968],[-75.45094,10.42428],[-75.45027,10.42625],[-75.44436,10.42875],[-75.44434,10.43075],[-75.44425,10.43167],[-75.44324,10.43844],[-75.44252,10.44357],[-75.44191,10.44853],[-75.44172,10.4493],[-75.44136,10.44955],[-75.44111,10.44956],[-75.43712,10.44966],[-75.43831,10.44223],[-75.43892,10.43811],[-75.43524,10.43778],[-75.42921,10.43726],[-75.43006,10.43474],[-75.43023,10.43421],[-75.4318,10.42889],[-75.43279,10.42553],[-75.43279,10.42513],[-75.4325,10.4225],[-75.43326,10.42172],[-75.43311,10.42015],[-75.43409,10.41935],[-75.43537,10.41828],[-75.43704,10.4173],[-75.43857,10.41629],[-75.43868,10.41653],[-75.44072,10.41862],[-75.44074,10.41881],[-75.44138,10.41936],[-75.44176,10.42226],[-75.44354,10.42263],[-75.44524,10.42283],[-75.44664,10.42294],[-75.44666,10.42255],[-75.4466,10.42236],[-75.44667,10.42217],[-75.44716,10.42176],[-75.45095,10.41857],[-75.45096,10.41912]]]}},{"type":"Feature","properties":{"FID":183,"CODIGO":"0070","NOMBRE":"URBANIZACION COLOMBIATON","UCG":6,"LOC":"LV","ZONA":"UCG 6","Shape__Area":141601.0546875,"Shape__Length":1933.6000172207257},"geometry":{"type":"Polygon","coordinates":[[[-75.44519,10.41873],[-75.44463,10.41842],[-75.44492,10.41821],[-75.44426,10.41734],[-75.44443,10.41719],[-75.44409,10.41678],[-75.44391,10.41693],[-75.44302,10.41616],[-75.44281,10.41584],[-75.4444,10.41533],[-75.44374,10.41462],[-75.44552,10.41401],[-75.44595,10.41465],[-75.44762,10.41684],[-75.44606,10.41732],[-75.44651,10.41786],[-75.44686,10.41825],[-75.44519,10.41873]]]}},{"type":"Feature","properties":{"FID":184,"CODIGO":"0090","NOMBRE":"VILLAS DE LA CANDELARIA","UCG":6,"LOC":"LV","ZONA":"UCG 6","Shape__Area":184231.9912109375,"Shape__Length":2133.1676800329237},"geometry":{"type":"Polygon","coordinates":[[[-75.46048,10.40565],[-75.46049,10.405],[-75.4605,10.40464],[-75.46052,10.40422],[-75.4605,10.40402],[-75.46046,10.4037],[-75.46045,10.40315],[-75.46044,10.40258],[-75.46244,10.40181],[-75.46295,10.40275],[-75.46304,10.40318],[-75.46313,10.40367],[-75.46321,10.40397],[-75.46332,10.40436],[-75.46377,10.40646],[-75.46401,10.40773],[-75.46406,10.40802],[-75.46417,10.40839],[-75.46428,10.40904],[-75.46428,10.40905],[-75.46428,10.40905],[-75.46285,10.40787],[-75.46274,10.40706],[-75.46244,10.40661],[-75.4622,10.40647],[-75.462,10.40644],[-75.46161,10.40642],[-75.46113,10.40665],[-75.46071,10.40658],[-75.46041,10.40649],[-75.46048,10.40565]]]}},{"type":"Feature","properties":{"FID":185,"CODIGO":"8970","NOMBRE":"ZONA INDUSTRIAL","UCG":11,"LOC":"LI","ZONA":"UCG 11","Shape__Area":19965417.284179688,"Shape__Length":41530.20596712509},"geometry":{"type":"MultiPolygon","coordinates":[[[[-75.50908,10.36924],[-75.50905,10.36922],[-75.50903,10.36922],[-75.509,10.36922],[-75.50896,10.36921],[-75.50892,10.36919],[-75.50891,10.36916],[-75.50891,10.36913],[-75.5089,10.36909],[-75.5089,10.36906],[-75.50889,10.36899],[-75.50889,10.36897],[-75.50889,10.36893],[-75.50888,10.36891],[-75.50887,10.36886],[-75.50887,10.36883],[-75.50886,10.36882],[-75.50886,10.36877],[-75.50886,10.36876],[-75.50887,10.36872],[-75.50887,10.3687],[-75.50887,10.36874],[-75.50888,10.36876],[-75.50888,10.36879],[-75.50889,10.36883],[-75.5089,10.36886],[-75.5089,10.3689],[-75.5089,10.36892],[-75.50891,10.36898],[-75.50891,10.36902],[-75.50892,10.36905],[-75.50892,10.36909],[-75.50893,10.36912],[-75.50897,10.36914],[-75.50901,10.36914],[-75.50904,10.36915],[-75.50906,10.36915],[-75.50909,10.36917],[-75.50908,10.3692],[-75.50908,10.36922],[-75.50911,10.36924],[-75.50915,10.36925],[-75.50917,10.36925],[-75.50921,10.36925],[-75.5092,10.3693],[-75.5092,10.36933],[-75.5092,10.36933],[-75.50916,10.36933],[-75.50914,10.36932],[-75.5091,10.36931],[-75.50907,10.36929],[-75.50907,10.36927],[-75.50908,10.36924]]],[[[-75.50437,10.36891],[-75.50371,10.36889],[-75.50369,10.36929],[-75.50276,10.36927],[-75.49952,10.36908],[-75.49965,10.36897],[-75.49901,10.3673],[-75.49892,10.36698],[-75.49899,10.36681],[-75.49936,10.36674],[-75.49982,10.36681],[-75.50057,10.36701],[-75.50058,10.36547],[-75.49992,10.36547],[-75.49904,10.36547],[-75.49903,10.36482],[-75.49874,10.36481],[-75.49878,10.36452],[-75.49804,10.36378],[-75.49598,10.36309],[-75.49434,10.36342],[-75.49279,10.36384],[-75.49037,10.36413],[-75.49033,10.36406],[-75.48987,10.36239],[-75.48925,10.36068],[-75.48872,10.35972],[-75.48869,10.35868],[-75.48888,10.35878],[-75.49069,10.35959],[-75.49125,10.35884],[-75.49208,10.3593],[-75.49273,10.35811],[-75.49326,10.35719],[-75.49377,10.35636],[-75.49417,10.35545],[-75.49292,10.35524],[-75.49226,10.35499],[-75.49178,10.3547],[-75.49155,10.35446],[-75.49125,10.35412],[-75.49109,10.35412],[-75.4907,10.35432],[-75.49049,10.35458],[-75.48918,10.35657],[-75.48872,10.35609],[-75.48872,10.35601],[-75.48873,10.35307],[-75.48874,10.3497],[-75.48884,10.34942],[-75.48854,10.3489],[-75.49106,10.34692],[-75.49121,10.34697],[-75.49156,10.34696],[-75.49467,10.34697],[-75.4947,10.34643],[-75.49478,10.34594],[-75.49517,10.34513],[-75.49413,10.34502],[-75.49358,10.34505],[-75.4931,10.34503],[-75.49214,10.345],[-75.4916,10.3449],[-75.49164,10.34498],[-75.48906,10.345],[-75.48658,10.34505],[-75.48655,10.34498],[-75.48507,10.34242],[-75.48498,10.34203],[-75.48478,10.34164],[-75.48438,10.34088],[-75.48395,10.34007],[-75.48356,10.33934],[-75.48316,10.33857],[-75.48288,10.33805],[-75.48274,10.33778],[-75.48266,10.33758],[-75.48259,10.33745],[-75.48257,10.33734],[-75.48255,10.33699],[-75.48256,10.33658],[-75.48254,10.33606],[-75.48252,10.33556],[-75.48254,10.33505],[-75.48256,10.33471],[-75.48255,10.33431],[-75.48256,10.3335],[-75.48255,10.33241],[-75.48256,10.33204],[-75.48254,10.33119],[-75.48255,10.3308],[-75.48256,10.32984],[-75.48257,10.32893],[-75.48259,10.32789],[-75.48259,10.3269],[-75.48259,10.32582],[-75.48259,10.32548],[-75.48258,10.32456],[-75.48258,10.32361],[-75.48259,10.32272],[-75.4826,10.32187],[-75.4826,10.32182],[-75.48263,10.31732],[-75.48263,10.31662],[-75.48266,10.31662],[-75.48263,10.31542],[-75.48263,10.31451],[-75.48263,10.31326],[-75.48263,10.31245],[-75.48263,10.31182],[-75.48263,10.31148],[-75.48263,10.3112],[-75.48263,10.31111],[-75.48266,10.30965],[-75.49486,10.30977],[-75.49478,10.30106],[-75.49525,10.30017],[-75.49577,10.29941],[-75.49639,10.29829],[-75.49716,10.29718],[-75.50193,10.29155],[-75.50436,10.2886],[-75.51265,10.2883],[-75.51284,10.28808],[-75.51378,10.28863],[-75.51367,10.28901],[-75.51673,10.2912],[-75.51667,10.29124],[-75.51679,10.29133],[-75.51679,10.29135],[-75.51915,10.29294],[-75.52057,10.29401],[-75.52097,10.29431],[-75.52095,10.29432],[-75.52092,10.29432],[-75.52089,10.29432],[-75.52084,10.29433],[-75.52081,10.29434],[-75.52079,10.29436],[-75.52075,10.29438],[-75.52073,10.2944],[-75.52067,10.29443],[-75.52064,10.29444],[-75.52062,10.29445],[-75.52059,10.29446],[-75.52057,10.29447],[-75.52055,10.29447],[-75.52053,10.29448],[-75.5205,10.2945],[-75.52047,10.29451],[-75.52046,10.29452],[-75.52042,10.29454],[-75.52038,10.29457],[-75.52036,10.29458],[-75.52034,10.29459],[-75.52032,10.2946],[-75.5203,10.29461],[-75.52027,10.29461],[-75.52025,10.29462],[-75.52023,10.29463],[-75.52021,10.29463],[-75.52019,10.29464],[-75.52017,10.29464],[-75.52012,10.29466],[-75.5201,10.29466],[-75.52008,10.29467],[-75.52006,10.29468],[-75.52004,10.29469],[-75.51999,10.2947],[-75.51997,10.2947],[-75.51995,10.29471],[-75.51988,10.29474],[-75.51985,10.29475],[-75.51982,10.29476],[-75.51979,10.29477],[-75.51974,10.29479],[-75.51971,10.2948],[-75.51969,10.29481],[-75.51966,10.29483],[-75.51964,10.29484],[-75.51962,10.29485],[-75.51959,10.29486],[-75.51957,10.29487],[-75.51954,10.29489],[-75.51949,10.2949],[-75.51945,10.29492],[-75.51943,10.29493],[-75.5194,10.29495],[-75.51938,10.29497],[-75.51936,10.295],[-75.51934,10.29501],[-75.51933,10.29503],[-75.51931,10.29504],[-75.51929,10.29506],[-75.51928,10.29507],[-75.51925,10.29509],[-75.51922,10.2951],[-75.51919,10.29512],[-75.51916,10.29513],[-75.51907,10.29517],[-75.51903,10.29518],[-75.51902,10.29519],[-75.519,10.2952],[-75.51893,10.29525],[-75.51883,10.29531],[-75.51882,10.29534],[-75.51881,10.29539],[-75.5188,10.29542],[-75.51874,10.29546],[-75.51871,10.29547],[-75.51866,10.29548],[-75.51863,10.29548],[-75.5186,10.29549],[-75.51859,10.2955],[-75.51856,10.29552],[-75.51852,10.29554],[-75.51851,10.29556],[-75.51844,10.2956],[-75.51829,10.29569],[-75.51827,10.29571],[-75.51823,10.29574],[-75.5182,10.29577],[-75.51816,10.2958],[-75.51815,10.29581],[-75.51813,10.29583],[-75.51811,10.29585],[-75.51809,10.29587],[-75.51808,10.29588],[-75.51806,10.2959],[-75.51805,10.29592],[-75.51803,10.29593],[-75.51801,10.29595],[-75.51799,10.29596],[-75.51797,10.29598],[-75.51793,10.296],[-75.51787,10.29605],[-75.51783,10.29607],[-75.5178,10.29608],[-75.51776,10.29609],[-75.51773,10.29611],[-75.5177,10.29612],[-75.51766,10.29614],[-75.51763,10.29616],[-75.5176,10.29617],[-75.51757,10.29619],[-75.51753,10.2962],[-75.5175,10.29621],[-75.51747,10.29623],[-75.51745,10.29624],[-75.51743,10.29626],[-75.51741,10.29629],[-75.51738,10.29632],[-75.51735,10.29633],[-75.51733,10.29633],[-75.51731,10.29632],[-75.51728,10.2963],[-75.51725,10.29628],[-75.51723,10.29627],[-75.51721,10.29626],[-75.51719,10.29625],[-75.51718,10.29624],[-75.51714,10.29622],[-75.51697,10.29634],[-75.51699,10.29635],[-75.51701,10.29637],[-75.51704,10.29639],[-75.51706,10.29641],[-75.51707,10.29642],[-75.51708,10.29644],[-75.51712,10.2965],[-75.51713,10.29653],[-75.51712,10.29656],[-75.51711,10.29659],[-75.5171,10.29661],[-75.51708,10.29666],[-75.51708,10.29669],[-75.51708,10.29675],[-75.51708,10.29678],[-75.51707,10.29685],[-75.51708,10.29688],[-75.51709,10.2969],[-75.5171,10.29692],[-75.51712,10.29695],[-75.51717,10.29699],[-75.51718,10.29702],[-75.51718,10.29704],[-75.51717,10.29706],[-75.51716,10.29708],[-75.51716,10.29711],[-75.51716,10.29713],[-75.51717,10.29716],[-75.51716,10.2972],[-75.51714,10.29721],[-75.51713,10.29723],[-75.5171,10.29726],[-75.51709,10.29727],[-75.51708,10.29729],[-75.51706,10.29733],[-75.51705,10.29735],[-75.51703,10.29738],[-75.51701,10.29741],[-75.517,10.29743],[-75.51698,10.29745],[-75.51695,10.29747],[-75.51692,10.2975],[-75.51689,10.29752],[-75.51687,10.29753],[-75.51685,10.29755],[-75.51684,10.29756],[-75.51683,10.29758],[-75.51682,10.2976],[-75.51681,10.29762],[-75.5168,10.29764],[-75.51678,10.29769],[-75.51678,10.29771],[-75.51677,10.29774],[-75.51676,10.29776],[-75.51674,10.2978],[-75.51673,10.29783],[-75.51672,10.29785],[-75.51671,10.29787],[-75.5167,10.29789],[-75.51669,10.29791],[-75.51667,10.29793],[-75.51666,10.29795],[-75.51665,10.29796],[-75.51662,10.29799],[-75.5166,10.29801],[-75.51659,10.29802],[-75.51657,10.29803],[-75.51654,10.29805],[-75.51652,10.29807],[-75.51651,10.2981],[-75.51651,10.29812],[-75.5165,10.29814],[-75.5165,10.29816],[-75.5165,10.29819],[-75.51649,10.29821],[-75.51649,10.29824],[-75.51648,10.29827],[-75.51647,10.29835],[-75.51647,10.29837],[-75.51647,10.29839],[-75.51647,10.29842],[-75.51646,10.29844],[-75.51647,10.2985],[-75.51647,10.29852],[-75.51647,10.29854],[-75.51647,10.29857],[-75.51646,10.29862],[-75.51646,10.29865],[-75.51645,10.29869],[-75.51645,10.29872],[-75.51644,10.29875],[-75.51645,10.2988],[-75.51646,10.29884],[-75.51646,10.29887],[-75.51646,10.2989],[-75.51647,10.29893],[-75.51647,10.29896],[-75.51648,10.29899],[-75.51649,10.29905],[-75.51649,10.29907],[-75.5165,10.2991],[-75.5165,10.29912],[-75.51651,10.29915],[-75.51651,10.29918],[-75.51652,10.29921],[-75.51652,10.29924],[-75.51653,10.29927],[-75.51653,10.29931],[-75.51654,10.29933],[-75.51654,10.29935],[-75.51655,10.29937],[-75.51658,10.2994],[-75.51661,10.29942],[-75.51664,10.29942],[-75.51671,10.2994],[-75.51675,10.29939],[-75.51677,10.29939],[-75.5168,10.29938],[-75.51683,10.29938],[-75.51689,10.29937],[-75.51692,10.29937],[-75.51694,10.29936],[-75.51698,10.29935],[-75.51699,10.29934],[-75.51703,10.29931],[-75.51727,10.29916],[-75.51729,10.29915],[-75.51731,10.29914],[-75.51734,10.29912],[-75.51738,10.29909],[-75.51742,10.29909],[-75.51745,10.29909],[-75.51747,10.2991],[-75.5175,10.2991],[-75.51752,10.29911],[-75.51754,10.29912],[-75.51756,10.29913],[-75.51759,10.29915],[-75.51762,10.29917],[-75.51765,10.29918],[-75.51768,10.2992],[-75.51771,10.29922],[-75.51774,10.29922],[-75.51777,10.29923],[-75.51779,10.29923],[-75.51781,10.29924],[-75.51784,10.29924],[-75.51786,10.29925],[-75.51788,10.29927],[-75.5179,10.29928],[-75.51792,10.2993],[-75.51793,10.29933],[-75.51794,10.29935],[-75.51795,10.29937],[-75.51796,10.29939],[-75.51798,10.29941],[-75.518,10.29943],[-75.51804,10.29943],[-75.51807,10.29942],[-75.5181,10.29941],[-75.51813,10.29941],[-75.51817,10.2994],[-75.51823,10.29938],[-75.51825,10.29938],[-75.51827,10.29938],[-75.5183,10.29938],[-75.51833,10.29938],[-75.51835,10.29939],[-75.51838,10.29941],[-75.51839,10.29943],[-75.51842,10.29947],[-75.51841,10.29951],[-75.51838,10.29953],[-75.51836,10.29953],[-75.51834,10.29954],[-75.51832,10.29955],[-75.5183,10.29958],[-75.51829,10.29962],[-75.51828,10.29966],[-75.51827,10.2997],[-75.51826,10.29974],[-75.51826,10.29978],[-75.51825,10.29982],[-75.51824,10.29985],[-75.51824,10.29988],[-75.51824,10.29991],[-75.51825,10.29996],[-75.51825,10.29999],[-75.51824,10.30001],[-75.51822,10.30004],[-75.5182,10.30005],[-75.51817,10.30006],[-75.51815,10.30007],[-75.51812,10.30009],[-75.5181,10.30012],[-75.51809,10.30015],[-75.51808,10.30017],[-75.51807,10.30019],[-75.51805,10.3002],[-75.51802,10.30022],[-75.51799,10.30023],[-75.51796,10.30024],[-75.51794,10.30025],[-75.51791,10.30027],[-75.51789,10.30028],[-75.51788,10.30029],[-75.51786,10.30031],[-75.51785,10.30033],[-75.51783,10.30036],[-75.51782,10.30038],[-75.51781,10.3004],[-75.5178,10.30043],[-75.5178,10.30045],[-75.51779,10.30048],[-75.51779,10.3005],[-75.51779,10.30053],[-75.51778,10.30056],[-75.51778,10.30058],[-75.51778,10.30061],[-75.51777,10.30065],[-75.51776,10.30073],[-75.51777,10.30075],[-75.51777,10.30079],[-75.51778,10.30082],[-75.5178,10.30084],[-75.51781,10.30087],[-75.51782,10.30088],[-75.51784,10.3009],[-75.51786,10.30092],[-75.51788,10.30094],[-75.5179,10.30095],[-75.51792,10.30096],[-75.51796,10.30097],[-75.51798,10.30098],[-75.518,10.30098],[-75.51802,10.30098],[-75.51805,10.30098],[-75.51807,10.30098],[-75.5181,10.30097],[-75.51813,10.30096],[-75.51816,10.30096],[-75.51823,10.30094],[-75.51827,10.30093],[-75.51831,10.30092],[-75.51835,10.30092],[-75.51838,10.30092],[-75.51841,10.30093],[-75.51843,10.30094],[-75.51846,10.30096],[-75.51846,10.30098],[-75.51845,10.30101],[-75.51843,10.30103],[-75.51842,10.30106],[-75.51839,10.30108],[-75.51836,10.30112],[-75.51834,10.30115],[-75.5183,10.30117],[-75.51826,10.30119],[-75.51824,10.3012],[-75.51823,10.30122],[-75.51821,10.30124],[-75.5182,10.30125],[-75.51818,10.30127],[-75.51816,10.3013],[-75.51814,10.30132],[-75.51812,10.30133],[-75.5181,10.30135],[-75.51807,10.30136],[-75.51804,10.30138],[-75.51801,10.30139],[-75.51797,10.3014],[-75.51794,10.30141],[-75.51791,10.30142],[-75.51788,10.30142],[-75.51785,10.30143],[-75.51782,10.30143],[-75.51778,10.30144],[-75.51775,10.30144],[-75.51772,10.30144],[-75.51769,10.30145],[-75.51765,10.30145],[-75.51762,10.30146],[-75.51758,10.30147],[-75.51754,10.30147],[-75.5175,10.30148],[-75.51746,10.30148],[-75.51743,10.30148],[-75.5174,10.30148],[-75.51736,10.30149],[-75.51733,10.30149],[-75.5173,10.30149],[-75.51727,10.3015],[-75.51725,10.3015],[-75.51722,10.3015],[-75.51719,10.30149],[-75.51716,10.30148],[-75.51712,10.30147],[-75.51709,10.30146],[-75.51706,10.30145],[-75.51704,10.30144],[-75.51701,10.30144],[-75.51697,10.30145],[-75.51694,10.30145],[-75.51692,10.30146],[-75.51689,10.30147],[-75.51686,10.30147],[-75.51677,10.3015],[-75.51671,10.30151],[-75.51668,10.30152],[-75.51665,10.30153],[-75.51662,10.30154],[-75.51659,10.30155],[-75.51656,10.30156],[-75.51653,10.30157],[-75.51649,10.30158],[-75.51646,10.30158],[-75.51643,10.30159],[-75.51638,10.30159],[-75.51635,10.30159],[-75.51633,10.3016],[-75.5163,10.3016],[-75.51626,10.30161],[-75.51623,10.30161],[-75.5162,10.30161],[-75.51615,10.30162],[-75.51612,10.30163],[-75.51609,10.30163],[-75.51606,10.30164],[-75.51604,10.30164],[-75.51602,10.30165],[-75.516,10.30165],[-75.51597,10.30166],[-75.51595,10.30166],[-75.51592,10.30167],[-75.51585,10.3017],[-75.51582,10.30172],[-75.51579,10.30173],[-75.51577,10.30174],[-75.51574,10.30175],[-75.51571,10.30177],[-75.51566,10.30178],[-75.51562,10.3018],[-75.51557,10.30181],[-75.51554,10.30182],[-75.51551,10.30183],[-75.51547,10.30184],[-75.51544,10.30185],[-75.51541,10.30186],[-75.51538,10.30187],[-75.51528,10.30191],[-75.51525,10.30193],[-75.5152,10.30194],[-75.51517,10.30194],[-75.51514,10.30195],[-75.51511,10.30196],[-75.51507,10.30196],[-75.51504,10.30196],[-75.51501,10.30197],[-75.51498,10.30197],[-75.51492,10.30198],[-75.51488,10.30199],[-75.51485,10.30199],[-75.51481,10.30199],[-75.51477,10.30199],[-75.51472,10.302],[-75.51468,10.302],[-75.51465,10.30201],[-75.51462,10.30202],[-75.51457,10.30204],[-75.51454,10.30205],[-75.51451,10.30207],[-75.51448,10.30208],[-75.51446,10.30209],[-75.51442,10.3021],[-75.51439,10.30211],[-75.51437,10.30212],[-75.5143,10.30215],[-75.51427,10.30216],[-75.51423,10.30219],[-75.51418,10.30221],[-75.51416,10.30222],[-75.51413,10.30222],[-75.51411,10.30223],[-75.51408,10.30223],[-75.51405,10.30223],[-75.51398,10.30223],[-75.51395,10.30223],[-75.51392,10.30223],[-75.51389,10.30224],[-75.51387,10.30224],[-75.51384,10.30225],[-75.51382,10.30225],[-75.51379,10.30226],[-75.51372,10.30225],[-75.51368,10.30225],[-75.51365,10.30225],[-75.51362,10.30225],[-75.51356,10.30225],[-75.51352,10.30225],[-75.51348,10.30225],[-75.51345,10.30225],[-75.51342,10.30225],[-75.51339,10.30226],[-75.51336,10.30227],[-75.51333,10.30228],[-75.51328,10.30231],[-75.51325,10.30232],[-75.51322,10.30234],[-75.51319,10.30235],[-75.51316,10.30236],[-75.51313,10.30237],[-75.5131,10.30239],[-75.51307,10.3024],[-75.51304,10.30241],[-75.51302,10.30242],[-75.51299,10.30243],[-75.51297,10.30244],[-75.51294,10.30244],[-75.5129,10.30246],[-75.51284,10.3025],[-75.5128,10.30251],[-75.51277,10.30252],[-75.51272,10.30253],[-75.5127,10.30253],[-75.51267,10.30254],[-75.51265,10.30255],[-75.51261,10.30257],[-75.51257,10.30258],[-75.51254,10.3026],[-75.5125,10.30261],[-75.51248,10.30262],[-75.51245,10.30264],[-75.51243,10.30265],[-75.51241,10.30267],[-75.51238,10.30269],[-75.51236,10.3027],[-75.51233,10.30271],[-75.5123,10.30271],[-75.51227,10.30271],[-75.51224,10.3027],[-75.51219,10.30269],[-75.51217,10.30269],[-75.51214,10.30269],[-75.5121,10.30269],[-75.51206,10.30268],[-75.51203,10.30267],[-75.51199,10.30266],[-75.51195,10.30265],[-75.51192,10.30265],[-75.51188,10.30264],[-75.51185,10.30264],[-75.51181,10.30264],[-75.51177,10.30263],[-75.51174,10.30262],[-75.5117,10.3026],[-75.51166,10.30258],[-75.51162,10.30256],[-75.51157,10.30253],[-75.51153,10.30251],[-75.51149,10.3025],[-75.51145,10.30249],[-75.51141,10.30248],[-75.51137,10.30248],[-75.51134,10.30248],[-75.51131,10.30246],[-75.51127,10.30245],[-75.51125,10.30243],[-75.51122,10.3024],[-75.5112,10.30237],[-75.51118,10.30234],[-75.51116,10.30231],[-75.51112,10.30225],[-75.51109,10.30222],[-75.51107,10.30219],[-75.51104,10.30216],[-75.51102,10.30215],[-75.51099,10.30213],[-75.51095,10.30211],[-75.51092,10.3021],[-75.51088,10.30209],[-75.51085,10.30208],[-75.51082,10.30207],[-75.51078,10.30206],[-75.51075,10.30205],[-75.51071,10.30204],[-75.51067,10.30203],[-75.51064,10.30202],[-75.5106,10.302],[-75.51058,10.30199],[-75.51055,10.30198],[-75.51053,10.30196],[-75.51051,10.30193],[-75.5105,10.30191],[-75.51046,10.30186],[-75.51045,10.30183],[-75.51043,10.30181],[-75.51042,10.30178],[-75.5104,10.30174],[-75.51039,10.30171],[-75.51039,10.30167],[-75.51039,10.30164],[-75.51039,10.30161],[-75.51039,10.30158],[-75.5104,10.30156],[-75.51042,10.30154],[-75.51045,10.30152],[-75.5105,10.30153],[-75.51052,10.30154],[-75.51055,10.30155],[-75.51056,10.30157],[-75.51058,10.30159],[-75.51062,10.30165],[-75.51066,10.30168],[-75.51068,10.30169],[-75.51073,10.30172],[-75.51076,10.30174],[-75.51079,10.30176],[-75.51083,10.30178],[-75.51086,10.30179],[-75.5109,10.3018],[-75.51094,10.30181],[-75.51098,10.30182],[-75.51101,10.30184],[-75.51103,10.30185],[-75.51106,10.30189],[-75.51108,10.30193],[-75.5111,10.30195],[-75.51112,10.30196],[-75.51115,10.30197],[-75.51117,10.30198],[-75.51122,10.30199],[-75.51124,10.302],[-75.51127,10.302],[-75.5113,10.302],[-75.51134,10.30199],[-75.51137,10.30198],[-75.51141,10.30197],[-75.51145,10.30195],[-75.51149,10.30192],[-75.51153,10.3019],[-75.51157,10.30187],[-75.51161,10.30185],[-75.51164,10.30183],[-75.51166,10.30182],[-75.51168,10.3018],[-75.51169,10.30175],[-75.51168,10.30173],[-75.51166,10.30171],[-75.51164,10.30169],[-75.51162,10.30167],[-75.51159,10.30166],[-75.51157,10.30165],[-75.51154,10.30164],[-75.51149,10.3016],[-75.5115,10.30156],[-75.51152,10.30153],[-75.51157,10.3015],[-75.51162,10.30149],[-75.51164,10.30149],[-75.51167,10.30149],[-75.5117,10.30149],[-75.51173,10.30149],[-75.51176,10.3015],[-75.51178,10.30151],[-75.51182,10.30152],[-75.5121,10.30169],[-75.51214,10.30169],[-75.5122,10.30167],[-75.51224,10.30166],[-75.51227,10.30165],[-75.51231,10.30164],[-75.51235,10.30164],[-75.51239,10.30163],[-75.51243,10.30163],[-75.51252,10.30163],[-75.51256,10.30163],[-75.51259,10.30162],[-75.51263,10.30161],[-75.51266,10.3016],[-75.51269,10.30159],[-75.51272,10.30157],[-75.51276,10.30156],[-75.5128,10.30155],[-75.51284,10.30155],[-75.51289,10.30155],[-75.51292,10.30155],[-75.51297,10.30154],[-75.513,10.30154],[-75.51302,10.30154],[-75.51307,10.30154],[-75.5131,10.30153],[-75.51314,10.30152],[-75.51317,10.30151],[-75.51319,10.30149],[-75.51321,10.30146],[-75.51323,10.30143],[-75.51324,10.30139],[-75.51326,10.30136],[-75.51328,10.30129],[-75.51329,10.30124],[-75.51332,10.30118],[-75.51333,10.30114],[-75.51336,10.3011],[-75.51338,10.30106],[-75.5134,10.30103],[-75.51343,10.301],[-75.51345,10.30097],[-75.51348,10.30091],[-75.51349,10.30087],[-75.5135,10.30083],[-75.5135,10.30081],[-75.51348,10.30076],[-75.51346,10.30073],[-75.51342,10.30067],[-75.5134,10.30064],[-75.51339,10.30061],[-75.51338,10.30057],[-75.51338,10.30054],[-75.51338,10.3005],[-75.51338,10.30046],[-75.51339,10.30042],[-75.51339,10.30038],[-75.51339,10.30034],[-75.51339,10.3003],[-75.5134,10.30025],[-75.51341,10.30021],[-75.51343,10.30017],[-75.51344,10.30014],[-75.51346,10.30011],[-75.51348,10.30009],[-75.51352,10.30005],[-75.51356,10.30001],[-75.5136,10.29999],[-75.51363,10.29997],[-75.51366,10.29995],[-75.51368,10.29993],[-75.51371,10.29993],[-75.51374,10.29992],[-75.51379,10.29991],[-75.51384,10.29989],[-75.51388,10.29988],[-75.51393,10.29988],[-75.51398,10.29987],[-75.51402,10.29987],[-75.51407,10.29987],[-75.51412,10.29987],[-75.51417,10.29986],[-75.51419,10.29985],[-75.51423,10.29985],[-75.51426,10.29983],[-75.51429,10.29982],[-75.51431,10.29981],[-75.51434,10.29979],[-75.51438,10.29978],[-75.51443,10.29979],[-75.51447,10.29981],[-75.5145,10.29984],[-75.51454,10.29987],[-75.51457,10.29991],[-75.5146,10.29995],[-75.51462,10.29998],[-75.51463,10.30001],[-75.51465,10.30004],[-75.51466,10.30006],[-75.51467,10.30009],[-75.51469,10.30013],[-75.51471,10.30016],[-75.51474,10.3002],[-75.51476,10.30023],[-75.51478,10.30026],[-75.5148,10.30029],[-75.51481,10.30031],[-75.51483,10.30037],[-75.51484,10.30041],[-75.51484,10.30045],[-75.51484,10.30049],[-75.51485,10.30053],[-75.51485,10.30056],[-75.51487,10.3006],[-75.51488,10.30063],[-75.51491,10.30065],[-75.51493,10.30067],[-75.51496,10.30068],[-75.51498,10.30069],[-75.51505,10.30071],[-75.5151,10.30071],[-75.51512,10.30072],[-75.51518,10.30072],[-75.51523,10.30071],[-75.51527,10.30071],[-75.5153,10.3007],[-75.51536,10.30069],[-75.5154,10.30067],[-75.51543,10.30066],[-75.51545,10.30065],[-75.51548,10.30064],[-75.5155,10.30063],[-75.51555,10.3006],[-75.51562,10.30055],[-75.51564,10.30054],[-75.51567,10.30052],[-75.5157,10.30049],[-75.51572,10.30046],[-75.51575,10.30043],[-75.51577,10.30039],[-75.51578,10.30037],[-75.51579,10.30034],[-75.5158,10.30032],[-75.5158,10.30028],[-75.51581,10.30025],[-75.51581,10.3002],[-75.51581,10.30015],[-75.51581,10.30012],[-75.51581,10.30009],[-75.51581,10.30005],[-75.51581,10.30001],[-75.51581,10.29998],[-75.5158,10.29996],[-75.51579,10.29993],[-75.51578,10.2999],[-75.51577,10.29987],[-75.51577,10.29984],[-75.51577,10.29981],[-75.51578,10.29977],[-75.51579,10.29975],[-75.5158,10.29972],[-75.51581,10.29968],[-75.51583,10.29965],[-75.51584,10.29962],[-75.51586,10.29959],[-75.51587,10.29957],[-75.51589,10.29954],[-75.51591,10.29952],[-75.51594,10.29949],[-75.51596,10.29948],[-75.51602,10.29943],[-75.51604,10.2994],[-75.51604,10.29936],[-75.51604,10.29934],[-75.51603,10.29932],[-75.51602,10.2993],[-75.51601,10.29927],[-75.51599,10.29924],[-75.51598,10.29922],[-75.51596,10.2992],[-75.51595,10.29918],[-75.51593,10.29916],[-75.51591,10.29913],[-75.5159,10.29911],[-75.51588,10.29908],[-75.51587,10.29906],[-75.51586,10.29903],[-75.51585,10.299],[-75.51585,10.29897],[-75.51585,10.29895],[-75.51585,10.29893],[-75.51585,10.2989],[-75.51585,10.29888],[-75.51586,10.29885],[-75.51587,10.29882],[-75.51587,10.29879],[-75.51589,10.29877],[-75.51589,10.29874],[-75.5159,10.29872],[-75.51591,10.2987],[-75.51593,10.29867],[-75.51594,10.29865],[-75.51596,10.29863],[-75.51597,10.29861],[-75.51599,10.29858],[-75.51601,10.29855],[-75.51602,10.29852],[-75.51604,10.2985],[-75.51606,10.29847],[-75.51608,10.29845],[-75.5161,10.29843],[-75.51612,10.29842],[-75.51614,10.2984],[-75.51616,10.29837],[-75.51616,10.29833],[-75.51615,10.29831],[-75.51613,10.2983],[-75.51611,10.29828],[-75.51608,10.29828],[-75.51603,10.29826],[-75.51601,10.29826],[-75.51599,10.29825],[-75.51597,10.29824],[-75.51594,10.29823],[-75.5159,10.29821],[-75.51587,10.2982],[-75.51584,10.29818],[-75.51581,10.29816],[-75.51578,10.29814],[-75.51574,10.29812],[-75.5157,10.29808],[-75.51567,10.29807],[-75.51564,10.29804],[-75.5156,10.298],[-75.51558,10.29798],[-75.51554,10.29794],[-75.51551,10.29792],[-75.51548,10.29789],[-75.51546,10.29787],[-75.51541,10.29782],[-75.51539,10.29779],[-75.51535,10.29775],[-75.51533,10.29772],[-75.51531,10.29769],[-75.5153,10.29766],[-75.51528,10.29763],[-75.51527,10.29759],[-75.51524,10.2975],[-75.51522,10.29746],[-75.5152,10.29742],[-75.51519,10.2974],[-75.51516,10.29735],[-75.51514,10.29731],[-75.51512,10.29728],[-75.51511,10.29725],[-75.5151,10.29722],[-75.51509,10.2972],[-75.51508,10.29717],[-75.51508,10.29714],[-75.51507,10.29711],[-75.51507,10.29708],[-75.51507,10.29705],[-75.51508,10.29701],[-75.51508,10.29698],[-75.51509,10.29693],[-75.51508,10.29689],[-75.51508,10.29684],[-75.51508,10.29681],[-75.51508,10.29678],[-75.51508,10.29676],[-75.51508,10.29673],[-75.51507,10.2967],[-75.51508,10.29667],[-75.51508,10.29664],[-75.51508,10.29662],[-75.51509,10.29659],[-75.51509,10.29656],[-75.5151,10.29653],[-75.51511,10.2965],[-75.51512,10.29647],[-75.51512,10.29643],[-75.51513,10.2964],[-75.51514,10.29637],[-75.51515,10.29635],[-75.51515,10.29632],[-75.51515,10.29629],[-75.51514,10.29625],[-75.51512,10.29622],[-75.5151,10.29618],[-75.51508,10.29615],[-75.51507,10.29613],[-75.51502,10.29614],[-75.51498,10.29616],[-75.51496,10.29618],[-75.51494,10.29619],[-75.51484,10.29626],[-75.51481,10.29628],[-75.51478,10.29629],[-75.51476,10.29631],[-75.51473,10.29633],[-75.51469,10.29635],[-75.51466,10.29635],[-75.51462,10.29636],[-75.51459,10.29636],[-75.51457,10.29637],[-75.51453,10.29638],[-75.51449,10.2964],[-75.51446,10.29644],[-75.51445,10.29646],[-75.51445,10.29649],[-75.51444,10.29653],[-75.51444,10.29657],[-75.51444,10.29661],[-75.51444,10.29665],[-75.51443,10.29669],[-75.51441,10.29673],[-75.51439,10.29678],[-75.51438,10.29682],[-75.51437,10.29686],[-75.51437,10.29689],[-75.51437,10.29692],[-75.51438,10.29695],[-75.51438,10.29698],[-75.51439,10.29701],[-75.5144,10.29703],[-75.51441,10.29706],[-75.51442,10.29708],[-75.51444,10.2971],[-75.51445,10.29713],[-75.51448,10.29717],[-75.51449,10.2972],[-75.5145,10.29722],[-75.51451,10.29725],[-75.51452,10.29729],[-75.51453,10.29732],[-75.51454,10.29735],[-75.51456,10.29737],[-75.51457,10.2974],[-75.51459,10.29743],[-75.51463,10.29748],[-75.51464,10.29751],[-75.51465,10.29753],[-75.51466,10.29756],[-75.51467,10.29762],[-75.51468,10.29765],[-75.51471,10.29769],[-75.51472,10.29772],[-75.51473,10.29774],[-75.51474,10.29776],[-75.51474,10.29779],[-75.51473,10.29783],[-75.51471,10.29786],[-75.51469,10.29789],[-75.51465,10.29792],[-75.51462,10.29794],[-75.51457,10.29798],[-75.51454,10.298],[-75.51452,10.29801],[-75.51449,10.29803],[-75.51445,10.29806],[-75.51443,10.29807],[-75.5144,10.29809],[-75.51437,10.29812],[-75.51435,10.29816],[-75.51433,10.29822],[-75.51432,10.29827],[-75.51431,10.29831],[-75.5143,10.29834],[-75.51428,10.29837],[-75.51424,10.29839],[-75.51419,10.29841],[-75.51411,10.29841],[-75.51408,10.29841],[-75.514,10.29841],[-75.51397,10.29841],[-75.51394,10.29841],[-75.51391,10.29841],[-75.51388,10.2984],[-75.51385,10.2984],[-75.51382,10.29839],[-75.51379,10.29839],[-75.51372,10.29838],[-75.5137,10.29838],[-75.51367,10.29838],[-75.51364,10.29838],[-75.51362,10.29838],[-75.5136,10.29838],[-75.51355,10.29838],[-75.51352,10.29838],[-75.51347,10.29837],[-75.51343,10.29837],[-75.51338,10.29837],[-75.51336,10.29837],[-75.51331,10.29838],[-75.51327,10.29838],[-75.51325,10.29838],[-75.51322,10.29838],[-75.51319,10.29839],[-75.51317,10.29839],[-75.51313,10.29839],[-75.51309,10.29838],[-75.51306,10.29838],[-75.513,10.29838],[-75.51295,10.29838],[-75.51289,10.29838],[-75.51284,10.29838],[-75.51279,10.29838],[-75.51275,10.29838],[-75.51271,10.29839],[-75.51268,10.29841],[-75.51265,10.29842],[-75.51262,10.29844],[-75.5126,10.29845],[-75.51258,10.29846],[-75.51255,10.29849],[-75.51253,10.29852],[-75.51252,10.29854],[-75.51253,10.29858],[-75.51255,10.29862],[-75.51257,10.29866],[-75.51259,10.29868],[-75.51262,10.29873],[-75.51264,10.29875],[-75.51271,10.29887],[-75.51273,10.29889],[-75.51274,10.29892],[-75.51276,10.29896],[-75.51278,10.299],[-75.51279,10.29903],[-75.5128,10.29908],[-75.51281,10.29915],[-75.51281,10.29919],[-75.51282,10.29922],[-75.51282,10.29927],[-75.51282,10.2993],[-75.51283,10.29933],[-75.51284,10.29939],[-75.51286,10.29946],[-75.51286,10.29949],[-75.51286,10.29952],[-75.51286,10.29956],[-75.51286,10.29959],[-75.51286,10.29962],[-75.51285,10.29965],[-75.51285,10.29967],[-75.51284,10.29971],[-75.51283,10.29974],[-75.51282,10.29977],[-75.51281,10.2998],[-75.5128,10.29983],[-75.51279,10.29988],[-75.51279,10.29993],[-75.51278,10.29996],[-75.51278,10.29999],[-75.51277,10.30003],[-75.51276,10.3001],[-75.51275,10.30013],[-75.51275,10.30016],[-75.51274,10.30019],[-75.51272,10.30023],[-75.51269,10.30026],[-75.51265,10.30029],[-75.51262,10.30031],[-75.51259,10.30032],[-75.51256,10.30034],[-75.51251,10.30036],[-75.51246,10.30037],[-75.51242,10.30039],[-75.51239,10.30041],[-75.51235,10.30042],[-75.51231,10.30045],[-75.51226,10.30048],[-75.51222,10.3005],[-75.5122,10.30052],[-75.51216,10.30053],[-75.51211,10.30053],[-75.51205,10.30053],[-75.51201,10.30054],[-75.51197,10.30055],[-75.51193,10.30056],[-75.51188,10.30056],[-75.51184,10.30056],[-75.51178,10.30055],[-75.51174,10.30054],[-75.51171,10.30053],[-75.51168,10.30052],[-75.51165,10.30051],[-75.51161,10.3005],[-75.51158,10.30046],[-75.51157,10.30044],[-75.51153,10.30039],[-75.51152,10.30037],[-75.5115,10.30035],[-75.51145,10.30031],[-75.51143,10.30029],[-75.51141,10.30027],[-75.51139,10.30025],[-75.51135,10.30023],[-75.5113,10.30021],[-75.51128,10.30021],[-75.51125,10.3002],[-75.51121,10.30019],[-75.51118,10.30018],[-75.51114,10.30016],[-75.51111,10.30013],[-75.51109,10.30011],[-75.51107,10.30007],[-75.51106,10.30002],[-75.51105,10.3],[-75.51104,10.29997],[-75.51102,10.29994],[-75.511,10.29991],[-75.51094,10.29982],[-75.51088,10.29973],[-75.51086,10.2997],[-75.51083,10.29965],[-75.51082,10.29963],[-75.5108,10.29961],[-75.51079,10.2996],[-75.51076,10.29956],[-75.51073,10.29952],[-75.51071,10.29949],[-75.51069,10.29946],[-75.51066,10.29942],[-75.51066,10.29937],[-75.51066,10.29935],[-75.51066,10.29931],[-75.51068,10.29927],[-75.5107,10.29924],[-75.51072,10.29921],[-75.51074,10.29916],[-75.51075,10.29914],[-75.51076,10.29911],[-75.51077,10.29907],[-75.51078,10.29904],[-75.5108,10.29901],[-75.51081,10.29899],[-75.51083,10.29893],[-75.51084,10.29891],[-75.51085,10.29888],[-75.51085,10.29886],[-75.51087,10.2988],[-75.51087,10.29874],[-75.51087,10.2987],[-75.51087,10.29866],[-75.51087,10.29863],[-75.51087,10.2986],[-75.51084,10.29854],[-75.51063,10.29855],[-75.51061,10.2986],[-75.5106,10.29861],[-75.51057,10.29862],[-75.51052,10.29862],[-75.5105,10.29862],[-75.51045,10.2986],[-75.51043,10.29859],[-75.5104,10.29858],[-75.51037,10.29857],[-75.51034,10.29857],[-75.51031,10.29856],[-75.51027,10.29856],[-75.51021,10.29854],[-75.51018,10.29853],[-75.51015,10.29853],[-75.51013,10.29851],[-75.51008,10.29849],[-75.51006,10.29847],[-75.51003,10.29846],[-75.50999,10.29845],[-75.50995,10.29844],[-75.50991,10.29844],[-75.50987,10.29844],[-75.50983,10.29844],[-75.5098,10.29844],[-75.50977,10.29844],[-75.50974,10.29844],[-75.50972,10.29845],[-75.50969,10.29845],[-75.50966,10.29845],[-75.50963,10.29845],[-75.5096,10.29846],[-75.50957,10.29846],[-75.50953,10.29847],[-75.5095,10.29848],[-75.50947,10.29849],[-75.50944,10.29851],[-75.50938,10.29854],[-75.5093,10.2986],[-75.50923,10.29864],[-75.5092,10.29866],[-75.50917,10.29869],[-75.50912,10.29874],[-75.5091,10.29876],[-75.50907,10.29878],[-75.50905,10.29879],[-75.50904,10.29881],[-75.50901,10.29884],[-75.50898,10.29887],[-75.50897,10.29889],[-75.50894,10.29893],[-75.50892,10.29895],[-75.50891,10.29897],[-75.50889,10.299],[-75.50887,10.29903],[-75.50885,10.29906],[-75.50881,10.2991],[-75.50879,10.29914],[-75.50879,10.29919],[-75.50879,10.29922],[-75.50879,10.29926],[-75.50877,10.29931],[-75.50875,10.29935],[-75.50874,10.2994],[-75.50872,10.29944],[-75.5087,10.29946],[-75.50869,10.29948],[-75.50866,10.29952],[-75.50864,10.29954],[-75.50861,10.29958],[-75.50858,10.29962],[-75.50856,10.29965],[-75.50855,10.29968],[-75.50855,10.29972],[-75.50856,10.29976],[-75.50857,10.2998],[-75.50857,10.29983],[-75.50859,10.29987],[-75.5086,10.29991],[-75.5086,10.29993],[-75.50861,10.29996],[-75.50863,10.29999],[-75.50863,10.30003],[-75.50862,10.30008],[-75.50859,10.3001],[-75.50853,10.30011],[-75.50849,10.30011],[-75.50846,10.30006],[-75.50845,10.30002],[-75.50845,10.29999],[-75.50843,10.29993],[-75.50842,10.2999],[-75.50839,10.29986],[-75.50836,10.2998],[-75.50834,10.29977],[-75.50833,10.29974],[-75.5083,10.29968],[-75.50828,10.29964],[-75.50826,10.2996],[-75.50824,10.29959],[-75.50821,10.29957],[-75.50817,10.29957],[-75.50812,10.29957],[-75.5081,10.29957],[-75.50807,10.29958],[-75.50805,10.29958],[-75.50802,10.29959],[-75.508,10.29959],[-75.50794,10.29961],[-75.50791,10.29961],[-75.50788,10.29962],[-75.50783,10.29962],[-75.5078,10.29962],[-75.50774,10.29963],[-75.50772,10.29963],[-75.50769,10.29962],[-75.50765,10.29961],[-75.50761,10.2996],[-75.50757,10.29958],[-75.50753,10.29956],[-75.50749,10.29954],[-75.50746,10.29953],[-75.50743,10.29951],[-75.50741,10.29948],[-75.50738,10.29945],[-75.50736,10.29942],[-75.50735,10.29938],[-75.50734,10.29935],[-75.50733,10.29932],[-75.50731,10.2993],[-75.50728,10.29927],[-75.50725,10.29924],[-75.50722,10.29921],[-75.5072,10.29918],[-75.50717,10.29915],[-75.50713,10.29909],[-75.50711,10.29907],[-75.50709,10.29905],[-75.50705,10.29902],[-75.50702,10.29901],[-75.50698,10.299],[-75.50694,10.29899],[-75.50691,10.29899],[-75.50687,10.29899],[-75.50683,10.29899],[-75.50678,10.29899],[-75.50673,10.29898],[-75.50671,10.29898],[-75.50666,10.29899],[-75.50663,10.299],[-75.50661,10.29901],[-75.50659,10.29902],[-75.50651,10.29905],[-75.50649,10.29907],[-75.50646,10.29908],[-75.50641,10.29911],[-75.50639,10.29912],[-75.50634,10.29914],[-75.50631,10.29916],[-75.50629,10.29917],[-75.50627,10.29918],[-75.50624,10.29919],[-75.50622,10.2992],[-75.50617,10.29922],[-75.50614,10.29923],[-75.50611,10.29924],[-75.50609,10.29926],[-75.50606,10.29928],[-75.50603,10.29929],[-75.506,10.29932],[-75.50597,10.29933],[-75.50574,10.29948],[-75.50569,10.29951],[-75.50567,10.29953],[-75.50565,10.29954],[-75.50562,10.29958],[-75.50559,10.2996],[-75.50556,10.29963],[-75.50554,10.29965],[-75.50551,10.29968],[-75.50547,10.29972],[-75.50545,10.29974],[-75.50543,10.29978],[-75.50539,10.29981],[-75.50536,10.29981],[-75.5053,10.29984],[-75.50526,10.29985],[-75.50523,10.29986],[-75.50517,10.29989],[-75.50511,10.29992],[-75.50508,10.29994],[-75.50504,10.29996],[-75.50495,10.30002],[-75.5049,10.30005],[-75.50488,10.30006],[-75.50486,10.30008],[-75.50483,10.30009],[-75.5048,10.30011],[-75.50477,10.30013],[-75.50474,10.30015],[-75.50471,10.30017],[-75.50469,10.30019],[-75.50467,10.3002],[-75.50464,10.30023],[-75.50462,10.30025],[-75.50458,10.30027],[-75.50453,10.3003],[-75.50452,10.30032],[-75.50448,10.30034],[-75.50444,10.30037],[-75.50432,10.30045],[-75.50429,10.30047],[-75.50426,10.30049],[-75.50423,10.30051],[-75.50421,10.30054],[-75.50418,10.30058],[-75.50416,10.30061],[-75.50414,10.30064],[-75.50412,10.30066],[-75.5041,10.30068],[-75.50405,10.30072],[-75.50399,10.30077],[-75.50397,10.30081],[-75.50398,10.30084],[-75.50399,10.30085],[-75.50402,10.30088],[-75.50406,10.30095],[-75.50407,10.30098],[-75.50406,10.30101],[-75.50404,10.30103],[-75.504,10.30103],[-75.50395,10.30099],[-75.50393,10.30096],[-75.50391,10.30094],[-75.50389,10.30091],[-75.50386,10.30088],[-75.50382,10.30088],[-75.50377,10.30091],[-75.50374,10.30092],[-75.50372,10.30094],[-75.50369,10.30096],[-75.50367,10.30098],[-75.50364,10.301],[-75.50359,10.30103],[-75.50357,10.30105],[-75.50355,10.30106],[-75.50352,10.30107],[-75.50349,10.30109],[-75.50347,10.3011],[-75.50341,10.30113],[-75.50338,10.30115],[-75.50334,10.30117],[-75.50332,10.30118],[-75.50328,10.3012],[-75.50325,10.30122],[-75.50321,10.30124],[-75.50319,10.30126],[-75.50318,10.30128],[-75.50314,10.30139],[-75.50309,10.30155],[-75.5029,10.30203],[-75.50281,10.30228],[-75.50269,10.30257],[-75.50259,10.30285],[-75.50257,10.30291],[-75.50254,10.30296],[-75.50253,10.303],[-75.50253,10.30302],[-75.50254,10.30305],[-75.50256,10.30308],[-75.50257,10.30309],[-75.50261,10.30311],[-75.50264,10.30312],[-75.50267,10.30315],[-75.50268,10.3032],[-75.50268,10.30323],[-75.50269,10.30327],[-75.5027,10.3033],[-75.50272,10.30333],[-75.50273,10.30336],[-75.50274,10.30339],[-75.50275,10.30342],[-75.50276,10.30345],[-75.50278,10.30349],[-75.5028,10.30354],[-75.50281,10.30356],[-75.50282,10.30359],[-75.50283,10.30362],[-75.50284,10.30365],[-75.50286,10.30368],[-75.50289,10.30373],[-75.5029,10.30376],[-75.50291,10.30378],[-75.50293,10.3038],[-75.50295,10.30382],[-75.50298,10.30385],[-75.50303,10.30387],[-75.50308,10.30387],[-75.5031,10.30387],[-75.50315,10.30388],[-75.50318,10.30388],[-75.50322,10.3039],[-75.50325,10.30391],[-75.50328,10.30393],[-75.50331,10.30395],[-75.50334,10.30399],[-75.50337,10.30401],[-75.50338,10.30404],[-75.50342,10.30409],[-75.50343,10.30411],[-75.50344,10.30413],[-75.50345,10.30417],[-75.50346,10.30424],[-75.50346,10.30427],[-75.50347,10.30431],[-75.50347,10.30435],[-75.50349,10.30439],[-75.50349,10.30443],[-75.5035,10.30446],[-75.5035,10.30449],[-75.50351,10.30453],[-75.50351,10.30456],[-75.50351,10.3046],[-75.5035,10.30468],[-75.5035,10.30472],[-75.5035,10.30476],[-75.5035,10.30479],[-75.50351,10.30483],[-75.50352,10.30487],[-75.50353,10.3049],[-75.50355,10.30493],[-75.50356,10.30495],[-75.50357,10.30497],[-75.50357,10.30502],[-75.50356,10.30504],[-75.50356,10.30507],[-75.50356,10.30511],[-75.50359,10.30516],[-75.50364,10.3052],[-75.50366,10.30525],[-75.50365,10.30528],[-75.50365,10.30532],[-75.50364,10.30537],[-75.50364,10.30541],[-75.50365,10.30544],[-75.50366,10.30549],[-75.50367,10.30552],[-75.50367,10.30555],[-75.50367,10.30559],[-75.50367,10.30563],[-75.50367,10.30569],[-75.50367,10.30572],[-75.50367,10.30574],[-75.50369,10.30579],[-75.5037,10.30581],[-75.50373,10.30584],[-75.50377,10.30587],[-75.50381,10.30592],[-75.50382,10.30595],[-75.50384,10.306],[-75.50385,10.30604],[-75.50386,10.30607],[-75.50386,10.30611],[-75.50386,10.30613],[-75.50385,10.30618],[-75.50384,10.30621],[-75.50383,10.30624],[-75.50382,10.30629],[-75.50381,10.30632],[-75.5038,10.30635],[-75.50379,10.30638],[-75.50377,10.30644],[-75.50376,10.30646],[-75.50375,10.30651],[-75.50375,10.30656],[-75.50375,10.30659],[-75.50381,10.30662],[-75.50383,10.30663],[-75.50386,10.30665],[-75.50389,10.30666],[-75.50389,10.30669],[-75.50386,10.30675],[-75.50385,10.30678],[-75.50384,10.30681],[-75.50382,10.30687],[-75.50381,10.30689],[-75.50381,10.30694],[-75.50383,10.30697],[-75.50384,10.30699],[-75.50386,10.30703],[-75.50387,10.30706],[-75.50388,10.30709],[-75.50389,10.30714],[-75.50389,10.30717],[-75.50389,10.30721],[-75.50388,10.30726],[-75.50388,10.30728],[-75.50388,10.30732],[-75.50387,10.30735],[-75.50386,10.30739],[-75.50385,10.30743],[-75.50384,10.30746],[-75.50383,10.30748],[-75.50381,10.30755],[-75.5038,10.30758],[-75.5038,10.30762],[-75.5038,10.30765],[-75.5038,10.30769],[-75.50382,10.30774],[-75.50383,10.30777],[-75.50384,10.3078],[-75.50385,10.30782],[-75.50385,10.30787],[-75.50385,10.30792],[-75.50385,10.30798],[-75.50384,10.30801],[-75.50383,10.30803],[-75.50381,10.30808],[-75.50381,10.3081],[-75.5038,10.30812],[-75.50379,10.30815],[-75.50376,10.30819],[-75.50372,10.30821],[-75.50371,10.30823],[-75.50368,10.30824],[-75.50364,10.30826],[-75.50361,10.30829],[-75.50357,10.30833],[-75.50355,10.30836],[-75.50353,10.3084],[-75.50352,10.30843],[-75.50352,10.30847],[-75.50352,10.30852],[-75.50351,10.30854],[-75.50351,10.30856],[-75.50351,10.30859],[-75.50351,10.30862],[-75.5035,10.30864],[-75.5035,10.30869],[-75.5035,10.30872],[-75.5035,10.30874],[-75.5035,10.30878],[-75.50349,10.30882],[-75.50348,10.30886],[-75.50346,10.3089],[-75.50345,10.30892],[-75.50343,10.30897],[-75.50343,10.30899],[-75.50342,10.30902],[-75.50341,10.30904],[-75.5034,10.30908],[-75.5034,10.30912],[-75.50341,10.30916],[-75.50341,10.3092],[-75.50341,10.30926],[-75.50341,10.30929],[-75.50341,10.30934],[-75.50342,10.30936],[-75.50342,10.30939],[-75.50342,10.30942],[-75.50342,10.30945],[-75.50342,10.3095],[-75.50342,10.30953],[-75.50342,10.30956],[-75.50342,10.30958],[-75.50341,10.30963],[-75.50341,10.30965],[-75.5034,10.30968],[-75.5034,10.30975],[-75.50339,10.30979],[-75.50339,10.30982],[-75.50338,10.30988],[-75.50337,10.30991],[-75.50334,10.30995],[-75.50332,10.30997],[-75.50329,10.31],[-75.50326,10.31003],[-75.50323,10.31005],[-75.50319,10.31008],[-75.50317,10.31011],[-75.50315,10.31012],[-75.50313,10.31015],[-75.50311,10.31017],[-75.50306,10.31022],[-75.50304,10.31025],[-75.50302,10.31027],[-75.5034,10.31056],[-75.50347,10.31054],[-75.50351,10.31053],[-75.50354,10.31051],[-75.50357,10.31049],[-75.5036,10.31047],[-75.50363,10.31045],[-75.50366,10.31043],[-75.50368,10.31041],[-75.5037,10.3104],[-75.50372,10.31039],[-75.50376,10.31039],[-75.50378,10.3104],[-75.50381,10.31041],[-75.50384,10.31042],[-75.50387,10.31044],[-75.50389,10.31045],[-75.50392,10.31046],[-75.50396,10.31049],[-75.50398,10.31051],[-75.504,10.31054],[-75.50402,10.31056],[-75.50404,10.31058],[-75.50406,10.3106],[-75.5041,10.31061],[-75.50413,10.31063],[-75.50418,10.31064],[-75.50422,10.31065],[-75.50424,10.31065],[-75.50429,10.31065],[-75.50432,10.31065],[-75.50436,10.31064],[-75.50439,10.31063],[-75.50442,10.31062],[-75.50447,10.31062],[-75.50451,10.31063],[-75.50456,10.31064],[-75.50462,10.31067],[-75.50466,10.3107],[-75.50468,10.31071],[-75.50469,10.31073],[-75.50472,10.31077],[-75.50479,10.31085],[-75.50481,10.31087],[-75.50483,10.31089],[-75.50486,10.31091],[-75.50488,10.31092],[-75.5049,10.31093],[-75.50493,10.31094],[-75.50495,10.31095],[-75.50498,10.31096],[-75.50501,10.31097],[-75.50505,10.31098],[-75.50511,10.311],[-75.50515,10.31102],[-75.50522,10.31103],[-75.50525,10.31104],[-75.50528,10.31104],[-75.50533,10.31105],[-75.50536,10.31105],[-75.5054,10.31106],[-75.50543,10.31109],[-75.50544,10.3111],[-75.50546,10.31112],[-75.50553,10.31118],[-75.50554,10.31119],[-75.50556,10.31121],[-75.50558,10.31123],[-75.50561,10.31125],[-75.50563,10.31127],[-75.50566,10.3113],[-75.50569,10.31133],[-75.50571,10.31135],[-75.50573,10.31137],[-75.50574,10.31139],[-75.50576,10.31142],[-75.50578,10.31144],[-75.50579,10.31147],[-75.50581,10.31149],[-75.50583,10.31151],[-75.50585,10.31155],[-75.50587,10.31158],[-75.50587,10.31162],[-75.50587,10.31165],[-75.50589,10.3117],[-75.50589,10.31175],[-75.50588,10.3118],[-75.50588,10.31182],[-75.50587,10.31185],[-75.50585,10.31189],[-75.50583,10.31194],[-75.50581,10.31198],[-75.5058,10.31202],[-75.50579,10.31206],[-75.50579,10.31209],[-75.50579,10.31211],[-75.5058,10.31214],[-75.5058,10.31216],[-75.5058,10.31219],[-75.5058,10.31223],[-75.5058,10.31226],[-75.5058,10.31229],[-75.50579,10.31235],[-75.50577,10.31241],[-75.50577,10.31244],[-75.50579,10.31248],[-75.50582,10.31251],[-75.50584,10.31255],[-75.50585,10.31257],[-75.50584,10.31259],[-75.50584,10.31262],[-75.50583,10.31266],[-75.50582,10.31273],[-75.50581,10.31276],[-75.50582,10.31279],[-75.50584,10.31283],[-75.50587,10.31285],[-75.5059,10.31286],[-75.50596,10.31287],[-75.506,10.31289],[-75.50602,10.31292],[-75.50604,10.31294],[-75.50605,10.31296],[-75.50606,10.31298],[-75.50607,10.31302],[-75.50608,10.31306],[-75.50611,10.31313],[-75.50612,10.31316],[-75.50613,10.3132],[-75.50614,10.31323],[-75.50615,10.31325],[-75.50616,10.31328],[-75.50617,10.31331],[-75.50618,10.31335],[-75.50619,10.3134],[-75.50619,10.31342],[-75.50619,10.31346],[-75.50621,10.31353],[-75.50621,10.31357],[-75.50622,10.31361],[-75.50622,10.31364],[-75.50622,10.31368],[-75.50622,10.31371],[-75.50621,10.31373],[-75.50621,10.31376],[-75.5062,10.31382],[-75.5062,10.31385],[-75.50619,10.31389],[-75.50619,10.31393],[-75.50618,10.31397],[-75.50618,10.31401],[-75.50617,10.31404],[-75.50615,10.31409],[-75.50612,10.31415],[-75.50611,10.31419],[-75.5061,10.31423],[-75.5061,10.31426],[-75.50609,10.31428],[-75.50607,10.31431],[-75.50603,10.31433],[-75.50604,10.3144],[-75.50608,10.31439],[-75.50612,10.3144],[-75.50615,10.31442],[-75.50618,10.31446],[-75.50618,10.31452],[-75.50618,10.31458],[-75.50618,10.31462],[-75.50618,10.31465],[-75.50619,10.31469],[-75.50619,10.31472],[-75.5062,10.31475],[-75.50621,10.31478],[-75.50622,10.31481],[-75.50623,10.31484],[-75.50623,10.31487],[-75.50624,10.3149],[-75.50625,10.31493],[-75.50626,10.31496],[-75.50627,10.31499],[-75.50628,10.31502],[-75.5063,10.31506],[-75.50632,10.31507],[-75.50634,10.3151],[-75.50639,10.31515],[-75.50642,10.3152],[-75.50643,10.31525],[-75.50644,10.3153],[-75.50644,10.31532],[-75.50645,10.31536],[-75.50646,10.31539],[-75.50647,10.31542],[-75.50647,10.31545],[-75.50648,10.31549],[-75.50649,10.31552],[-75.50649,10.31556],[-75.5065,10.3156],[-75.5065,10.31563],[-75.5065,10.31565],[-75.5065,10.31569],[-75.50651,10.31572],[-75.50652,10.31575],[-75.50652,10.31579],[-75.50653,10.31583],[-75.50654,10.31591],[-75.50654,10.31593],[-75.50655,10.31597],[-75.50657,10.31601],[-75.50659,10.31607],[-75.50661,10.3161],[-75.50662,10.31613],[-75.50663,10.31615],[-75.50664,10.31619],[-75.50666,10.31622],[-75.50668,10.31626],[-75.50671,10.31629],[-75.50672,10.31632],[-75.50673,10.31634],[-75.50675,10.31636],[-75.50676,10.31638],[-75.50678,10.31642],[-75.5068,10.31645],[-75.50682,10.31649],[-75.50684,10.31651],[-75.50686,10.31653],[-75.50688,10.31656],[-75.5069,10.31659],[-75.50692,10.31661],[-75.50697,10.31669],[-75.50699,10.31672],[-75.50701,10.31675],[-75.50703,10.31677],[-75.50705,10.31679],[-75.50709,10.31682],[-75.50713,10.31684],[-75.50716,10.31686],[-75.50719,10.31688],[-75.50722,10.31689],[-75.50725,10.3169],[-75.50729,10.31691],[-75.50733,10.31692],[-75.50736,10.31693],[-75.50741,10.31694],[-75.50744,10.31695],[-75.50748,10.31696],[-75.5075,10.31697],[-75.50752,10.31698],[-75.50758,10.317],[-75.5076,10.317],[-75.50765,10.31702],[-75.50769,10.31704],[-75.50773,10.31706],[-75.50777,10.31707],[-75.5078,10.31708],[-75.50785,10.31708],[-75.50788,10.31708],[-75.50791,10.31708],[-75.50794,10.31708],[-75.50798,10.31708],[-75.50801,10.31708],[-75.50804,10.31708],[-75.50807,10.31707],[-75.50809,10.31707],[-75.50812,10.31707],[-75.50818,10.31706],[-75.50822,10.31703],[-75.50825,10.31702],[-75.50828,10.31701],[-75.50831,10.31701],[-75.50835,10.317],[-75.50839,10.31698],[-75.50841,10.31694],[-75.50842,10.31691],[-75.50844,10.31686],[-75.50844,10.31683],[-75.50845,10.31679],[-75.50846,10.31676],[-75.50846,10.31671],[-75.50847,10.31668],[-75.50849,10.31664],[-75.5085,10.31666],[-75.50851,10.31671],[-75.5085,10.31674],[-75.5085,10.31679],[-75.5085,10.31682],[-75.5085,10.31686],[-75.50849,10.3169],[-75.50848,10.31694],[-75.50848,10.31696],[-75.50849,10.31699],[-75.50855,10.31706],[-75.50857,10.31708],[-75.50859,10.3171],[-75.50861,10.31712],[-75.50864,10.31714],[-75.50866,10.31715],[-75.5087,10.31717],[-75.50874,10.31718],[-75.50877,10.31719],[-75.5088,10.31719],[-75.50883,10.3172],[-75.50885,10.3172],[-75.50887,10.3172],[-75.50894,10.31719],[-75.50897,10.31719],[-75.50902,10.31718],[-75.50905,10.31717],[-75.50908,10.31717],[-75.50912,10.31716],[-75.50916,10.31714],[-75.50921,10.31713],[-75.50923,10.31712],[-75.50926,10.3171],[-75.50931,10.31707],[-75.50933,10.31706],[-75.50936,10.31703],[-75.50938,10.317],[-75.50939,10.31697],[-75.5094,10.31693],[-75.50939,10.31688],[-75.50938,10.31685],[-75.50938,10.3168],[-75.50941,10.31678],[-75.50942,10.31673],[-75.50973,10.31679],[-75.50962,10.31725],[-75.50959,10.3174],[-75.50962,10.3174],[-75.50961,10.31744],[-75.50957,10.31743],[-75.50954,10.31758],[-75.50953,10.31765],[-75.50949,10.3177],[-75.50951,10.31774],[-75.5095,10.31777],[-75.5095,10.31781],[-75.5095,10.31784],[-75.5095,10.31788],[-75.5095,10.31792],[-75.5095,10.31797],[-75.50949,10.31799],[-75.50949,10.31801],[-75.50948,10.31804],[-75.50946,10.3181],[-75.50944,10.31814],[-75.50944,10.31818],[-75.50945,10.31821],[-75.50945,10.31826],[-75.50945,10.31831],[-75.50946,10.31834],[-75.50946,10.31837],[-75.50948,10.31843],[-75.50949,10.31846],[-75.50951,10.3185],[-75.50954,10.31854],[-75.50958,10.31855],[-75.50962,10.31855],[-75.50963,10.31859],[-75.50966,10.31859],[-75.50966,10.31863],[-75.50966,10.31866],[-75.50966,10.3187],[-75.50963,10.3187],[-75.50963,10.31884],[-75.50915,10.31885],[-75.50913,10.31884],[-75.5091,10.31885],[-75.50905,10.31887],[-75.50902,10.3189],[-75.50899,10.31892],[-75.50896,10.31896],[-75.50893,10.31899],[-75.50891,10.31902],[-75.5089,10.31906],[-75.50888,10.31909],[-75.50887,10.31913],[-75.50887,10.31917],[-75.50887,10.31919],[-75.50886,10.31921],[-75.50886,10.31924],[-75.50886,10.31926],[-75.50886,10.31929],[-75.50886,10.31934],[-75.50886,10.31938],[-75.50887,10.31942],[-75.50888,10.31945],[-75.50889,10.31949],[-75.5089,10.3195],[-75.50892,10.31955],[-75.50893,10.31959],[-75.50893,10.31963],[-75.50893,10.31966],[-75.50894,10.31973],[-75.50894,10.31978],[-75.50891,10.31979],[-75.50886,10.31981],[-75.50883,10.31981],[-75.5088,10.31982],[-75.50875,10.31982],[-75.5087,10.31983],[-75.50867,10.31983],[-75.50864,10.31984],[-75.5086,10.31985],[-75.50858,10.31987],[-75.50856,10.31988],[-75.50854,10.3199],[-75.50852,10.31993],[-75.50851,10.31996],[-75.5085,10.31999],[-75.50849,10.32001],[-75.50848,10.32004],[-75.50848,10.32006],[-75.50847,10.32011],[-75.50846,10.32015],[-75.50845,10.32019],[-75.50844,10.32022],[-75.50844,10.32025],[-75.50844,10.32029],[-75.50844,10.32033],[-75.50844,10.32036],[-75.50845,10.3204],[-75.50847,10.32044],[-75.50847,10.32048],[-75.50848,10.32052],[-75.50848,10.32056],[-75.5085,10.3206],[-75.50851,10.32063],[-75.50854,10.32066],[-75.50857,10.32068],[-75.50859,10.32068],[-75.50864,10.32067],[-75.50868,10.32067],[-75.50871,10.32067],[-75.50873,10.32067],[-75.50876,10.32067],[-75.50881,10.32067],[-75.50885,10.32068],[-75.50888,10.3207],[-75.50888,10.32073],[-75.50885,10.32075],[-75.50881,10.32077],[-75.50879,10.3208],[-75.50881,10.32084],[-75.50888,10.32094],[-75.5089,10.32097],[-75.50891,10.321],[-75.50892,10.32104],[-75.50893,10.32107],[-75.50894,10.3211],[-75.50896,10.32113],[-75.50898,10.32116],[-75.50899,10.32119],[-75.509,10.32124],[-75.509,10.32128],[-75.50898,10.32131],[-75.50896,10.32134],[-75.50895,10.32137],[-75.50893,10.32141],[-75.50892,10.32144],[-75.50891,10.32146],[-75.5089,10.32151],[-75.50889,10.32153],[-75.50889,10.32157],[-75.50889,10.3216],[-75.50889,10.32162],[-75.50888,10.32166],[-75.50887,10.32169],[-75.50885,10.32172],[-75.50883,10.32174],[-75.5088,10.32175],[-75.50876,10.32178],[-75.50873,10.32179],[-75.50864,10.32174],[-75.50864,10.32189],[-75.50876,10.32189],[-75.5088,10.32189],[-75.50883,10.3219],[-75.50885,10.3219],[-75.50889,10.32191],[-75.50892,10.32192],[-75.50897,10.32194],[-75.50899,10.32195],[-75.50903,10.32198],[-75.50907,10.32202],[-75.50908,10.32203],[-75.50911,10.32207],[-75.50913,10.32209],[-75.50916,10.32212],[-75.50918,10.32216],[-75.5092,10.32219],[-75.50921,10.32221],[-75.50924,10.32225],[-75.50926,10.32228],[-75.5093,10.32234],[-75.50933,10.32238],[-75.50935,10.32239],[-75.50937,10.32243],[-75.50939,10.32247],[-75.5094,10.32249],[-75.50941,10.32255],[-75.50942,10.32258],[-75.50943,10.32261],[-75.50945,10.32264],[-75.5095,10.32268],[-75.50953,10.32269],[-75.50958,10.32271],[-75.50961,10.32272],[-75.50966,10.32276],[-75.50969,10.32278],[-75.50971,10.32281],[-75.50973,10.32284],[-75.50974,10.32287],[-75.50976,10.32292],[-75.50976,10.32295],[-75.50976,10.32299],[-75.50976,10.32303],[-75.50976,10.32307],[-75.50976,10.3231],[-75.50976,10.32313],[-75.50976,10.32314],[-75.50976,10.32318],[-75.50975,10.32322],[-75.50974,10.32324],[-75.50973,10.32328],[-75.50972,10.32332],[-75.50971,10.32334],[-75.5097,10.32337],[-75.50968,10.32339],[-75.50965,10.3234],[-75.50962,10.32341],[-75.50959,10.32341],[-75.50957,10.32341],[-75.50954,10.32341],[-75.50951,10.32341],[-75.50948,10.3234],[-75.50945,10.3234],[-75.50943,10.32339],[-75.50941,10.32339],[-75.50936,10.3234],[-75.50933,10.32342],[-75.50929,10.32343],[-75.50927,10.32347],[-75.50927,10.3235],[-75.50929,10.32352],[-75.50933,10.32354],[-75.50936,10.32355],[-75.5094,10.32357],[-75.50943,10.32358],[-75.50946,10.32362],[-75.50948,10.32365],[-75.5095,10.32368],[-75.5095,10.32371],[-75.50953,10.32373],[-75.50956,10.32375],[-75.5096,10.32376],[-75.50963,10.32377],[-75.50967,10.32378],[-75.50971,10.32378],[-75.50975,10.32379],[-75.50978,10.32379],[-75.5098,10.32379],[-75.50983,10.3238],[-75.50986,10.32381],[-75.50989,10.32384],[-75.50991,10.32387],[-75.50995,10.32392],[-75.50997,10.32394],[-75.50999,10.32397],[-75.51001,10.324],[-75.51002,10.32407],[-75.51001,10.32412],[-75.51001,10.32415],[-75.51001,10.32419],[-75.51,10.32422],[-75.51,10.32426],[-75.50999,10.32429],[-75.50999,10.32433],[-75.50998,10.32436],[-75.50997,10.3244],[-75.50996,10.32444],[-75.50995,10.32449],[-75.50993,10.32453],[-75.50991,10.32456],[-75.5099,10.32458],[-75.50988,10.32461],[-75.50985,10.32465],[-75.50983,10.32469],[-75.50981,10.3247],[-75.50979,10.32474],[-75.50976,10.32477],[-75.50974,10.32479],[-75.50972,10.32483],[-75.50971,10.32487],[-75.5097,10.3249],[-75.50971,10.32494],[-75.5097,10.32498],[-75.5097,10.325],[-75.50966,10.32501],[-75.50964,10.32499],[-75.50961,10.32498],[-75.50957,10.32499],[-75.50961,10.32514],[-75.50962,10.32513],[-75.50965,10.32512],[-75.50967,10.32511],[-75.5097,10.32509],[-75.5097,10.32506],[-75.50971,10.32503],[-75.50974,10.32501],[-75.50977,10.325],[-75.50979,10.32499],[-75.50982,10.32499],[-75.50984,10.32501],[-75.50987,10.32505],[-75.50988,10.32508],[-75.50989,10.32511],[-75.50989,10.32515],[-75.50989,10.32518],[-75.50988,10.32521],[-75.50988,10.32526],[-75.50984,10.32532],[-75.50997,10.32532],[-75.50997,10.32637],[-75.5113,10.32637],[-75.5113,10.32677],[-75.50996,10.32677],[-75.50996,10.3279],[-75.50984,10.3279],[-75.50982,10.32793],[-75.50981,10.32795],[-75.50979,10.32799],[-75.50977,10.32801],[-75.50974,10.32804],[-75.5097,10.32809],[-75.50967,10.3281],[-75.5096,10.3281],[-75.5096,10.32814],[-75.50963,10.32815],[-75.50966,10.32815],[-75.50969,10.32814],[-75.50972,10.32814],[-75.50976,10.32814],[-75.50979,10.32817],[-75.50979,10.32819],[-75.50979,10.32824],[-75.50978,10.3283],[-75.50978,10.32833],[-75.50979,10.32838],[-75.50979,10.32841],[-75.50979,10.32844],[-75.5098,10.32847],[-75.5098,10.32851],[-75.50982,10.32855],[-75.50983,10.32856],[-75.50984,10.3286],[-75.50985,10.32863],[-75.50985,10.32867],[-75.50987,10.32872],[-75.50989,10.32876],[-75.50993,10.3288],[-75.50994,10.32884],[-75.50995,10.32888],[-75.51,10.3289],[-75.51003,10.3289],[-75.51006,10.32891],[-75.51009,10.32892],[-75.51009,10.32897],[-75.51009,10.329],[-75.51006,10.32902],[-75.51,10.32905],[-75.50997,10.3291],[-75.51007,10.32911],[-75.51007,10.32908],[-75.51012,10.32908],[-75.51011,10.32916],[-75.51007,10.32916],[-75.51008,10.32913],[-75.50996,10.32913],[-75.50996,10.32916],[-75.50997,10.32921],[-75.51,10.32925],[-75.51002,10.32929],[-75.51002,10.32934],[-75.51001,10.32937],[-75.50999,10.3294],[-75.50997,10.32943],[-75.50997,10.32946],[-75.50998,10.32949],[-75.50999,10.32954],[-75.50999,10.32957],[-75.50999,10.32961],[-75.50999,10.32965],[-75.51001,10.32969],[-75.51002,10.32971],[-75.51003,10.32973],[-75.51005,10.32975],[-75.51006,10.32977],[-75.51009,10.32981],[-75.51011,10.32984],[-75.51014,10.32985],[-75.51017,10.32984],[-75.51021,10.32982],[-75.51024,10.32979],[-75.51028,10.32977],[-75.51031,10.32973],[-75.51032,10.32971],[-75.51035,10.32968],[-75.51037,10.32965],[-75.5104,10.32963],[-75.51044,10.32964],[-75.51046,10.32966],[-75.51044,10.3297],[-75.51042,10.32972],[-75.51039,10.32975],[-75.51037,10.32978],[-75.51036,10.32982],[-75.51034,10.32985],[-75.51031,10.32988],[-75.51027,10.32991],[-75.51024,10.32994],[-75.51022,10.32998],[-75.5102,10.33003],[-75.51015,10.33008],[-75.51008,10.33008],[-75.51005,10.33011],[-75.51005,10.33015],[-75.51006,10.33017],[-75.51006,10.3302],[-75.51008,10.33025],[-75.51009,10.33029],[-75.51009,10.33031],[-75.5101,10.33034],[-75.5101,10.33037],[-75.51012,10.33042],[-75.51014,10.33044],[-75.51015,10.33046],[-75.51017,10.33048],[-75.51023,10.33058],[-75.51025,10.33061],[-75.51026,10.33065],[-75.51025,10.33067],[-75.51025,10.33069],[-75.51023,10.33072],[-75.51022,10.33074],[-75.51019,10.33078],[-75.51016,10.3308],[-75.51013,10.33084],[-75.51012,10.33086],[-75.51011,10.33088],[-75.5101,10.3309],[-75.51007,10.33094],[-75.51004,10.33098],[-75.51001,10.33101],[-75.50997,10.33103],[-75.50992,10.33107],[-75.50988,10.33109],[-75.50985,10.33111],[-75.50982,10.33112],[-75.50978,10.33114],[-75.50976,10.33114],[-75.50977,10.33123],[-75.50982,10.33123],[-75.50986,10.33122],[-75.50991,10.33121],[-75.50995,10.33121],[-75.50999,10.3312],[-75.51003,10.33121],[-75.51005,10.33123],[-75.51008,10.33126],[-75.51009,10.33131],[-75.51008,10.33133],[-75.51006,10.33136],[-75.51004,10.33138],[-75.51003,10.3314],[-75.51001,10.33141],[-75.50999,10.33144],[-75.50997,10.33147],[-75.50994,10.33149],[-75.50988,10.33154],[-75.50984,10.33156],[-75.50982,10.33158],[-75.50979,10.33161],[-75.50978,10.33165],[-75.50976,10.33168],[-75.50976,10.33172],[-75.50976,10.33177],[-75.50973,10.3318],[-75.50972,10.33183],[-75.50968,10.33187],[-75.50965,10.33189],[-75.50963,10.33191],[-75.50959,10.33193],[-75.50956,10.33194],[-75.50952,10.33195],[-75.50947,10.33195],[-75.50944,10.33196],[-75.50941,10.33197],[-75.50937,10.33199],[-75.50931,10.33202],[-75.50927,10.33202],[-75.50924,10.33203],[-75.5092,10.33204],[-75.50916,10.33205],[-75.50914,10.33206],[-75.50911,10.33206],[-75.50908,10.33207],[-75.50906,10.33208],[-75.50903,10.33208],[-75.50901,10.33209],[-75.50898,10.3321],[-75.50895,10.33211],[-75.50891,10.33212],[-75.50888,10.33213],[-75.50884,10.33214],[-75.5088,10.33216],[-75.50876,10.33217],[-75.50873,10.33218],[-75.50869,10.33219],[-75.50864,10.3322],[-75.5086,10.33221],[-75.50855,10.33223],[-75.50851,10.33225],[-75.50848,10.33226],[-75.50844,10.33228],[-75.5084,10.3323],[-75.50834,10.33232],[-75.50831,10.33233],[-75.50826,10.33235],[-75.50823,10.33236],[-75.50818,10.33237],[-75.50815,10.33237],[-75.50813,10.33238],[-75.5081,10.33239],[-75.50806,10.3324],[-75.50803,10.3324],[-75.50801,10.33241],[-75.50796,10.33242],[-75.50792,10.33243],[-75.50789,10.33244],[-75.50785,10.33246],[-75.50781,10.3325],[-75.50779,10.33254],[-75.50778,10.33257],[-75.50778,10.33261],[-75.50779,10.33264],[-75.50779,10.33268],[-75.50779,10.33273],[-75.50779,10.33278],[-75.5078,10.33282],[-75.50782,10.33285],[-75.50784,10.33288],[-75.50786,10.33292],[-75.5079,10.33297],[-75.50793,10.33301],[-75.50797,10.33303],[-75.50799,10.33303],[-75.50803,10.33303],[-75.50808,10.33302],[-75.50813,10.33301],[-75.50816,10.33301],[-75.50819,10.333],[-75.50823,10.33299],[-75.50827,10.33298],[-75.5083,10.33297],[-75.50833,10.33296],[-75.50836,10.33294],[-75.5084,10.33293],[-75.50844,10.33292],[-75.50847,10.3329],[-75.5085,10.33289],[-75.50853,10.33289],[-75.50855,10.33288],[-75.50855,10.33286],[-75.50855,10.33283],[-75.50854,10.3328],[-75.50853,10.33277],[-75.50854,10.33275],[-75.50859,10.33274],[-75.50862,10.33272],[-75.50867,10.33271],[-75.50871,10.33271],[-75.50875,10.3327],[-75.5088,10.3327],[-75.50882,10.33273],[-75.50882,10.33276],[-75.50883,10.33279],[-75.50885,10.33282],[-75.50888,10.33284],[-75.50891,10.33285],[-75.50893,10.33285],[-75.50898,10.33285],[-75.50903,10.33285],[-75.50906,10.33285],[-75.50909,10.33285],[-75.50912,10.33285],[-75.50914,10.33285],[-75.50917,10.33285],[-75.50919,10.33284],[-75.50922,10.33284],[-75.50926,10.33284],[-75.5093,10.33284],[-75.50931,10.33288],[-75.50931,10.3329],[-75.50929,10.33292],[-75.50927,10.33294],[-75.50924,10.33298],[-75.50922,10.333],[-75.50918,10.33304],[-75.50916,10.33305],[-75.50912,10.33308],[-75.5091,10.33309],[-75.50907,10.3331],[-75.50904,10.33311],[-75.50901,10.33312],[-75.50896,10.33313],[-75.50893,10.33314],[-75.5089,10.33315],[-75.50887,10.33316],[-75.50884,10.33318],[-75.50881,10.33319],[-75.50878,10.3332],[-75.50876,10.33322],[-75.50872,10.33324],[-75.5086,10.33328],[-75.50857,10.3333],[-75.50849,10.33335],[-75.50843,10.33338],[-75.50839,10.33341],[-75.50836,10.33343],[-75.50832,10.33345],[-75.50829,10.33347],[-75.50826,10.33349],[-75.50823,10.3335],[-75.50819,10.3335],[-75.50816,10.33351],[-75.50813,10.33353],[-75.5081,10.33354],[-75.50806,10.33357],[-75.50803,10.33358],[-75.508,10.3336],[-75.50797,10.33361],[-75.50794,10.33362],[-75.5079,10.33364],[-75.50787,10.33366],[-75.50784,10.33367],[-75.50778,10.33369],[-75.50775,10.33371],[-75.50771,10.33372],[-75.50765,10.33373],[-75.50762,10.33375],[-75.50758,10.33377],[-75.50755,10.33378],[-75.50753,10.33379],[-75.50749,10.33381],[-75.50747,10.33384],[-75.50744,10.33387],[-75.50742,10.33388],[-75.50738,10.3339],[-75.50735,10.33391],[-75.50731,10.33392],[-75.50725,10.33395],[-75.50721,10.33396],[-75.50718,10.33396],[-75.50713,10.33398],[-75.50709,10.33399],[-75.50707,10.33401],[-75.50705,10.33401],[-75.50702,10.33402],[-75.507,10.33403],[-75.50696,10.33404],[-75.50693,10.33406],[-75.50692,10.33409],[-75.50691,10.33413],[-75.50691,10.33418],[-75.50691,10.3342],[-75.50692,10.33424],[-75.50694,10.33427],[-75.50696,10.33431],[-75.50697,10.33436],[-75.50697,10.33439],[-75.50698,10.33441],[-75.50699,10.33444],[-75.507,10.33446],[-75.50702,10.3345],[-75.50705,10.33454],[-75.50706,10.33457],[-75.50707,10.33459],[-75.50708,10.3346],[-75.5071,10.33464],[-75.50712,10.33467],[-75.50713,10.33471],[-75.50715,10.33474],[-75.50716,10.33477],[-75.50718,10.33481],[-75.50719,10.33484],[-75.50722,10.3349],[-75.50725,10.33493],[-75.50728,10.33493],[-75.50731,10.33492],[-75.50737,10.3349],[-75.50741,10.33488],[-75.50744,10.33487],[-75.50747,10.33486],[-75.50751,10.33484],[-75.50755,10.33483],[-75.50757,10.33481],[-75.5076,10.3348],[-75.50763,10.33478],[-75.50766,10.33476],[-75.50769,10.33473],[-75.50769,10.33471],[-75.50769,10.33466],[-75.50769,10.33462],[-75.50768,10.33457],[-75.50768,10.33455],[-75.50767,10.33453],[-75.50766,10.33451],[-75.50765,10.33448],[-75.50763,10.33445],[-75.50758,10.33437],[-75.50757,10.33434],[-75.50756,10.3343],[-75.50756,10.33427],[-75.50755,10.33425],[-75.50754,10.33422],[-75.50753,10.33418],[-75.50752,10.33414],[-75.5075,10.3341],[-75.50749,10.33405],[-75.50751,10.33402],[-75.50754,10.33399],[-75.50757,10.33398],[-75.50761,10.33396],[-75.50766,10.33393],[-75.5077,10.33392],[-75.50773,10.3339],[-75.50776,10.33389],[-75.50781,10.33388],[-75.50783,10.33387],[-75.50786,10.33387],[-75.5079,10.33386],[-75.50794,10.33386],[-75.50798,10.33384],[-75.50802,10.33383],[-75.50806,10.33381],[-75.50808,10.3338],[-75.50811,10.33379],[-75.50813,10.33377],[-75.50816,10.33376],[-75.50819,10.33375],[-75.50821,10.33373],[-75.50825,10.33371],[-75.50827,10.3337],[-75.5083,10.33369],[-75.50833,10.33367],[-75.50836,10.33366],[-75.50839,10.33365],[-75.50842,10.33364],[-75.50844,10.33362],[-75.50847,10.33361],[-75.5085,10.33361],[-75.50852,10.3336],[-75.50855,10.33359],[-75.50858,10.33357],[-75.50862,10.33355],[-75.50865,10.33354],[-75.50869,10.33351],[-75.50872,10.3335],[-75.50876,10.33348],[-75.50879,10.33345],[-75.50883,10.33343],[-75.50884,10.33342],[-75.50888,10.3334],[-75.50892,10.33338],[-75.50894,10.33337],[-75.50897,10.33335],[-75.50901,10.33334],[-75.50904,10.33333],[-75.50908,10.33331],[-75.50911,10.33329],[-75.50913,10.33326],[-75.50916,10.33323],[-75.50918,10.33321],[-75.50921,10.33319],[-75.50925,10.33317],[-75.50927,10.33315],[-75.50932,10.33313],[-75.50936,10.33313],[-75.50941,10.33314],[-75.50943,10.33314],[-75.50946,10.33313],[-75.50952,10.33312],[-75.50954,10.33313],[-75.50957,10.33314],[-75.50961,10.33316],[-75.50963,10.33317],[-75.50966,10.3332],[-75.50969,10.33322],[-75.50972,10.33324],[-75.50975,10.33326],[-75.50979,10.33329],[-75.50981,10.3333],[-75.50985,10.33335],[-75.50986,10.33339],[-75.50987,10.33343],[-75.50988,10.33348],[-75.50987,10.33351],[-75.50986,10.33354],[-75.50984,10.33358],[-75.50983,10.33363],[-75.50982,10.33367],[-75.50981,10.3337],[-75.5098,10.33375],[-75.5098,10.33378],[-75.50979,10.33382],[-75.50979,10.33386],[-75.50979,10.33391],[-75.50979,10.33393],[-75.50979,10.33396],[-75.50978,10.334],[-75.50978,10.33403],[-75.50977,10.33406],[-75.50977,10.3341],[-75.50976,10.33414],[-75.50975,10.33418],[-75.50974,10.33422],[-75.50974,10.33424],[-75.50972,10.33428],[-75.50971,10.33432],[-75.5097,10.33438],[-75.5097,10.33441],[-75.50971,10.33453],[-75.50971,10.33458],[-75.50972,10.33462],[-75.50972,10.33465],[-75.50973,10.3347],[-75.50973,10.33472],[-75.50973,10.33475],[-75.50975,10.33479],[-75.50976,10.33483],[-75.50977,10.33488],[-75.50979,10.33493],[-75.5098,10.33497],[-75.50981,10.33499],[-75.50982,10.33502],[-75.50984,10.33506],[-75.50985,10.33508],[-75.50987,10.33511],[-75.50991,10.33516],[-75.51,10.33529],[-75.51001,10.33531],[-75.51003,10.33534],[-75.51004,10.33538],[-75.51005,10.33543],[-75.51005,10.33547],[-75.51005,10.33549],[-75.51005,10.33553],[-75.51004,10.33556],[-75.51003,10.33561],[-75.51003,10.33567],[-75.51002,10.3357],[-75.51002,10.33573],[-75.51002,10.3358],[-75.51002,10.33584],[-75.51001,10.33588],[-75.51001,10.33592],[-75.51001,10.33596],[-75.51002,10.33599],[-75.51002,10.33603],[-75.51003,10.33606],[-75.51004,10.33609],[-75.51009,10.3361],[-75.51011,10.33609],[-75.51015,10.33609],[-75.51019,10.3361],[-75.51022,10.3361],[-75.51025,10.33611],[-75.5103,10.33613],[-75.51034,10.33614],[-75.51039,10.33616],[-75.51041,10.33616],[-75.51044,10.33617],[-75.51048,10.33618],[-75.51055,10.3362],[-75.51058,10.33621],[-75.51059,10.33625],[-75.51062,10.33629],[-75.51066,10.33627],[-75.51069,10.33626],[-75.51073,10.33623],[-75.51077,10.33622],[-75.51082,10.33623],[-75.51085,10.33624],[-75.51088,10.33625],[-75.51091,10.33628],[-75.51093,10.33631],[-75.51094,10.33635],[-75.51094,10.33639],[-75.51094,10.33642],[-75.51093,10.33647],[-75.51093,10.3365],[-75.51092,10.33653],[-75.51091,10.33656],[-75.51091,10.33663],[-75.51091,10.33666],[-75.51092,10.3367],[-75.51092,10.33673],[-75.51093,10.33677],[-75.51094,10.3368],[-75.51095,10.33683],[-75.51095,10.33686],[-75.51096,10.3369],[-75.51097,10.33696],[-75.51097,10.33699],[-75.51098,10.33704],[-75.51098,10.33708],[-75.51098,10.33712],[-75.51099,10.33715],[-75.51099,10.3372],[-75.51099,10.33723],[-75.51099,10.33725],[-75.51099,10.33729],[-75.51099,10.33734],[-75.51099,10.33736],[-75.51144,10.33743],[-75.51144,10.33754],[-75.51145,10.33773],[-75.51145,10.33781],[-75.51146,10.33796],[-75.51148,10.33817],[-75.51148,10.33824],[-75.51147,10.33828],[-75.51144,10.33833],[-75.5114,10.33836],[-75.51135,10.33838],[-75.51131,10.33838],[-75.51127,10.33835],[-75.51123,10.33834],[-75.51121,10.33835],[-75.51112,10.33835],[-75.51108,10.33835],[-75.511,10.33836],[-75.51094,10.33837],[-75.51092,10.33839],[-75.51089,10.33844],[-75.51085,10.3385],[-75.51082,10.33853],[-75.51078,10.3386],[-75.51074,10.33866],[-75.51071,10.3387],[-75.51069,10.33872],[-75.51067,10.33875],[-75.51065,10.33876],[-75.51063,10.33878],[-75.51061,10.3388],[-75.51058,10.33882],[-75.51055,10.33885],[-75.51051,10.33887],[-75.51047,10.3389],[-75.51043,10.33893],[-75.51041,10.33894],[-75.51039,10.33896],[-75.51036,10.33897],[-75.51034,10.33899],[-75.51032,10.33901],[-75.5103,10.33902],[-75.51028,10.33904],[-75.51024,10.33906],[-75.51021,10.33908],[-75.51018,10.33911],[-75.51015,10.33914],[-75.5101,10.33919],[-75.51008,10.33922],[-75.51005,10.33926],[-75.51002,10.33931],[-75.51,10.33935],[-75.51,10.33936],[-75.50997,10.33939],[-75.50994,10.33941],[-75.50991,10.33944],[-75.50987,10.33947],[-75.50983,10.3395],[-75.5098,10.33953],[-75.50978,10.33955],[-75.50976,10.33957],[-75.50974,10.33958],[-75.50972,10.3396],[-75.50969,10.33963],[-75.50966,10.33965],[-75.50962,10.33968],[-75.50956,10.33972],[-75.50951,10.33975],[-75.50949,10.33978],[-75.50946,10.33982],[-75.50944,10.33984],[-75.50943,10.33986],[-75.50942,10.33988],[-75.5094,10.33992],[-75.50938,10.33996],[-75.50936,10.34001],[-75.50935,10.34003],[-75.50934,10.34006],[-75.50933,10.34009],[-75.50932,10.34015],[-75.50932,10.34017],[-75.50932,10.3402],[-75.50931,10.34023],[-75.50931,10.34025],[-75.5093,10.34029],[-75.5093,10.34034],[-75.5093,10.34038],[-75.5093,10.34041],[-75.50929,10.34045],[-75.50928,10.34048],[-75.50928,10.34053],[-75.50927,10.34056],[-75.50927,10.3406],[-75.50926,10.34064],[-75.50925,10.34068],[-75.50922,10.34073],[-75.50921,10.34076],[-75.50919,10.34079],[-75.50916,10.34081],[-75.50912,10.34084],[-75.50909,10.34086],[-75.50907,10.34087],[-75.50905,10.34088],[-75.50901,10.3409],[-75.50897,10.34091],[-75.50893,10.34092],[-75.5089,10.34093],[-75.50887,10.34093],[-75.50885,10.34093],[-75.5088,10.34094],[-75.50875,10.34094],[-75.50873,10.34094],[-75.50868,10.34095],[-75.50866,10.34095],[-75.50863,10.34095],[-75.5086,10.34096],[-75.50857,10.34096],[-75.50855,10.34097],[-75.5085,10.34097],[-75.50848,10.34097],[-75.50846,10.34097],[-75.50843,10.34096],[-75.50841,10.34095],[-75.50837,10.34094],[-75.50833,10.34091],[-75.50829,10.34089],[-75.50823,10.34085],[-75.5082,10.34083],[-75.50816,10.34081],[-75.50814,10.3408],[-75.50811,10.34079],[-75.50807,10.34077],[-75.50804,10.34076],[-75.508,10.34076],[-75.50796,10.34076],[-75.50793,10.34077],[-75.5079,10.34079],[-75.50788,10.34081],[-75.50784,10.34084],[-75.50782,10.34085],[-75.50778,10.34088],[-75.50776,10.34089],[-75.50773,10.34093],[-75.50771,10.34094],[-75.50769,10.34097],[-75.50767,10.341],[-75.50766,10.34102],[-75.50765,10.34105],[-75.50764,10.34107],[-75.50763,10.3411],[-75.50762,10.34112],[-75.50761,10.34115],[-75.5076,10.34117],[-75.5076,10.34119],[-75.50759,10.34123],[-75.50758,10.34126],[-75.50756,10.34128],[-75.50755,10.34131],[-75.50752,10.34137],[-75.50749,10.34142],[-75.50748,10.34145],[-75.50747,10.34148],[-75.50745,10.34151],[-75.50743,10.34154],[-75.5074,10.34156],[-75.50737,10.34158],[-75.50734,10.34159],[-75.5073,10.3416],[-75.50724,10.34161],[-75.5072,10.34161],[-75.50716,10.3416],[-75.50712,10.3416],[-75.50709,10.34159],[-75.50705,10.34159],[-75.50701,10.34159],[-75.50695,10.34158],[-75.50691,10.34157],[-75.50688,10.34156],[-75.50686,10.34155],[-75.50683,10.34155],[-75.50681,10.34154],[-75.50678,10.34153],[-75.50676,10.34152],[-75.50672,10.3415],[-75.5067,10.34149],[-75.50667,10.34148],[-75.50665,10.34146],[-75.50662,10.34145],[-75.50661,10.34144],[-75.50656,10.34142],[-75.50654,10.34142],[-75.50651,10.3414],[-75.50647,10.34139],[-75.50645,10.34139],[-75.5064,10.34138],[-75.50638,10.34138],[-75.50634,10.34137],[-75.50629,10.34137],[-75.50626,10.34136],[-75.50622,10.34135],[-75.5062,10.34133],[-75.50617,10.3413],[-75.50611,10.34131],[-75.5061,10.34132],[-75.50605,10.34134],[-75.50602,10.34134],[-75.50599,10.34134],[-75.50597,10.34135],[-75.50594,10.34134],[-75.5059,10.34134],[-75.50586,10.34134],[-75.50583,10.34133],[-75.50579,10.34133],[-75.50575,10.34132],[-75.5057,10.34131],[-75.50567,10.34131],[-75.50565,10.34131],[-75.50562,10.3413],[-75.50559,10.3413],[-75.50557,10.3413],[-75.50552,10.3413],[-75.50549,10.3413],[-75.50544,10.34129],[-75.50539,10.34129],[-75.50536,10.34129],[-75.50532,10.34128],[-75.50528,10.34128],[-75.50524,10.34128],[-75.5052,10.34127],[-75.50516,10.34126],[-75.50513,10.34126],[-75.5051,10.34125],[-75.50507,10.34125],[-75.50503,10.34125],[-75.50499,10.34125],[-75.50494,10.34124],[-75.50489,10.34123],[-75.50487,10.34123],[-75.50485,10.34122],[-75.50482,10.34121],[-75.50479,10.34121],[-75.50477,10.3412],[-75.50474,10.3412],[-75.5047,10.34119],[-75.50466,10.34118],[-75.50463,10.34118],[-75.50459,10.34117],[-75.50455,10.34117],[-75.50452,10.34117],[-75.50449,10.34116],[-75.50445,10.34116],[-75.50442,10.34116],[-75.50439,10.34115],[-75.50437,10.34115],[-75.50434,10.34115],[-75.50423,10.34161],[-75.50422,10.34172],[-75.50407,10.34264],[-75.50415,10.34267],[-75.5042,10.34269],[-75.50424,10.3427],[-75.50427,10.34271],[-75.5043,10.34272],[-75.50433,10.34274],[-75.50437,10.34277],[-75.5044,10.34279],[-75.50442,10.3428],[-75.50445,10.34281],[-75.5045,10.34281],[-75.50454,10.34281],[-75.50458,10.34281],[-75.50461,10.34281],[-75.50463,10.3428],[-75.50466,10.34281],[-75.50468,10.34281],[-75.50471,10.34281],[-75.50473,10.34282],[-75.50476,10.34283],[-75.50479,10.34285],[-75.50481,10.34286],[-75.50484,10.34289],[-75.50486,10.34291],[-75.50488,10.34292],[-75.50491,10.34294],[-75.50493,10.34296],[-75.50496,10.34299],[-75.50499,10.34302],[-75.50501,10.34305],[-75.50503,10.34307],[-75.50506,10.34309],[-75.50509,10.34311],[-75.50513,10.34313],[-75.50515,10.34315],[-75.50517,10.34317],[-75.5052,10.34319],[-75.50522,10.34321],[-75.50525,10.34323],[-75.50529,10.34326],[-75.50531,10.34329],[-75.50536,10.34332],[-75.5054,10.34334],[-75.50543,10.34336],[-75.50547,10.34338],[-75.5055,10.3434],[-75.50554,10.34342],[-75.50557,10.34344],[-75.50559,10.34345],[-75.50563,10.34348],[-75.50565,10.3435],[-75.50568,10.34352],[-75.50572,10.34355],[-75.50574,10.34358],[-75.50577,10.3436],[-75.5058,10.34363],[-75.50583,10.34365],[-75.50585,10.34367],[-75.50589,10.3437],[-75.50593,10.34372],[-75.50597,10.34375],[-75.506,10.34377],[-75.50603,10.34379],[-75.50606,10.3438],[-75.50611,10.34381],[-75.50615,10.34381],[-75.50618,10.34381],[-75.50624,10.34381],[-75.50629,10.34381],[-75.50633,10.34381],[-75.50635,10.34381],[-75.50638,10.34381],[-75.50643,10.3438],[-75.50647,10.3438],[-75.50652,10.3438],[-75.50655,10.3438],[-75.50658,10.34381],[-75.50662,10.34382],[-75.50666,10.34383],[-75.50667,10.34383],[-75.50673,10.34385],[-75.50676,10.34386],[-75.50682,10.34387],[-75.507,10.34387],[-75.50713,10.34383],[-75.5073,10.34383],[-75.50741,10.3438],[-75.50751,10.34383],[-75.50765,10.34382],[-75.50776,10.34382],[-75.5078,10.34383],[-75.50784,10.34384],[-75.50788,10.34386],[-75.50791,10.34389],[-75.50794,10.34394],[-75.50796,10.34399],[-75.50795,10.34403],[-75.50792,10.3441],[-75.50788,10.34416],[-75.50783,10.34422],[-75.50779,10.34431],[-75.50775,10.34434],[-75.50771,10.3444],[-75.50766,10.34444],[-75.50764,10.34449],[-75.50759,10.34453],[-75.50756,10.34456],[-75.50753,10.34459],[-75.50749,10.34461],[-75.50747,10.34463],[-75.50759,10.34468],[-75.5076,10.3447],[-75.50761,10.34472],[-75.50762,10.34477],[-75.50763,10.34479],[-75.50763,10.34482],[-75.50763,10.34485],[-75.50764,10.34489],[-75.50765,10.34493],[-75.50768,10.34498],[-75.50772,10.34504],[-75.50775,10.34507],[-75.50776,10.3451],[-75.50778,10.34512],[-75.50779,10.34515],[-75.5078,10.34518],[-75.50781,10.34522],[-75.50782,10.34525],[-75.50784,10.3453],[-75.50787,10.34534],[-75.50788,10.34537],[-75.5079,10.3454],[-75.50791,10.34542],[-75.50794,10.34547],[-75.50795,10.34548],[-75.50797,10.34552],[-75.50799,10.34555],[-75.50801,10.34558],[-75.50803,10.34561],[-75.50809,10.34571],[-75.50816,10.34582],[-75.50821,10.34588],[-75.50823,10.34591],[-75.50825,10.34594],[-75.50827,10.34597],[-75.50835,10.34608],[-75.50838,10.34611],[-75.50841,10.34614],[-75.50844,10.34617],[-75.50847,10.34621],[-75.50849,10.34622],[-75.50851,10.34624],[-75.50853,10.34626],[-75.50855,10.34627],[-75.50858,10.34628],[-75.5086,10.34629],[-75.50863,10.34631],[-75.50866,10.34632],[-75.50868,10.34633],[-75.50873,10.34636],[-75.50877,10.34638],[-75.5088,10.3464],[-75.50883,10.34643],[-75.50886,10.34646],[-75.50888,10.34647],[-75.5089,10.34648],[-75.50892,10.3465],[-75.50895,10.34651],[-75.50897,10.34653],[-75.50899,10.34654],[-75.50903,10.34656],[-75.50906,10.34658],[-75.5091,10.34659],[-75.50912,10.3466],[-75.50915,10.34661],[-75.50917,10.34662],[-75.50921,10.34664],[-75.50925,10.34665],[-75.5093,10.34667],[-75.50932,10.34668],[-75.50935,10.34669],[-75.50938,10.3467],[-75.50941,10.34671],[-75.50943,10.34672],[-75.50947,10.34675],[-75.50948,10.34677],[-75.50952,10.34679],[-75.50957,10.34681],[-75.5096,10.34682],[-75.50963,10.34683],[-75.50966,10.34685],[-75.50969,10.34687],[-75.50972,10.34689],[-75.50974,10.34692],[-75.50977,10.34694],[-75.5098,10.34695],[-75.50983,10.34696],[-75.50987,10.34698],[-75.50989,10.347],[-75.50991,10.34702],[-75.50991,10.34706],[-75.5099,10.3471],[-75.5099,10.34715],[-75.5099,10.3472],[-75.50991,10.34723],[-75.50992,10.34727],[-75.50993,10.3473],[-75.50995,10.34734],[-75.50997,10.34737],[-75.51,10.34741],[-75.51002,10.34744],[-75.51004,10.34748],[-75.51004,10.34751],[-75.51005,10.34753],[-75.51005,10.34758],[-75.51006,10.34763],[-75.51006,10.34765],[-75.51008,10.34769],[-75.5101,10.34772],[-75.51011,10.34776],[-75.51012,10.34781],[-75.51011,10.34786],[-75.5101,10.3479],[-75.51009,10.34794],[-75.51008,10.34799],[-75.51007,10.34802],[-75.51006,10.34805],[-75.51005,10.3481],[-75.51004,10.34813],[-75.51004,10.34817],[-75.51005,10.34821],[-75.51004,10.34826],[-75.51004,10.34828],[-75.51003,10.3483],[-75.51002,10.34835],[-75.51001,10.34837],[-75.50999,10.34842],[-75.50997,10.34846],[-75.50994,10.34849],[-75.50992,10.34853],[-75.5099,10.34855],[-75.50987,10.34859],[-75.50986,10.3486],[-75.50984,10.34863],[-75.50982,10.34864],[-75.50979,10.34867],[-75.50975,10.3487],[-75.5097,10.34873],[-75.50965,10.34875],[-75.50961,10.34876],[-75.50957,10.34877],[-75.50954,10.34877],[-75.50949,10.34877],[-75.50944,10.34877],[-75.50942,10.34877],[-75.50937,10.34878],[-75.50933,10.34877],[-75.50929,10.34876],[-75.50928,10.34875],[-75.50924,10.34871],[-75.50922,10.3487],[-75.50919,10.34868],[-75.50916,10.34867],[-75.50912,10.34866],[-75.50909,10.34865],[-75.50905,10.34864],[-75.50902,10.34862],[-75.50899,10.3486],[-75.50895,10.34859],[-75.50891,10.34858],[-75.50889,10.34859],[-75.50884,10.34859],[-75.50879,10.34859],[-75.50875,10.34858],[-75.50871,10.34856],[-75.50868,10.34855],[-75.50864,10.34854],[-75.50859,10.34854],[-75.50855,10.34856],[-75.50851,10.34858],[-75.50848,10.34861],[-75.50846,10.34862],[-75.50842,10.34865],[-75.5084,10.34867],[-75.50838,10.34867],[-75.50833,10.34869],[-75.5083,10.3487],[-75.50828,10.3487],[-75.50824,10.34871],[-75.50821,10.34873],[-75.5082,10.34876],[-75.5082,10.34881],[-75.50819,10.34884],[-75.50816,10.34884],[-75.50813,10.34884],[-75.50811,10.34887],[-75.5081,10.34892],[-75.50811,10.34897],[-75.50812,10.34901],[-75.50813,10.34905],[-75.50813,10.34908],[-75.50813,10.34912],[-75.50814,10.34914],[-75.50815,10.34918],[-75.50815,10.34921],[-75.50815,10.34925],[-75.50816,10.34929],[-75.50816,10.34933],[-75.50817,10.34937],[-75.50818,10.3494],[-75.50819,10.34943],[-75.5082,10.34945],[-75.50822,10.3495],[-75.50823,10.34954],[-75.50825,10.34957],[-75.50829,10.34959],[-75.50833,10.34961],[-75.50836,10.34963],[-75.50839,10.34965],[-75.50842,10.34968],[-75.50846,10.34973],[-75.50849,10.34977],[-75.50852,10.34981],[-75.50854,10.34984],[-75.50854,10.34987],[-75.50855,10.34989],[-75.50857,10.34994],[-75.50857,10.34998],[-75.50855,10.35002],[-75.50851,10.35005],[-75.50849,10.35006],[-75.50845,10.35008],[-75.50842,10.3501],[-75.50839,10.35013],[-75.50837,10.35017],[-75.50837,10.3502],[-75.50837,10.35022],[-75.50838,10.35025],[-75.50839,10.35029],[-75.50842,10.35032],[-75.50847,10.35034],[-75.5085,10.35035],[-75.50855,10.35039],[-75.50857,10.3504],[-75.50859,10.35043],[-75.50862,10.35047],[-75.50864,10.35052],[-75.50865,10.35056],[-75.50864,10.35059],[-75.50863,10.35061],[-75.50862,10.35064],[-75.5086,10.35067],[-75.50859,10.35069],[-75.50857,10.35074],[-75.50856,10.35079],[-75.50856,10.3508],[-75.50856,10.35085],[-75.50859,10.35088],[-75.50869,10.35102],[-75.50872,10.35106],[-75.50874,10.35109],[-75.50874,10.35112],[-75.50874,10.35114],[-75.50874,10.35117],[-75.50874,10.35123],[-75.50873,10.35126],[-75.50873,10.35131],[-75.50873,10.35135],[-75.50874,10.35139],[-75.50876,10.35143],[-75.50877,10.35144],[-75.50883,10.35147],[-75.50885,10.35146],[-75.50889,10.35144],[-75.50893,10.35141],[-75.50895,10.3514],[-75.50898,10.35138],[-75.50902,10.35137],[-75.50906,10.35136],[-75.50909,10.35136],[-75.50912,10.35137],[-75.50916,10.35137],[-75.5092,10.35139],[-75.50923,10.35141],[-75.50926,10.35143],[-75.50929,10.35145],[-75.50931,10.35146],[-75.50933,10.35147],[-75.50939,10.35151],[-75.50941,10.35152],[-75.50943,10.35155],[-75.50945,10.35159],[-75.50947,10.35161],[-75.50948,10.35163],[-75.50949,10.35166],[-75.5095,10.35168],[-75.50951,10.35171],[-75.50952,10.35173],[-75.50952,10.35177],[-75.50953,10.3518],[-75.50954,10.35183],[-75.50954,10.35188],[-75.50954,10.35191],[-75.50954,10.35193],[-75.50954,10.35198],[-75.50954,10.352],[-75.50954,10.35203],[-75.50953,10.35205],[-75.50953,10.35207],[-75.50952,10.3521],[-75.50951,10.35212],[-75.50949,10.35216],[-75.50948,10.35218],[-75.50947,10.3522],[-75.50945,10.35223],[-75.50943,10.35226],[-75.50941,10.35229],[-75.50939,10.35232],[-75.50936,10.35235],[-75.50933,10.35237],[-75.5093,10.35239],[-75.50926,10.3524],[-75.50922,10.3524],[-75.50918,10.35242],[-75.50917,10.35244],[-75.50916,10.35247],[-75.50917,10.35251],[-75.50918,10.35257],[-75.50917,10.35259],[-75.50915,10.35261],[-75.50914,10.35263],[-75.50915,10.35264],[-75.50919,10.35264],[-75.50922,10.35264],[-75.50924,10.35264],[-75.50929,10.35266],[-75.50933,10.35269],[-75.50937,10.35272],[-75.50939,10.35276],[-75.50948,10.35288],[-75.50952,10.35293],[-75.50953,10.35295],[-75.50957,10.35299],[-75.5096,10.35303],[-75.50963,10.35307],[-75.50965,10.3531],[-75.50967,10.35313],[-75.50968,10.35316],[-75.50968,10.3532],[-75.50967,10.35325],[-75.50966,10.35329],[-75.50965,10.35333],[-75.50964,10.35337],[-75.50963,10.35339],[-75.50962,10.35343],[-75.50961,10.35347],[-75.5096,10.3535],[-75.5096,10.35353],[-75.50959,10.35355],[-75.50959,10.35358],[-75.50958,10.35362],[-75.50957,10.35366],[-75.50957,10.35369],[-75.50956,10.35373],[-75.50955,10.35377],[-75.50955,10.35381],[-75.50956,10.35385],[-75.50956,10.35387],[-75.50958,10.35391],[-75.5096,10.35395],[-75.50961,10.35398],[-75.50962,10.35402],[-75.50964,10.35407],[-75.50965,10.3541],[-75.50966,10.35413],[-75.50966,10.35415],[-75.50967,10.35418],[-75.50968,10.3542],[-75.50969,10.35423],[-75.5097,10.35428],[-75.50971,10.35431],[-75.50973,10.35435],[-75.50974,10.35439],[-75.50975,10.35443],[-75.50977,10.35448],[-75.50978,10.35452],[-75.50979,10.35456],[-75.5098,10.3546],[-75.50981,10.35464],[-75.50982,10.35469],[-75.50983,10.35472],[-75.50985,10.35476],[-75.50986,10.3548],[-75.50986,10.35481],[-75.50988,10.35485],[-75.5099,10.35489],[-75.50995,10.35492],[-75.50998,10.35491],[-75.51001,10.35485],[-75.51,10.35476],[-75.51004,10.35473],[-75.51001,10.35466],[-75.51003,10.35464],[-75.51004,10.35462],[-75.50979,10.35388],[-75.50977,10.35382],[-75.50976,10.35376],[-75.50976,10.35369],[-75.50978,10.35363],[-75.50981,10.35356],[-75.50995,10.35319],[-75.50998,10.3532],[-75.50999,10.35318],[-75.51002,10.35319],[-75.51,10.35326],[-75.51008,10.35329],[-75.51011,10.35326],[-75.51012,10.35324],[-75.51015,10.3532],[-75.51016,10.35318],[-75.51019,10.35317],[-75.51021,10.35315],[-75.51024,10.35314],[-75.51026,10.35313],[-75.51029,10.35312],[-75.51033,10.35313],[-75.51036,10.35313],[-75.51038,10.35313],[-75.51041,10.35314],[-75.51044,10.35314],[-75.51046,10.35314],[-75.51049,10.35315],[-75.51054,10.35316],[-75.51057,10.35318],[-75.51059,10.35319],[-75.51061,10.35321],[-75.51064,10.35322],[-75.51066,10.35323],[-75.51069,10.35323],[-75.51073,10.35324],[-75.51076,10.35324],[-75.51079,10.35325],[-75.51083,10.35325],[-75.51086,10.35326],[-75.5109,10.35326],[-75.51093,10.35327],[-75.51096,10.35327],[-75.51099,10.35328],[-75.51104,10.35329],[-75.51106,10.35329],[-75.51109,10.3533],[-75.51113,10.35331],[-75.51116,10.35333],[-75.51119,10.35335],[-75.51122,10.35337],[-75.51125,10.3534],[-75.51127,10.35343],[-75.51129,10.35346],[-75.51131,10.35349],[-75.51134,10.35353],[-75.51138,10.35354],[-75.51141,10.35355],[-75.51146,10.35355],[-75.5115,10.35357],[-75.51152,10.3536],[-75.51153,10.35364],[-75.51154,10.35366],[-75.51155,10.35368],[-75.51156,10.35371],[-75.51156,10.35375],[-75.51157,10.3538],[-75.51158,10.35382],[-75.51159,10.35384],[-75.51161,10.35387],[-75.51162,10.3539],[-75.51163,10.35395],[-75.51161,10.35398],[-75.51159,10.35402],[-75.51157,10.35405],[-75.51155,10.35408],[-75.51153,10.35412],[-75.51152,10.35416],[-75.51149,10.35419],[-75.51149,10.35423],[-75.51148,10.35425],[-75.51149,10.3543],[-75.51149,10.35434],[-75.5115,10.35437],[-75.51151,10.35441],[-75.51153,10.35444],[-75.51155,10.35447],[-75.51158,10.3545],[-75.5116,10.35453],[-75.51162,10.35455],[-75.51164,10.35457],[-75.51166,10.35459],[-75.51169,10.35463],[-75.5117,10.35466],[-75.51172,10.3547],[-75.51172,10.35474],[-75.51173,10.35477],[-75.51173,10.35481],[-75.51171,10.35485],[-75.51165,10.35487],[-75.51158,10.3549],[-75.51154,10.35491],[-75.51161,10.35513],[-75.5118,10.35508],[-75.51183,10.35513],[-75.51183,10.35515],[-75.51182,10.35518],[-75.51179,10.35522],[-75.51177,10.35525],[-75.51176,10.35527],[-75.51175,10.35529],[-75.51173,10.35532],[-75.51171,10.35536],[-75.51169,10.35539],[-75.51166,10.35543],[-75.51164,10.35546],[-75.51163,10.35549],[-75.51161,10.35553],[-75.5116,10.35556],[-75.51159,10.3556],[-75.51159,10.35562],[-75.51158,10.35565],[-75.51158,10.35568],[-75.51157,10.35571],[-75.51156,10.35575],[-75.51156,10.35577],[-75.51156,10.35582],[-75.51156,10.35584],[-75.51156,10.35587],[-75.51156,10.3559],[-75.51156,10.35595],[-75.51156,10.35598],[-75.51156,10.356],[-75.51156,10.35605],[-75.51156,10.35608],[-75.51156,10.35612],[-75.51156,10.35616],[-75.51155,10.35621],[-75.51155,10.35624],[-75.51155,10.35628],[-75.51155,10.35631],[-75.51155,10.35633],[-75.51156,10.35639],[-75.51156,10.35642],[-75.51157,10.35647],[-75.51157,10.3565],[-75.51158,10.35653],[-75.51159,10.35657],[-75.5116,10.35659],[-75.51161,10.35663],[-75.51162,10.35667],[-75.51163,10.35671],[-75.51163,10.35674],[-75.51163,10.35678],[-75.51163,10.35682],[-75.51163,10.35686],[-75.51162,10.35689],[-75.51161,10.35691],[-75.51159,10.35698],[-75.51158,10.357],[-75.51156,10.35702],[-75.51153,10.35706],[-75.5115,10.35708],[-75.51147,10.35709],[-75.51143,10.3571],[-75.51141,10.3571],[-75.51136,10.35711],[-75.51133,10.35712],[-75.51128,10.35711],[-75.51125,10.35711],[-75.51121,10.35711],[-75.51117,10.3571],[-75.51112,10.35709],[-75.51109,10.35709],[-75.51107,10.35709],[-75.51102,10.35709],[-75.51098,10.35708],[-75.51096,10.35707],[-75.51097,10.35702],[-75.51097,10.35698],[-75.51097,10.35694],[-75.51097,10.35692],[-75.51096,10.35689],[-75.51095,10.35685],[-75.51093,10.3568],[-75.51091,10.35677],[-75.51089,10.35673],[-75.51088,10.3567],[-75.51087,10.35668],[-75.51087,10.35664],[-75.51084,10.35662],[-75.51081,10.35662],[-75.51075,10.35665],[-75.51074,10.35668],[-75.51075,10.35672],[-75.51076,10.35675],[-75.51077,10.3568],[-75.51079,10.35684],[-75.5108,10.35687],[-75.51082,10.3569],[-75.51082,10.35694],[-75.51083,10.35698],[-75.51083,10.35702],[-75.51082,10.35705],[-75.5108,10.35706],[-75.51076,10.35707],[-75.51072,10.35708],[-75.51068,10.35707],[-75.51065,10.35707],[-75.51062,10.35708],[-75.51058,10.35711],[-75.51055,10.35713],[-75.51052,10.35715],[-75.51049,10.35717],[-75.51047,10.3572],[-75.51046,10.35723],[-75.51045,10.35726],[-75.51041,10.35729],[-75.51037,10.3573],[-75.51033,10.35731],[-75.51029,10.35732],[-75.51025,10.35734],[-75.51022,10.35735],[-75.5102,10.35735],[-75.51016,10.35736],[-75.51013,10.35737],[-75.5101,10.35738],[-75.51008,10.35739],[-75.51002,10.35743],[-75.50999,10.35746],[-75.50996,10.35749],[-75.50994,10.35751],[-75.50991,10.35753],[-75.51034,10.35904],[-75.51032,10.35911],[-75.5103,10.35917],[-75.51025,10.35923],[-75.51001,10.35942],[-75.50964,10.35951],[-75.50888,10.35961],[-75.5087,10.3605],[-75.50922,10.3606],[-75.50925,10.36052],[-75.50932,10.36021],[-75.50941,10.36013],[-75.50948,10.36013],[-75.50946,10.36032],[-75.50951,10.36033],[-75.50955,10.36011],[-75.50982,10.36009],[-75.50975,10.36029],[-75.50975,10.36032],[-75.5098,10.36035],[-75.50983,10.36032],[-75.51,10.36048],[-75.51021,10.36024],[-75.51033,10.36034],[-75.51028,10.36041],[-75.51022,10.36038],[-75.51,10.36062],[-75.50996,10.36058],[-75.50987,10.36074],[-75.50991,10.36077],[-75.50993,10.36081],[-75.50996,10.36085],[-75.50998,10.36088],[-75.51,10.3609],[-75.51001,10.36094],[-75.51003,10.36097],[-75.51012,10.36109],[-75.51014,10.36111],[-75.51016,10.36114],[-75.51018,10.36116],[-75.5102,10.36119],[-75.51023,10.36123],[-75.51024,10.36127],[-75.51024,10.36131],[-75.51022,10.36135],[-75.51022,10.36138],[-75.51021,10.3614],[-75.51021,10.36143],[-75.51022,10.36148],[-75.51024,10.36151],[-75.51026,10.36154],[-75.51027,10.36157],[-75.51029,10.3616],[-75.51033,10.36168],[-75.51035,10.3617],[-75.51038,10.36173],[-75.5104,10.36176],[-75.51042,10.36178],[-75.51046,10.3618],[-75.5105,10.36182],[-75.51055,10.36183],[-75.5106,10.36184],[-75.51063,10.36185],[-75.51067,10.36187],[-75.51069,10.36191],[-75.5107,10.36194],[-75.51071,10.36198],[-75.51073,10.36201],[-75.51074,10.36205],[-75.51075,10.36208],[-75.51077,10.36211],[-75.5108,10.36215],[-75.5108,10.36219],[-75.5108,10.36222],[-75.51079,10.36226],[-75.51078,10.3623],[-75.51075,10.36234],[-75.51072,10.36237],[-75.51071,10.36238],[-75.51067,10.3624],[-75.51061,10.36243],[-75.51058,10.36243],[-75.51055,10.36243],[-75.51049,10.36244],[-75.51047,10.36245],[-75.51044,10.36245],[-75.5104,10.36246],[-75.51036,10.36246],[-75.51032,10.36246],[-75.51028,10.36247],[-75.51026,10.36247],[-75.51022,10.36248],[-75.51019,10.36248],[-75.51013,10.36249],[-75.51009,10.3625],[-75.51007,10.3625],[-75.51004,10.36251],[-75.51003,10.36255],[-75.51004,10.36259],[-75.51008,10.3626],[-75.51012,10.36261],[-75.51051,10.36258],[-75.51059,10.36291],[-75.5108,10.36289],[-75.51081,10.36293],[-75.5106,10.36296],[-75.51061,10.36307],[-75.51087,10.36305],[-75.51085,10.3631],[-75.51054,10.36312],[-75.51053,10.36325],[-75.51082,10.36323],[-75.51095,10.3637],[-75.51103,10.364],[-75.51102,10.36405],[-75.51101,10.3641],[-75.51101,10.36413],[-75.51101,10.36417],[-75.51099,10.36421],[-75.51097,10.36424],[-75.51094,10.36427],[-75.51091,10.36429],[-75.51088,10.36431],[-75.51086,10.36433],[-75.51082,10.36437],[-75.51079,10.3644],[-75.51077,10.36443],[-75.51076,10.36447],[-75.51074,10.3645],[-75.51072,10.36453],[-75.5107,10.36457],[-75.51068,10.3646],[-75.51066,10.36462],[-75.51064,10.36464],[-75.51061,10.36466],[-75.51059,10.36468],[-75.51056,10.36469],[-75.51054,10.36471],[-75.51051,10.36473],[-75.51048,10.36474],[-75.51046,10.36475],[-75.51043,10.36477],[-75.5104,10.36479],[-75.51036,10.3648],[-75.51033,10.36481],[-75.5103,10.36483],[-75.51026,10.36486],[-75.51024,10.36488],[-75.51022,10.36489],[-75.51019,10.36491],[-75.51017,10.36493],[-75.51014,10.36495],[-75.51012,10.36497],[-75.51009,10.36501],[-75.51007,10.36503],[-75.51005,10.36505],[-75.51003,10.36507],[-75.51001,10.36509],[-75.51,10.3651],[-75.50997,10.36513],[-75.50995,10.36516],[-75.50992,10.36518],[-75.50991,10.3652],[-75.50989,10.36523],[-75.50988,10.36527],[-75.50987,10.36531],[-75.50986,10.36535],[-75.50986,10.36539],[-75.50985,10.36543],[-75.50985,10.36548],[-75.50988,10.3655],[-75.50992,10.36551],[-75.50996,10.36551],[-75.50999,10.36551],[-75.50999,10.36555],[-75.50999,10.36558],[-75.50999,10.36561],[-75.50999,10.36565],[-75.50998,10.3657],[-75.50998,10.36573],[-75.50998,10.36576],[-75.50998,10.36578],[-75.50997,10.36582],[-75.50996,10.36586],[-75.50996,10.36589],[-75.50991,10.36589],[-75.50987,10.36589],[-75.50984,10.36589],[-75.50982,10.3659],[-75.50978,10.36592],[-75.50977,10.36596],[-75.50976,10.366],[-75.50976,10.36602],[-75.50975,10.36605],[-75.50975,10.36609],[-75.50974,10.36612],[-75.50974,10.36615],[-75.50973,10.36619],[-75.50973,10.36623],[-75.50972,10.36626],[-75.50972,10.3663],[-75.50972,10.36635],[-75.50972,10.36638],[-75.50972,10.36642],[-75.50972,10.36645],[-75.50972,10.36648],[-75.50972,10.3665],[-75.50974,10.36654],[-75.50975,10.36658],[-75.50976,10.36661],[-75.50977,10.36666],[-75.50977,10.36671],[-75.50977,10.36674],[-75.50978,10.36679],[-75.50981,10.36682],[-75.50981,10.36687],[-75.50981,10.36691],[-75.50981,10.36694],[-75.50982,10.36698],[-75.50982,10.36702],[-75.50983,10.36706],[-75.50982,10.3671],[-75.50981,10.36715],[-75.50981,10.36718],[-75.50981,10.36723],[-75.50981,10.36728],[-75.50981,10.3673],[-75.50981,10.36733],[-75.5098,10.36737],[-75.50979,10.3674],[-75.50975,10.36741],[-75.5097,10.36741],[-75.50966,10.36742],[-75.50964,10.36742],[-75.5096,10.36742],[-75.50956,10.36741],[-75.50952,10.3674],[-75.5095,10.36739],[-75.50947,10.36737],[-75.50942,10.36736],[-75.5094,10.36736],[-75.50936,10.36737],[-75.50934,10.36737],[-75.5093,10.36739],[-75.50927,10.36742],[-75.50924,10.36745],[-75.50923,10.36747],[-75.5092,10.36751],[-75.50918,10.36754],[-75.50914,10.36757],[-75.50911,10.3676],[-75.50906,10.36764],[-75.50904,10.36768],[-75.50904,10.3677],[-75.50903,10.36774],[-75.50902,10.36777],[-75.50898,10.36778],[-75.50895,10.36778],[-75.50892,10.36781],[-75.5089,10.36783],[-75.50886,10.36785],[-75.5088,10.36787],[-75.50879,10.3679],[-75.50868,10.36787],[-75.50826,10.36784],[-75.50791,10.36783],[-75.50769,10.3678],[-75.50766,10.36791],[-75.50744,10.36826],[-75.50721,10.36852],[-75.50697,10.36879],[-75.50696,10.36884],[-75.50674,10.36908],[-75.50653,10.3694],[-75.5065,10.36949],[-75.50524,10.3694],[-75.50528,10.36896],[-75.5047,10.36894],[-75.50437,10.36891]]],[[[-75.50474,10.35747],[-75.50351,10.35567],[-75.50314,10.35528],[-75.50249,10.35483],[-75.50172,10.35463],[-75.50134,10.3546],[-75.50073,10.35464],[-75.49834,10.35496],[-75.49787,10.355],[-75.4976,10.3561],[-75.49929,10.35647],[-75.50037,10.35663],[-75.50189,10.35696],[-75.50189,10.35704],[-75.50177,10.35796],[-75.50235,10.35803],[-75.50265,10.35798],[-75.50306,10.35846],[-75.50502,10.35794],[-75.50474,10.35747]]]]}},{"type":"Feature","properties":{"FID":186,"CODIGO":"8557","NOMBRE":"MEMBRILLAL","UCG":20,"LOC":"LI","ZONA":"Pasacaballos\n","Shape__Area":858771.7763671875,"Shape__Length":4828.919525740164},"geometry":{"type":"Polygon","coordinates":[[[-75.48019,10.33843],[-75.47837,10.33836],[-75.4772,10.33841],[-75.47622,10.33815],[-75.47513,10.33796],[-75.47505,10.33814],[-75.47474,10.33809],[-75.47445,10.33806],[-75.475,10.33564],[-75.47468,10.33555],[-75.47425,10.33545],[-75.47426,10.33475],[-75.47163,10.33469],[-75.47169,10.33418],[-75.47192,10.33386],[-75.4715,10.33272],[-75.47155,10.33225],[-75.47176,10.332],[-75.47226,10.33183],[-75.47253,10.33211],[-75.47417,10.33265],[-75.47452,10.33156],[-75.47446,10.33008],[-75.47696,10.32979],[-75.47703,10.33062],[-75.47762,10.33076],[-75.48096,10.33143],[-75.48144,10.33164],[-75.48194,10.33151],[-75.48197,10.32914],[-75.48257,10.32916],[-75.48258,10.3349],[-75.48252,10.33747],[-75.48202,10.33809],[-75.48019,10.33843]]]}},{"type":"Feature","properties":{"FID":187,"CODIGO":"8550","NOMBRE":"PASACABALLOS","UCG":20,"LOC":"LI","ZONA":"Pasacaballos\n","Shape__Area":1190592.921875,"Shape__Length":7066.364473651624},"geometry":{"type":"Polygon","coordinates":[[[-75.51747,10.29092],[-75.51722,10.2909],[-75.51671,10.29125],[-75.51365,10.28906],[-75.51366,10.28865],[-75.5133,10.28712],[-75.51481,10.28615],[-75.51497,10.28397],[-75.51517,10.28377],[-75.51518,10.28377],[-75.514,10.2833],[-75.51349,10.28314],[-75.51334,10.28381],[-75.51361,10.28447],[-75.51313,10.28494],[-75.51048,10.28429],[-75.51048,10.28312],[-75.51125,10.28294],[-75.51173,10.28081],[-75.51131,10.28067],[-75.51116,10.27993],[-75.51127,10.27895],[-75.5121,10.27802],[-75.5119,10.27779],[-75.51154,10.27723],[-75.51062,10.27748],[-75.51042,10.27641],[-75.50963,10.27631],[-75.50969,10.27477],[-75.51146,10.2748],[-75.51166,10.27615],[-75.51221,10.27599],[-75.51231,10.27662],[-75.51173,10.27684],[-75.51234,10.27777],[-75.51261,10.27743],[-75.51288,10.27698],[-75.5145,10.27838],[-75.51501,10.27862],[-75.51548,10.27862],[-75.51585,10.27879],[-75.51661,10.27901],[-75.51816,10.2798],[-75.51818,10.28027],[-75.51974,10.28144],[-75.52044,10.28206],[-75.52044,10.28206],[-75.52037,10.28211],[-75.5204,10.28214],[-75.52041,10.28215],[-75.52047,10.28223],[-75.52055,10.28228],[-75.52057,10.28237],[-75.5206,10.28242],[-75.52063,10.2825],[-75.52063,10.28261],[-75.5207,10.2827],[-75.52072,10.28276],[-75.52072,10.28286],[-75.52073,10.28294],[-75.52072,10.28305],[-75.52072,10.28312],[-75.52074,10.28321],[-75.52079,10.28326],[-75.52079,10.28335],[-75.52076,10.28346],[-75.52078,10.28354],[-75.52084,10.28358],[-75.52091,10.28361],[-75.52098,10.28359],[-75.52105,10.28355],[-75.52111,10.28358],[-75.52114,10.28365],[-75.52114,10.28374],[-75.52121,10.28381],[-75.52123,10.28388],[-75.52125,10.28396],[-75.52127,10.28403],[-75.52128,10.28411],[-75.5213,10.28418],[-75.52132,10.28425],[-75.52134,10.28433],[-75.52135,10.28434],[-75.5214,10.28437],[-75.52142,10.28444],[-75.52143,10.28454],[-75.52147,10.28461],[-75.52149,10.28468],[-75.52151,10.28472],[-75.52154,10.28479],[-75.52159,10.28483],[-75.52165,10.28489],[-75.52169,10.285],[-75.52171,10.28508],[-75.5217,10.28513],[-75.52172,10.28519],[-75.52171,10.28525],[-75.52174,10.28533],[-75.52177,10.28542],[-75.52186,10.28545],[-75.52192,10.2855],[-75.52189,10.2856],[-75.52191,10.28567],[-75.52192,10.28576],[-75.52192,10.28576],[-75.5219,10.28594],[-75.52185,10.28647],[-75.5207,10.28631],[-75.52069,10.28635],[-75.52035,10.28736],[-75.51974,10.28869],[-75.51937,10.28923],[-75.51942,10.2897],[-75.51858,10.2908],[-75.51967,10.29202],[-75.51924,10.29243],[-75.51747,10.29092]]]}},{"type":"Feature","properties":{"FID":188,"CODIGO":"8500","NOMBRE":"SANTA ANA","UCG":20,"LOC":"LH","ZONA":"Santa Ana\n","Shape__Area":376145.533203125,"Shape__Length":3947.9810746099233},"geometry":{"type":"Polygon","coordinates":[[[-75.55931,10.2386],[-75.56009,10.23812],[-75.56071,10.23827],[-75.56089,10.23854],[-75.56127,10.23864],[-75.56213,10.23846],[-75.56193,10.23953],[-75.56114,10.23957],[-75.56081,10.23953],[-75.56011,10.23983],[-75.55981,10.23984],[-75.55968,10.23997],[-75.55943,10.23986],[-75.55907,10.23958],[-75.55895,10.23937],[-75.5572,10.24063],[-75.55453,10.24278],[-75.55432,10.24256],[-75.55424,10.24247],[-75.55412,10.24225],[-75.55393,10.24188],[-75.55388,10.24154],[-75.55391,10.24121],[-75.55407,10.2409],[-75.55407,10.24072],[-75.55419,10.2405],[-75.55404,10.24035],[-75.55383,10.24014],[-75.55368,10.24002],[-75.55342,10.23996],[-75.55271,10.23981],[-75.55265,10.24014],[-75.55222,10.24049],[-75.55185,10.24035],[-75.55217,10.23861],[-75.55245,10.23759],[-75.55293,10.23758],[-75.55316,10.23673],[-75.55338,10.2361],[-75.55356,10.23552],[-75.55391,10.2347],[-75.55442,10.23417],[-75.55463,10.23402],[-75.55491,10.23407],[-75.55503,10.23403],[-75.55524,10.23408],[-75.55504,10.23522],[-75.55462,10.23604],[-75.55453,10.23648],[-75.55488,10.23661],[-75.55483,10.23727],[-75.55514,10.23735],[-75.55516,10.23749],[-75.55564,10.23752],[-75.55639,10.23802],[-75.55765,10.23817],[-75.55803,10.23797],[-75.55902,10.23832],[-75.55931,10.2386]]]}},{"type":"Feature","properties":{"FID":189,"CODIGO":"8600","NOMBRE":"BARU","UCG":20,"LOC":"LH","ZONA":"Barú","Shape__Area":485524.4326171875,"Shape__Length":3416.2124838602003},"geometry":{"type":"Polygon","coordinates":[[[-75.68055,10.14576],[-75.67966,10.14497],[-75.67936,10.14452],[-75.6793,10.14411],[-75.68151,10.14339],[-75.68143,10.14292],[-75.68128,10.14156],[-75.68195,10.14165],[-75.68225,10.14126],[-75.68211,10.14116],[-75.6824,10.14067],[-75.68282,10.14041],[-75.68354,10.13994],[-75.68406,10.13977],[-75.6846,10.13973],[-75.68497,10.13969],[-75.68536,10.13964],[-75.68582,10.13955],[-75.68658,10.13947],[-75.68658,10.13947],[-75.68734,10.13957],[-75.68794,10.13998],[-75.68851,10.1403],[-75.68888,10.14052],[-75.68952,10.14086],[-75.6896,10.14096],[-75.68947,10.14144],[-75.68946,10.14269],[-75.6892,10.14276],[-75.68899,10.14252],[-75.68866,10.14257],[-75.68797,10.14268],[-75.68797,10.14268],[-75.68792,10.14319],[-75.68784,10.14378],[-75.68727,10.14373],[-75.68723,10.14393],[-75.68697,10.14394],[-75.68694,10.1441],[-75.68662,10.14414],[-75.68659,10.14429],[-75.68434,10.14429],[-75.68426,10.14486],[-75.68417,10.14552],[-75.68375,10.14549],[-75.68299,10.14618],[-75.68211,10.1463],[-75.68218,10.14597],[-75.68179,10.14591],[-75.68183,10.14552],[-75.68055,10.14576]]]}},{"type":"Feature","properties":{"FID":190,"CODIGO":"8501","NOMBRE":"ARARCA","UCG":20,"LOC":"LH","ZONA":"Ararca","Shape__Area":154305.6904296875,"Shape__Length":2047.740917027092},"geometry":{"type":"Polygon","coordinates":[[[-75.55473,10.25899],[-75.55468,10.25862],[-75.55505,10.2586],[-75.55485,10.25777],[-75.55471,10.25743],[-75.55543,10.25765],[-75.55572,10.25863],[-75.55622,10.25859],[-75.5565,10.25934],[-75.55643,10.25941],[-75.5568,10.26058],[-75.55691,10.26093],[-75.5569,10.26101],[-75.55689,10.26108],[-75.55706,10.26226],[-75.55695,10.26234],[-75.55706,10.26284],[-75.55671,10.26294],[-75.55667,10.26315],[-75.55628,10.26331],[-75.5562,10.26381],[-75.55524,10.26392],[-75.55527,10.26414],[-75.55469,10.26423],[-75.55426,10.26429],[-75.5541,10.26372],[-75.55454,10.26268],[-75.55454,10.26127],[-75.55454,10.26113],[-75.5545,10.26081],[-75.55454,10.26064],[-75.55498,10.25932],[-75.55468,10.25927],[-75.55466,10.25919],[-75.55473,10.25899]]]}},{"type":"Feature","properties":{"FID":191,"CODIGO":"8551","NOMBRE":"LETICIA","UCG":20,"LOC":"LI","ZONA":"Pasacaballos\n","Shape__Area":126881.6181640625,"Shape__Length":1504.6114364681362},"geometry":{"type":"Polygon","coordinates":[[[-75.51087,10.18176],[-75.51166,10.18138],[-75.51185,10.18132],[-75.51199,10.18131],[-75.51218,10.18125],[-75.51237,10.18112],[-75.51265,10.18089],[-75.51299,10.18082],[-75.51331,10.18082],[-75.51348,10.18084],[-75.51352,10.18152],[-75.51352,10.18264],[-75.51348,10.18304],[-75.51341,10.18333],[-75.51346,10.18372],[-75.5131,10.18389],[-75.51271,10.1842],[-75.51223,10.1842],[-75.5121,10.18393],[-75.51143,10.18394],[-75.51109,10.18398],[-75.51072,10.18399],[-75.51,10.1841],[-75.50967,10.18254],[-75.50968,10.18216],[-75.50961,10.18183],[-75.51013,10.18157],[-75.51057,10.18137],[-75.51087,10.18176]]]}},{"type":"Feature","properties":{"FID":192,"CODIGO":"8552","NOMBRE":"RECREO","UCG":20,"LOC":"LI","ZONA":"Pasacaballos\n","Shape__Area":100363.6826171875,"Shape__Length":1511.6668799477911},"geometry":{"type":"Polygon","coordinates":[[[-75.51638,10.20067],[-75.51513,10.20076],[-75.51484,10.1996],[-75.51446,10.19846],[-75.51411,10.19716],[-75.51377,10.19603],[-75.51394,10.19596],[-75.51501,10.19584],[-75.51577,10.19574],[-75.51594,10.19679],[-75.5157,10.19686],[-75.51566,10.19711],[-75.51601,10.19792],[-75.51629,10.19901],[-75.51638,10.20067]]]}},{"type":"Feature","properties":{"FID":193,"CODIGO":"8400","NOMBRE":"BOCACHICA","UCG":20,"LOC":"LH","ZONA":"Bocachica\n","Shape__Area":806175.8330078125,"Shape__Length":6074.511947927125},"geometry":{"type":"Polygon","coordinates":[[[-75.57717,10.33032],[-75.5773,10.33016],[-75.57745,10.33005],[-75.57754,10.32988],[-75.57763,10.32982],[-75.57766,10.32976],[-75.5777,10.32964],[-75.5777,10.32952],[-75.57768,10.3294],[-75.57768,10.3293],[-75.57764,10.32916],[-75.5776,10.32903],[-75.57756,10.32895],[-75.57751,10.32891],[-75.57744,10.32887],[-75.57741,10.32881],[-75.57733,10.32878],[-75.57729,10.32873],[-75.57726,10.32868],[-75.57724,10.32866],[-75.57718,10.32865],[-75.57711,10.32861],[-75.57711,10.32856],[-75.57707,10.32854],[-75.57696,10.32848],[-75.57689,10.32844],[-75.57679,10.32838],[-75.57675,10.32839],[-75.57665,10.32839],[-75.57651,10.32839],[-75.57649,10.32842],[-75.57644,10.32844],[-75.57639,10.32844],[-75.57635,10.3284],[-75.5763,10.32836],[-75.57628,10.3283],[-75.57625,10.32825],[-75.57621,10.32823],[-75.57613,10.32817],[-75.57608,10.32817],[-75.57595,10.32813],[-75.57589,10.32808],[-75.57589,10.32814],[-75.57587,10.32822],[-75.57581,10.32829],[-75.57575,10.32827],[-75.57573,10.32818],[-75.57574,10.3281],[-75.57573,10.32803],[-75.57568,10.32798],[-75.57557,10.32798],[-75.57544,10.32803],[-75.57534,10.32813],[-75.57525,10.32816],[-75.5751,10.32817],[-75.57506,10.32822],[-75.57506,10.32829],[-75.57499,10.32831],[-75.57493,10.32836],[-75.57487,10.32843],[-75.5748,10.32848],[-75.57472,10.32848],[-75.57465,10.32854],[-75.57454,10.3285],[-75.57443,10.3285],[-75.57441,10.32843],[-75.57438,10.32833],[-75.57437,10.32826],[-75.57444,10.32818],[-75.57452,10.32816],[-75.5746,10.32808],[-75.57466,10.32807],[-75.57473,10.32807],[-75.57479,10.32803],[-75.57482,10.32798],[-75.57483,10.32789],[-75.57491,10.32777],[-75.57505,10.32763],[-75.57514,10.3275],[-75.57517,10.32733],[-75.57531,10.32718],[-75.57538,10.32706],[-75.57545,10.32695],[-75.5754,10.32685],[-75.57554,10.32672],[-75.57571,10.32664],[-75.57592,10.3265],[-75.57612,10.32633],[-75.5762,10.3262],[-75.5762,10.3261],[-75.57626,10.32604],[-75.57634,10.32585],[-75.57642,10.32556],[-75.57647,10.32546],[-75.57655,10.32534],[-75.57665,10.32522],[-75.57666,10.32509],[-75.57688,10.32503],[-75.57689,10.32494],[-75.57685,10.32483],[-75.57688,10.3248],[-75.57697,10.32465],[-75.57684,10.32454],[-75.57667,10.32443],[-75.57646,10.32433],[-75.57645,10.32437],[-75.57637,10.32443],[-75.57633,10.32441],[-75.57627,10.32437],[-75.5764,10.32414],[-75.57647,10.32412],[-75.57667,10.32425],[-75.57684,10.32436],[-75.57699,10.32444],[-75.57709,10.3245],[-75.57712,10.32459],[-75.5772,10.32476],[-75.57725,10.32483],[-75.57744,10.32473],[-75.57761,10.32464],[-75.57777,10.32456],[-75.57788,10.32448],[-75.57791,10.32443],[-75.57805,10.32426],[-75.57817,10.3242],[-75.57829,10.32412],[-75.57831,10.32402],[-75.57844,10.32385],[-75.57857,10.32385],[-75.57865,10.32364],[-75.57888,10.32334],[-75.57899,10.32313],[-75.57911,10.32314],[-75.57917,10.32315],[-75.57919,10.32307],[-75.57926,10.32296],[-75.57941,10.32284],[-75.57945,10.32281],[-75.57948,10.32276],[-75.57953,10.32269],[-75.57965,10.32256],[-75.57977,10.32246],[-75.57985,10.32243],[-75.57992,10.32239],[-75.58002,10.3223],[-75.58011,10.32224],[-75.58018,10.3223],[-75.58023,10.32233],[-75.58026,10.32238],[-75.58025,10.32243],[-75.58025,10.32248],[-75.58028,10.32249],[-75.58041,10.32247],[-75.58044,10.32251],[-75.58052,10.32258],[-75.58055,10.32266],[-75.5806,10.32274],[-75.58067,10.32274],[-75.5808,10.32273],[-75.5809,10.32272],[-75.58095,10.32271],[-75.58093,10.32267],[-75.58097,10.32255],[-75.58082,10.32258],[-75.58057,10.32251],[-75.5804,10.32237],[-75.58039,10.3223],[-75.58045,10.32216],[-75.58053,10.32205],[-75.58062,10.32191],[-75.58068,10.32166],[-75.58066,10.32147],[-75.58056,10.32147],[-75.58056,10.32142],[-75.58062,10.3213],[-75.58068,10.32117],[-75.58068,10.32093],[-75.58037,10.32103],[-75.58045,10.32071],[-75.58058,10.32045],[-75.58048,10.32046],[-75.58036,10.32049],[-75.5804,10.32033],[-75.58054,10.32023],[-75.58058,10.32012],[-75.58036,10.32024],[-75.58048,10.31986],[-75.58053,10.31973],[-75.58057,10.31945],[-75.58053,10.31924],[-75.58056,10.31901],[-75.58072,10.31889],[-75.581,10.31882],[-75.58107,10.31872],[-75.58117,10.31852],[-75.58119,10.31841],[-75.58137,10.31826],[-75.58147,10.31815],[-75.58164,10.31814],[-75.58171,10.31819],[-75.58171,10.31824],[-75.58174,10.31832],[-75.58179,10.31839],[-75.58182,10.31851],[-75.58187,10.31865],[-75.58188,10.31873],[-75.58212,10.31889],[-75.58224,10.31891],[-75.58231,10.31886],[-75.58235,10.31878],[-75.58247,10.31878],[-75.58256,10.31891],[-75.58265,10.31899],[-75.58252,10.31903],[-75.5824,10.31899],[-75.58232,10.319],[-75.58235,10.31911],[-75.58239,10.31927],[-75.58249,10.31941],[-75.58267,10.31956],[-75.58288,10.3197],[-75.58297,10.31957],[-75.58312,10.31957],[-75.58302,10.31971],[-75.58309,10.31977],[-75.58325,10.31977],[-75.58326,10.31988],[-75.58334,10.31981],[-75.58334,10.31992],[-75.58338,10.31987],[-75.5835,10.31995],[-75.5835,10.32002],[-75.58374,10.32011],[-75.58395,10.32009],[-75.58414,10.32008],[-75.58435,10.32019],[-75.58446,10.32032],[-75.58467,10.32046],[-75.58481,10.32045],[-75.58481,10.32053],[-75.58481,10.32055],[-75.58493,10.32055],[-75.58504,10.32055],[-75.58516,10.32045],[-75.58518,10.3205],[-75.58525,10.32055],[-75.58532,10.32053],[-75.58548,10.32059],[-75.5856,10.32067],[-75.58569,10.32083],[-75.58577,10.32097],[-75.58593,10.32101],[-75.58609,10.321],[-75.5862,10.32088],[-75.58636,10.32078],[-75.58651,10.32068],[-75.58668,10.32061],[-75.58692,10.32062],[-75.58727,10.32063],[-75.58746,10.32068],[-75.58612,10.32255],[-75.58591,10.32322],[-75.58562,10.32342],[-75.58586,10.32428],[-75.5855,10.32449],[-75.58489,10.32392],[-75.58453,10.32429],[-75.5839,10.32473],[-75.58368,10.32512],[-75.58259,10.32569],[-75.58225,10.32584],[-75.58218,10.32623],[-75.58242,10.32697],[-75.58192,10.32721],[-75.58131,10.32762],[-75.58071,10.32769],[-75.58081,10.32802],[-75.58134,10.32861],[-75.58158,10.32924],[-75.58151,10.32972],[-75.58084,10.3299],[-75.5806,10.33016],[-75.58051,10.33037],[-75.5801,10.33058],[-75.57962,10.33083],[-75.5789,10.3303],[-75.57825,10.33066],[-75.57716,10.33071],[-75.57707,10.33068],[-75.57707,10.33056],[-75.57713,10.33045],[-75.57717,10.33032]]]}},{"type":"Feature","properties":{"FID":194,"CODIGO":"8450","NOMBRE":"CAÑO DEL ORO","UCG":20,"LOC":"LH","ZONA":"Caño del Oro\n","Shape__Area":313547.4599609375,"Shape__Length":5280.194147359853},"geometry":{"type":"Polygon","coordinates":[[[-75.54151,10.34629],[-75.54089,10.34597],[-75.54097,10.34593],[-75.5411,10.34592],[-75.54112,10.34589],[-75.5412,10.34592],[-75.54128,10.34592],[-75.54136,10.34588],[-75.54141,10.34582],[-75.54148,10.34574],[-75.5415,10.34576],[-75.54152,10.34578],[-75.54162,10.34578],[-75.54163,10.34576],[-75.54165,10.3457],[-75.54169,10.34572],[-75.54171,10.34572],[-75.54175,10.34573],[-75.54178,10.34573],[-75.54184,10.34572],[-75.54186,10.3456],[-75.54192,10.34557],[-75.54202,10.34557],[-75.54206,10.34558],[-75.54212,10.3455],[-75.54226,10.34539],[-75.5423,10.34532],[-75.54243,10.34518],[-75.54256,10.34509],[-75.54265,10.34505],[-75.54265,10.34501],[-75.54276,10.34492],[-75.54288,10.34491],[-75.54297,10.34485],[-75.54295,10.34481],[-75.54302,10.3447],[-75.54313,10.34452],[-75.54326,10.34436],[-75.54347,10.34426],[-75.54362,10.34417],[-75.54368,10.34408],[-75.54372,10.344],[-75.54372,10.34396],[-75.54369,10.34395],[-75.54367,10.34384],[-75.54374,10.34378],[-75.54373,10.34375],[-75.54365,10.34376],[-75.54361,10.34368],[-75.54356,10.34368],[-75.54356,10.34363],[-75.54344,10.34358],[-75.54341,10.34358],[-75.54334,10.34362],[-75.54329,10.3436],[-75.5433,10.34353],[-75.54318,10.34355],[-75.54307,10.34355],[-75.54299,10.34353],[-75.5429,10.34359],[-75.54281,10.34355],[-75.54266,10.34354],[-75.5426,10.3433],[-75.54233,10.34331],[-75.54241,10.34311],[-75.54245,10.34305],[-75.5425,10.34298],[-75.54262,10.34272],[-75.54266,10.3426],[-75.54282,10.3424],[-75.54284,10.34223],[-75.5429,10.34212],[-75.54298,10.342],[-75.54313,10.34196],[-75.54331,10.34196],[-75.54342,10.342],[-75.54349,10.34203],[-75.54369,10.34204],[-75.54387,10.34205],[-75.54399,10.34204],[-75.54409,10.34204],[-75.54423,10.34204],[-75.54429,10.34204],[-75.5444,10.34202],[-75.54449,10.34199],[-75.5446,10.34193],[-75.54472,10.34184],[-75.5448,10.34181],[-75.54486,10.34188],[-75.5449,10.34184],[-75.54502,10.34184],[-75.54514,10.34184],[-75.54525,10.34184],[-75.54538,10.34181],[-75.5454,10.34177],[-75.54543,10.3418],[-75.5454,10.34185],[-75.54556,10.34187],[-75.54575,10.34191],[-75.54594,10.34191],[-75.54611,10.34192],[-75.54629,10.34192],[-75.54642,10.34189],[-75.54649,10.34186],[-75.54658,10.3418],[-75.5467,10.34173],[-75.54677,10.34158],[-75.54685,10.3414],[-75.54693,10.34125],[-75.54699,10.34112],[-75.54699,10.34105],[-75.54689,10.34103],[-75.54686,10.34091],[-75.54701,10.3409],[-75.5471,10.34086],[-75.54715,10.34074],[-75.54714,10.34066],[-75.54715,10.34048],[-75.54706,10.34037],[-75.54702,10.34018],[-75.54702,10.34003],[-75.54703,10.33995],[-75.5471,10.33994],[-75.54713,10.33972],[-75.54721,10.33969],[-75.54723,10.33955],[-75.5473,10.33942],[-75.54733,10.33923],[-75.54739,10.3391],[-75.54744,10.33893],[-75.54751,10.33875],[-75.54754,10.33862],[-75.5476,10.33837],[-75.54765,10.33825],[-75.54768,10.33816],[-75.54772,10.33813],[-75.54781,10.33808],[-75.54784,10.33795],[-75.54779,10.33791],[-75.5478,10.33782],[-75.54795,10.33771],[-75.54804,10.33754],[-75.5482,10.33731],[-75.5483,10.33705],[-75.54834,10.33698],[-75.54843,10.33689],[-75.54846,10.33676],[-75.54855,10.33663],[-75.54864,10.33655],[-75.54872,10.33641],[-75.54883,10.33634],[-75.54891,10.33624],[-75.54905,10.33622],[-75.54923,10.33616],[-75.54933,10.33603],[-75.54944,10.33595],[-75.54966,10.33597],[-75.54979,10.33599],[-75.54992,10.33612],[-75.54994,10.33624],[-75.55002,10.33626],[-75.5501,10.33634],[-75.5502,10.33638],[-75.55022,10.33649],[-75.55027,10.33657],[-75.55034,10.33675],[-75.55041,10.33666],[-75.55051,10.33676],[-75.5505,10.3366],[-75.55051,10.33648],[-75.5507,10.3364],[-75.5507,10.33636],[-75.55076,10.33637],[-75.55086,10.33642],[-75.551,10.33642],[-75.55122,10.33648],[-75.55137,10.33663],[-75.55138,10.33675],[-75.55137,10.33692],[-75.5513,10.33706],[-75.55126,10.33712],[-75.55128,10.33727],[-75.55133,10.3374],[-75.5513,10.33742],[-75.55131,10.33747],[-75.55139,10.33764],[-75.5514,10.33781],[-75.55152,10.33784],[-75.55151,10.33797],[-75.55157,10.33801],[-75.55172,10.33813],[-75.55181,10.33823],[-75.55197,10.33824],[-75.5522,10.33843],[-75.5523,10.33854],[-75.55242,10.3386],[-75.55244,10.33889],[-75.55262,10.33893],[-75.55282,10.3389],[-75.55295,10.3389],[-75.55319,10.3385],[-75.55333,10.33872],[-75.55357,10.33885],[-75.55388,10.33915],[-75.55366,10.33944],[-75.5536,10.33988],[-75.55298,10.33947],[-75.55254,10.33949],[-75.55201,10.33959],[-75.5517,10.33957],[-75.55162,10.33948],[-75.5515,10.3394],[-75.55143,10.33932],[-75.55136,10.33921],[-75.55109,10.33907],[-75.55088,10.339],[-75.55066,10.33913],[-75.55046,10.33909],[-75.55029,10.33909],[-75.55022,10.33892],[-75.55014,10.33886],[-75.55012,10.33893],[-75.55001,10.33908],[-75.54984,10.3389],[-75.54956,10.33877],[-75.54942,10.33879],[-75.54926,10.3388],[-75.54927,10.33867],[-75.54914,10.33863],[-75.54906,10.33867],[-75.54876,10.33895],[-75.54848,10.33915],[-75.54827,10.3394],[-75.54804,10.3399],[-75.54802,10.34006],[-75.54804,10.34016],[-75.54799,10.34065],[-75.548,10.34084],[-75.54798,10.34096],[-75.54798,10.34109],[-75.54772,10.3412],[-75.54775,10.34131],[-75.54773,10.34149],[-75.54759,10.3415],[-75.54752,10.34163],[-75.54757,10.34179],[-75.54753,10.34192],[-75.54746,10.34201],[-75.54723,10.34223],[-75.54722,10.34232],[-75.54701,10.34253],[-75.54703,10.34266],[-75.54708,10.34286],[-75.54701,10.34291],[-75.54684,10.34275],[-75.54664,10.3428],[-75.54649,10.34298],[-75.54644,10.34313],[-75.5464,10.34343],[-75.54628,10.34381],[-75.54605,10.34367],[-75.54603,10.34377],[-75.54588,10.34375],[-75.54552,10.34391],[-75.5454,10.34405],[-75.54519,10.34391],[-75.54519,10.34406],[-75.54505,10.34406],[-75.54484,10.34418],[-75.54476,10.34431],[-75.54453,10.34442],[-75.54404,10.34486],[-75.54392,10.34486],[-75.54374,10.3449],[-75.54357,10.34502],[-75.5436,10.34508],[-75.5434,10.34545],[-75.54352,10.34587],[-75.54337,10.34586],[-75.5432,10.34583],[-75.54305,10.34576],[-75.54294,10.34575],[-75.54281,10.3459],[-75.54255,10.34609],[-75.54241,10.34626],[-75.54229,10.34619],[-75.54199,10.34651],[-75.54151,10.34629]]]}},{"type":"Feature","properties":{"FID":195,"CODIGO":"8350","NOMBRE":"TIERRA BOMBA","UCG":20,"LOC":"LH","ZONA":"Tierra bomba\n","Shape__Area":421340.7421875,"Shape__Length":4273.306247262003},"geometry":{"type":"Polygon","coordinates":[[[-75.5747,10.38083],[-75.5746,10.38079],[-75.5745,10.38079],[-75.5745,10.38075],[-75.5745,10.38065],[-75.57433,10.38057],[-75.57424,10.38049],[-75.57414,10.38043],[-75.57414,10.38032],[-75.5741,10.38028],[-75.57415,10.38025],[-75.57425,10.38028],[-75.57427,10.38024],[-75.57427,10.38019],[-75.57427,10.38012],[-75.57431,10.38009],[-75.57433,10.38006],[-75.57434,10.38],[-75.57439,10.38],[-75.57441,10.37998],[-75.57433,10.37989],[-75.5743,10.37977],[-75.57431,10.3797],[-75.57431,10.37964],[-75.57436,10.37965],[-75.57435,10.37962],[-75.57434,10.37958],[-75.57432,10.37952],[-75.57432,10.3795],[-75.5743,10.37944],[-75.57428,10.37938],[-75.57435,10.37936],[-75.57434,10.37934],[-75.57432,10.37928],[-75.57425,10.37924],[-75.57431,10.37923],[-75.57432,10.37921],[-75.57432,10.37915],[-75.57434,10.37908],[-75.57439,10.37898],[-75.57445,10.37888],[-75.57447,10.37879],[-75.57444,10.37871],[-75.57436,10.37862],[-75.57435,10.37854],[-75.57432,10.37845],[-75.57425,10.37834],[-75.57425,10.37834],[-75.5742,10.37826],[-75.57417,10.37821],[-75.57415,10.37814],[-75.57407,10.37805],[-75.57402,10.37799],[-75.57396,10.37793],[-75.57388,10.37789],[-75.57388,10.3778],[-75.57377,10.37771],[-75.57372,10.37761],[-75.5736,10.3775],[-75.57346,10.3774],[-75.57329,10.3773],[-75.57323,10.37721],[-75.57329,10.37717],[-75.57331,10.37714],[-75.57329,10.37707],[-75.57323,10.37697],[-75.5731,10.37681],[-75.57285,10.37657],[-75.57272,10.3765],[-75.57268,10.37641],[-75.57253,10.37634],[-75.57241,10.37621],[-75.57237,10.37611],[-75.57244,10.37608],[-75.57239,10.37601],[-75.57225,10.37589],[-75.57209,10.37578],[-75.5719,10.37572],[-75.5717,10.3757],[-75.57171,10.37564],[-75.57176,10.37559],[-75.57173,10.37545],[-75.57153,10.37522],[-75.57059,10.37441],[-75.57049,10.37421],[-75.57059,10.37406],[-75.57059,10.37395],[-75.57053,10.3737],[-75.5704,10.37352],[-75.56985,10.3732],[-75.56944,10.37311],[-75.56898,10.37311],[-75.56817,10.3718],[-75.56866,10.37078],[-75.57149,10.37309],[-75.57189,10.37339],[-75.57219,10.37336],[-75.57347,10.37317],[-75.57404,10.37314],[-75.57434,10.37321],[-75.57434,10.37344],[-75.57434,10.37364],[-75.57434,10.37378],[-75.57421,10.37395],[-75.57468,10.37432],[-75.57499,10.37434],[-75.57514,10.37436],[-75.57522,10.37462],[-75.57578,10.37447],[-75.57607,10.37446],[-75.57663,10.37473],[-75.5761,10.37534],[-75.57647,10.37609],[-75.57675,10.37646],[-75.57644,10.37699],[-75.57661,10.37722],[-75.57646,10.37762],[-75.57643,10.37809],[-75.57708,10.37873],[-75.57737,10.37833],[-75.57783,10.37826],[-75.57811,10.37802],[-75.57831,10.37788],[-75.57855,10.378],[-75.57847,10.3781],[-75.57832,10.37819],[-75.57823,10.37845],[-75.57817,10.37854],[-75.57806,10.3787],[-75.57805,10.37892],[-75.57808,10.37905],[-75.57816,10.37907],[-75.57821,10.37926],[-75.57821,10.37943],[-75.57815,10.3795],[-75.57802,10.37958],[-75.57802,10.37969],[-75.57802,10.37987],[-75.57789,10.38004],[-75.57758,10.38023],[-75.57738,10.38056],[-75.57727,10.38066],[-75.57709,10.38077],[-75.57687,10.38082],[-75.57675,10.38089],[-75.57655,10.381],[-75.57634,10.38111],[-75.57631,10.38119],[-75.57606,10.38139],[-75.5758,10.38154],[-75.57564,10.38162],[-75.57552,10.38162],[-75.57542,10.38157],[-75.57532,10.38142],[-75.5753,10.38126],[-75.57519,10.38103],[-75.57505,10.38095],[-75.57487,10.38086],[-75.5747,10.38083]]]}},{"type":"Feature","properties":{"FID":196,"CODIGO":"8352","NOMBRE":"PUNTA ARENAS","UCG":20,"LOC":"LH","ZONA":"Punta Arenas","Shape__Area":438927.41015625,"Shape__Length":4225.170940301148},"geometry":{"type":"Polygon","coordinates":[[[-75.55723,10.36478],[-75.55699,10.36587],[-75.55694,10.36582],[-75.55687,10.3658],[-75.55681,10.36578],[-75.55671,10.36574],[-75.55665,10.36573],[-75.55658,10.36571],[-75.55652,10.3657],[-75.55642,10.3657],[-75.55635,10.3657],[-75.55629,10.3657],[-75.55622,10.36571],[-75.55615,10.36571],[-75.55605,10.36573],[-75.55599,10.36576],[-75.55592,10.36578],[-75.55586,10.3658],[-75.55579,10.36583],[-75.55573,10.36584],[-75.55566,10.36585],[-75.55559,10.36584],[-75.55552,10.36583],[-75.55546,10.36583],[-75.55539,10.36583],[-75.55529,10.36585],[-75.55523,10.36586],[-75.55516,10.36589],[-75.5551,10.36591],[-75.55503,10.36593],[-75.55497,10.36595],[-75.5549,10.36597],[-75.55483,10.36598],[-75.55477,10.36599],[-75.5547,10.36601],[-75.55461,10.36604],[-75.55454,10.36606],[-75.55448,10.36608],[-75.55441,10.3661],[-75.55435,10.36612],[-75.55428,10.36614],[-75.55422,10.36616],[-75.55415,10.36618],[-75.55409,10.3662],[-75.55403,10.36624],[-75.55397,10.36626],[-75.5539,10.36627],[-75.55392,10.36614],[-75.55391,10.36607],[-75.55389,10.36601],[-75.55369,10.36609],[-75.5537,10.36592],[-75.55376,10.36586],[-75.55369,10.36579],[-75.55362,10.36574],[-75.55353,10.36569],[-75.55333,10.36565],[-75.55323,10.36565],[-75.55312,10.36566],[-75.55305,10.36566],[-75.55299,10.36567],[-75.55292,10.36568],[-75.55285,10.3657],[-75.55279,10.36571],[-75.55272,10.36574],[-75.55266,10.36576],[-75.55259,10.36579],[-75.55253,10.36581],[-75.55245,10.36583],[-75.55238,10.36585],[-75.55232,10.36586],[-75.55225,10.36587],[-75.55218,10.36589],[-75.55209,10.36593],[-75.55201,10.36596],[-75.55193,10.366],[-75.55187,10.36603],[-75.55178,10.36605],[-75.55171,10.36607],[-75.55164,10.36608],[-75.55158,10.36609],[-75.55151,10.3661],[-75.55144,10.36611],[-75.55138,10.36615],[-75.55132,10.36616],[-75.55126,10.36613],[-75.55125,10.36606],[-75.55127,10.366],[-75.55127,10.36592],[-75.55121,10.36595],[-75.55119,10.36582],[-75.55119,10.36577],[-75.55113,10.36575],[-75.55106,10.36572],[-75.551,10.36571],[-75.55091,10.36567],[-75.55091,10.36561],[-75.55085,10.36558],[-75.55078,10.36556],[-75.55071,10.36556],[-75.55064,10.36556],[-75.55058,10.36556],[-75.55051,10.36557],[-75.55044,10.36557],[-75.55037,10.36556],[-75.5503,10.36555],[-75.55024,10.36554],[-75.55017,10.36553],[-75.5501,10.36555],[-75.55004,10.36557],[-75.54997,10.3656],[-75.54991,10.36562],[-75.54983,10.36561],[-75.54977,10.36561],[-75.5497,10.3656],[-75.54964,10.36562],[-75.54957,10.36563],[-75.54949,10.3657],[-75.54942,10.36561],[-75.54935,10.36561],[-75.54929,10.3656],[-75.54922,10.36559],[-75.54915,10.36558],[-75.54908,10.36557],[-75.54902,10.36555],[-75.54895,10.36553],[-75.5489,10.36548],[-75.54885,10.36544],[-75.5488,10.36539],[-75.54875,10.36534],[-75.54872,10.36529],[-75.54867,10.36521],[-75.54861,10.36516],[-75.54855,10.36512],[-75.54849,10.36508],[-75.54844,10.36505],[-75.54838,10.36501],[-75.54832,10.36499],[-75.54825,10.36496],[-75.54816,10.36493],[-75.54809,10.36492],[-75.54799,10.3649],[-75.54793,10.3649],[-75.54786,10.3649],[-75.54779,10.36491],[-75.54772,10.36492],[-75.54766,10.36489],[-75.5476,10.36487],[-75.54753,10.36485],[-75.54747,10.36484],[-75.5474,10.36484],[-75.54733,10.36484],[-75.54727,10.36485],[-75.5472,10.36486],[-75.54711,10.36489],[-75.54709,10.3648],[-75.54703,10.36477],[-75.54697,10.36477],[-75.5469,10.36477],[-75.54683,10.36477],[-75.54676,10.36477],[-75.54669,10.36478],[-75.54663,10.36478],[-75.54656,10.36479],[-75.54649,10.3648],[-75.54643,10.36478],[-75.54636,10.36476],[-75.5463,10.36474],[-75.54623,10.36472],[-75.54616,10.36472],[-75.5461,10.36472],[-75.54603,10.36471],[-75.54596,10.36469],[-75.5459,10.36468],[-75.54583,10.36466],[-75.54577,10.36466],[-75.5457,10.36466],[-75.54563,10.36466],[-75.54556,10.36466],[-75.5455,10.36465],[-75.54544,10.3646],[-75.54538,10.36458],[-75.54531,10.36457],[-75.54524,10.36456],[-75.54517,10.36455],[-75.54511,10.36455],[-75.54504,10.36454],[-75.54497,10.36454],[-75.5449,10.36454],[-75.54483,10.36454],[-75.54477,10.36454],[-75.5447,10.36453],[-75.54463,10.36453],[-75.54457,10.3645],[-75.54453,10.36444],[-75.54451,10.36438],[-75.54448,10.36433],[-75.54443,10.36424],[-75.54439,10.36419],[-75.54434,10.36413],[-75.5443,10.36409],[-75.54424,10.36404],[-75.54419,10.364],[-75.54413,10.36396],[-75.54407,10.36393],[-75.54401,10.3639],[-75.54394,10.36388],[-75.54386,10.36386],[-75.5438,10.36384],[-75.54373,10.36382],[-75.54366,10.3638],[-75.5436,10.36378],[-75.54352,10.36376],[-75.54345,10.36374],[-75.54338,10.36372],[-75.54332,10.36371],[-75.54325,10.36368],[-75.54319,10.36365],[-75.54312,10.36359],[-75.54312,10.36351],[-75.54303,10.36343],[-75.54298,10.36338],[-75.54293,10.36333],[-75.54288,10.36329],[-75.54282,10.36326],[-75.54275,10.36325],[-75.54268,10.36325],[-75.54262,10.36325],[-75.54255,10.36323],[-75.54249,10.3632],[-75.54242,10.36318],[-75.54235,10.36317],[-75.54228,10.36316],[-75.54221,10.36315],[-75.54215,10.36314],[-75.54208,10.36312],[-75.54211,10.36306],[-75.54211,10.36299],[-75.54207,10.36294],[-75.54202,10.36289],[-75.54196,10.36285],[-75.5419,10.36282],[-75.54184,10.36278],[-75.54177,10.36276],[-75.54171,10.36274],[-75.54164,10.36273],[-75.54157,10.36272],[-75.54155,10.3622],[-75.5413,10.36172],[-75.54239,10.36129],[-75.54368,10.36171],[-75.54498,10.36189],[-75.54611,10.36185],[-75.5467,10.36177],[-75.54774,10.36207],[-75.54815,10.3625],[-75.54914,10.36285],[-75.55016,10.3634],[-75.55122,10.3634],[-75.55213,10.36372],[-75.55268,10.36359],[-75.55298,10.36318],[-75.55375,10.36329],[-75.55394,10.36372],[-75.5544,10.36391],[-75.55509,10.36405],[-75.55536,10.36448],[-75.55621,10.36443],[-75.55687,10.36497],[-75.55723,10.36478]]]}},{"type":"Feature","properties":{"FID":197,"CODIGO":"8651","NOMBRE":"MANZANILLO DEL MAR","UCG":20,"LOC":"LV","ZONA":"La Boquilla","Shape__Area":161737.7431640625,"Shape__Length":1824.713544938956},"geometry":{"type":"Polygon","coordinates":[[[-75.49822,10.51726],[-75.49784,10.5171],[-75.49758,10.51698],[-75.49721,10.51686],[-75.49689,10.51669],[-75.4963,10.51679],[-75.49629,10.51643],[-75.49583,10.51621],[-75.49527,10.51635],[-75.49494,10.5163],[-75.4949,10.51621],[-75.49388,10.51583],[-75.49484,10.51524],[-75.49517,10.51499],[-75.49578,10.51459],[-75.496,10.51448],[-75.49648,10.51424],[-75.49701,10.51406],[-75.49719,10.514],[-75.49764,10.51389],[-75.49788,10.51389],[-75.49816,10.51364],[-75.49834,10.51332],[-75.49855,10.51342],[-75.49876,10.51337],[-75.49915,10.51342],[-75.49956,10.5134],[-75.49991,10.51401],[-75.50002,10.51416],[-75.50001,10.51438],[-75.49985,10.51481],[-75.49959,10.51512],[-75.49945,10.5153],[-75.49938,10.51553],[-75.49916,10.51581],[-75.49849,10.51737],[-75.49822,10.51726]]]}},{"type":"Feature","properties":{"FID":198,"CODIGO":"8652","NOMBRE":"TIERRA BAJA","UCG":20,"LOC":"LV","ZONA":"La Boquilla","Shape__Area":310561.2099609375,"Shape__Length":3872.969635497454},"geometry":{"type":"Polygon","coordinates":[[[-75.47187,10.49392],[-75.47308,10.49227],[-75.47369,10.49138],[-75.47421,10.4907],[-75.47504,10.48949],[-75.47458,10.4893],[-75.47438,10.48533],[-75.47578,10.48511],[-75.4762,10.48599],[-75.47604,10.48617],[-75.47722,10.48747],[-75.4777,10.48856],[-75.4779,10.48858],[-75.47814,10.48903],[-75.478,10.48924],[-75.47811,10.48949],[-75.47778,10.48969],[-75.47796,10.49009],[-75.47826,10.49121],[-75.47637,10.49183],[-75.47613,10.4912],[-75.47555,10.49121],[-75.47527,10.49112],[-75.4742,10.49254],[-75.47391,10.49277],[-75.47247,10.49485],[-75.47219,10.49536],[-75.4707,10.49751],[-75.47034,10.49742],[-75.47034,10.4969],[-75.47037,10.49661],[-75.47187,10.49392]]]}},{"type":"Feature","properties":{"FID":199,"CODIGO":"8653","NOMBRE":"PUERTO REY","UCG":20,"LOC":"LV","ZONA":"La Boquilla","Shape__Area":225438.4658203125,"Shape__Length":2485.7386283307364},"geometry":{"type":"Polygon","coordinates":[[[-75.46108,10.48423],[-75.46126,10.48249],[-75.46106,10.48099],[-75.46125,10.48027],[-75.46079,10.4801],[-75.46053,10.47963],[-75.46068,10.47926],[-75.46056,10.47898],[-75.45914,10.4784],[-75.45904,10.47832],[-75.45947,10.47775],[-75.46079,10.47808],[-75.46188,10.47848],[-75.46232,10.4789],[-75.46271,10.47851],[-75.46314,10.47877],[-75.4628,10.47933],[-75.46261,10.47971],[-75.46297,10.47984],[-75.46327,10.48002],[-75.46352,10.48008],[-75.4637,10.48034],[-75.46377,10.48057],[-75.46417,10.48055],[-75.46477,10.48286],[-75.46464,10.48333],[-75.46447,10.48384],[-75.46291,10.48407],[-75.46108,10.48423]]]}},{"type":"Feature","properties":{"FID":200,"CODIGO":"8200","NOMBRE":"PONTEZUELA","UCG":20,"LOC":"LV","ZONA":"Pontezuela","Shape__Area":288174.16796875,"Shape__Length":2906.687152507972},"geometry":{"type":"Polygon","coordinates":[[[-75.43798,10.54616],[-75.43795,10.54566],[-75.438,10.54521],[-75.43805,10.54478],[-75.43802,10.54441],[-75.43667,10.5444],[-75.43678,10.5436],[-75.43686,10.54296],[-75.43702,10.54272],[-75.43766,10.54286],[-75.43783,10.54239],[-75.43777,10.54233],[-75.43788,10.54197],[-75.43821,10.54169],[-75.43771,10.541],[-75.43735,10.54056],[-75.43751,10.54048],[-75.43776,10.54049],[-75.43815,10.54052],[-75.43869,10.54056],[-75.43893,10.54085],[-75.43897,10.54123],[-75.43881,10.54145],[-75.43923,10.54135],[-75.43943,10.54148],[-75.43957,10.5416],[-75.43965,10.54174],[-75.4397,10.54163],[-75.43978,10.54152],[-75.44012,10.54126],[-75.44031,10.54137],[-75.44071,10.54093],[-75.44118,10.54119],[-75.44149,10.54156],[-75.44176,10.54208],[-75.44201,10.54247],[-75.44148,10.5439],[-75.44235,10.54393],[-75.44216,10.5445],[-75.44202,10.54494],[-75.44209,10.54516],[-75.44267,10.54577],[-75.44184,10.54657],[-75.44113,10.54583],[-75.4406,10.54574],[-75.44029,10.54666],[-75.43798,10.54616]]]}},{"type":"Feature","properties":{"FID":201,"CODIGO":"8250","NOMBRE":"BAYUNCA","UCG":20,"LOC":"LV","ZONA":"Bayunca\n","Shape__Area":1472023.5771484375,"Shape__Length":9570.915709787005},"geometry":{"type":"Polygon","coordinates":[[[-75.38924,10.53898],[-75.38864,10.53817],[-75.38765,10.53603],[-75.38868,10.53572],[-75.38911,10.53612],[-75.38943,10.5366],[-75.38967,10.53678],[-75.38924,10.53544],[-75.3894,10.53531],[-75.38946,10.53521],[-75.38974,10.53504],[-75.38974,10.53494],[-75.39034,10.53441],[-75.39088,10.53418],[-75.3937,10.53496],[-75.3949,10.53536],[-75.39531,10.53467],[-75.3924,10.53004],[-75.39159,10.52932],[-75.39142,10.52714],[-75.39064,10.52329],[-75.39132,10.52424],[-75.39194,10.52687],[-75.39212,10.52827],[-75.39341,10.53065],[-75.39382,10.53125],[-75.39573,10.53087],[-75.39663,10.53054],[-75.39698,10.53036],[-75.39756,10.53061],[-75.39766,10.5302],[-75.39857,10.52764],[-75.39901,10.52754],[-75.39976,10.52807],[-75.40015,10.52932],[-75.39998,10.52979],[-75.40023,10.53022],[-75.40045,10.53068],[-75.4011,10.52974],[-75.4015,10.52927],[-75.40263,10.53005],[-75.40325,10.53099],[-75.40487,10.53209],[-75.4049,10.5325],[-75.4046,10.53306],[-75.40323,10.53333],[-75.4028,10.53484],[-75.40178,10.53412],[-75.40165,10.53635],[-75.40223,10.53648],[-75.40228,10.53709],[-75.40101,10.53731],[-75.4003,10.53734],[-75.40037,10.53742],[-75.40138,10.53892],[-75.4019,10.53926],[-75.40197,10.5395],[-75.40189,10.53964],[-75.40136,10.53974],[-75.40135,10.53947],[-75.40131,10.53927],[-75.40116,10.53927],[-75.40105,10.53957],[-75.4006,10.53964],[-75.40038,10.53977],[-75.39903,10.54015],[-75.39889,10.53925],[-75.39867,10.53875],[-75.39806,10.53922],[-75.39761,10.53957],[-75.39747,10.53961],[-75.39717,10.53957],[-75.39693,10.53928],[-75.39675,10.53898],[-75.39647,10.5391],[-75.39629,10.53921],[-75.39618,10.53919],[-75.39617,10.5393],[-75.39619,10.53948],[-75.39572,10.53973],[-75.39567,10.5398],[-75.39558,10.53991],[-75.39557,10.54017],[-75.39498,10.54045],[-75.39389,10.54072],[-75.39334,10.5405],[-75.39317,10.54058],[-75.39293,10.54047],[-75.39262,10.54122],[-75.39225,10.54125],[-75.39192,10.54087],[-75.39147,10.54036],[-75.39115,10.53967],[-75.39112,10.53924],[-75.39047,10.53957],[-75.38967,10.53967],[-75.38924,10.53898]]]}},{"type":"Feature","properties":{"FID":202,"CODIGO":"8150","NOMBRE":"ARROYO GRANDE","UCG":20,"LOC":"LV","ZONA":"Arroyo Grande\n","Shape__Area":609191.138671875,"Shape__Length":3973.0384965889907},"geometry":{"type":"Polygon","coordinates":[[[-75.35088,10.65406],[-75.35071,10.65446],[-75.35102,10.6547],[-75.35125,10.65537],[-75.35142,10.65557],[-75.35239,10.65771],[-75.35172,10.65852],[-75.34909,10.65897],[-75.34832,10.65939],[-75.34627,10.65983],[-75.34543,10.66004],[-75.34438,10.6603],[-75.34354,10.66068],[-75.34387,10.66019],[-75.34417,10.66002],[-75.34411,10.65994],[-75.34413,10.65924],[-75.34432,10.6589],[-75.34446,10.65874],[-75.34425,10.65875],[-75.34401,10.65848],[-75.34352,10.65822],[-75.3438,10.65777],[-75.34398,10.65722],[-75.34431,10.65676],[-75.34427,10.65655],[-75.34463,10.65531],[-75.34354,10.65509],[-75.34388,10.65406],[-75.34598,10.65467],[-75.34605,10.65428],[-75.34613,10.65423],[-75.34612,10.65411],[-75.3462,10.65397],[-75.34615,10.65387],[-75.34615,10.65357],[-75.34609,10.65326],[-75.34634,10.65315],[-75.3469,10.65364],[-75.34703,10.65344],[-75.34705,10.65305],[-75.3474,10.65264],[-75.34786,10.65209],[-75.34799,10.65191],[-75.34825,10.65187],[-75.34852,10.65193],[-75.3487,10.65147],[-75.34909,10.65166],[-75.34943,10.65157],[-75.34975,10.65152],[-75.35001,10.65208],[-75.34988,10.65226],[-75.35024,10.65224],[-75.35093,10.65299],[-75.35123,10.65354],[-75.35071,10.65375],[-75.35061,10.65391],[-75.35088,10.65406]]]}},{"type":"Feature","properties":{"FID":203,"CODIGO":"8700","NOMBRE":"ARROYO DE PIEDRA","UCG":20,"LOC":"LV","ZONA":"Arroyo de Piedra\n","Shape__Area":435143.544921875,"Shape__Length":3688.188048866054},"geometry":{"type":"Polygon","coordinates":[[[-75.44538,10.61223],[-75.4451,10.61212],[-75.44478,10.61214],[-75.44459,10.61205],[-75.44475,10.6119],[-75.44459,10.61155],[-75.4447,10.61153],[-75.44464,10.61144],[-75.44444,10.61136],[-75.44421,10.61133],[-75.44413,10.61105],[-75.44407,10.61069],[-75.44404,10.61036],[-75.44396,10.61012],[-75.44395,10.60968],[-75.44416,10.60937],[-75.44454,10.60952],[-75.44468,10.60945],[-75.44486,10.60943],[-75.44445,10.60897],[-75.4437,10.60731],[-75.44357,10.60595],[-75.44382,10.60401],[-75.44447,10.60402],[-75.44619,10.60611],[-75.4462,10.60635],[-75.44721,10.60712],[-75.44773,10.60668],[-75.4486,10.60659],[-75.44878,10.60525],[-75.44924,10.60508],[-75.44952,10.60574],[-75.45031,10.6104],[-75.44971,10.61127],[-75.44928,10.61106],[-75.44958,10.61058],[-75.44931,10.61036],[-75.44884,10.6106],[-75.44859,10.61078],[-75.4488,10.61121],[-75.44874,10.61125],[-75.4485,10.61124],[-75.44839,10.61106],[-75.44827,10.61094],[-75.44838,10.61127],[-75.44813,10.61136],[-75.44801,10.61145],[-75.44776,10.61156],[-75.44747,10.61168],[-75.44738,10.61167],[-75.44727,10.61166],[-75.44684,10.61151],[-75.44654,10.6115],[-75.44633,10.61146],[-75.44625,10.61182],[-75.44614,10.61188],[-75.44593,10.61194],[-75.44578,10.61204],[-75.4457,10.61196],[-75.44564,10.61206],[-75.44538,10.61223]]]}},{"type":"Feature","properties":{"FID":204,"CODIGO":"8151","NOMBRE":"ARROYO DE LAS CANOAS","UCG":20,"LOC":"LV","ZONA":"Arroyo Grande\n","Shape__Area":85622.224609375,"Shape__Length":1797.7133741496466},"geometry":{"type":"Polygon","coordinates":[[[-75.4069,10.64096],[-75.40697,10.64119],[-75.40664,10.64118],[-75.406,10.64163],[-75.40602,10.6421],[-75.40542,10.64209],[-75.40484,10.64157],[-75.40442,10.64179],[-75.40431,10.64114],[-75.40467,10.64068],[-75.40548,10.64005],[-75.40542,10.63986],[-75.40659,10.63924],[-75.40819,10.63867],[-75.4084,10.63876],[-75.41004,10.63824],[-75.41013,10.63862],[-75.40718,10.63994],[-75.40718,10.64004],[-75.40686,10.64031],[-75.4071,10.64065],[-75.4069,10.64096]]]}},{"type":"Feature","properties":{"FID":205,"CODIGO":"8650","NOMBRE":"LA BOQUILLA","UCG":20,"LOC":"LV","ZONA":"La Boquilla","Shape__Area":2059079.142578125,"Shape__Length":13921.756667279016},"geometry":{"type":"Polygon","coordinates":[[[-75.50971,10.45699],[-75.50881,10.45821],[-75.50769,10.45975],[-75.50595,10.46169],[-75.50411,10.46392],[-75.50183,10.46667],[-75.50094,10.46813],[-75.50075,10.46885],[-75.49964,10.47039],[-75.4987,10.47172],[-75.49706,10.47469],[-75.49621,10.47647],[-75.49554,10.47766],[-75.4952,10.47832],[-75.49325,10.48273],[-75.49251,10.48527],[-75.49197,10.48643],[-75.49182,10.48805],[-75.49201,10.48899],[-75.493,10.49203],[-75.49336,10.49278],[-75.4937,10.49312],[-75.49469,10.49404],[-75.49522,10.49468],[-75.49604,10.49532],[-75.49676,10.4959],[-75.49773,10.4963],[-75.4993,10.49725],[-75.49892,10.49817],[-75.49845,10.49782],[-75.49757,10.49812],[-75.4967,10.49851],[-75.49585,10.49947],[-75.49621,10.49847],[-75.4968,10.49791],[-75.49661,10.49761],[-75.4956,10.49725],[-75.49549,10.49633],[-75.49507,10.49594],[-75.49197,10.494],[-75.49146,10.49325],[-75.49095,10.49301],[-75.49034,10.49241],[-75.49059,10.49195],[-75.49036,10.49147],[-75.48979,10.49015],[-75.48956,10.4888],[-75.48909,10.48634],[-75.48852,10.48559],[-75.4877,10.48502],[-75.48757,10.48515],[-75.48729,10.48515],[-75.48645,10.48436],[-75.48793,10.4814],[-75.4893,10.47903],[-75.48981,10.47833],[-75.49131,10.47685],[-75.49294,10.47521],[-75.49308,10.47495],[-75.49342,10.47396],[-75.49368,10.47347],[-75.49422,10.47304],[-75.49456,10.47238],[-75.49479,10.47183],[-75.49501,10.47146],[-75.49526,10.47095],[-75.49556,10.47039],[-75.49602,10.46965],[-75.49674,10.4689],[-75.49742,10.46841],[-75.49815,10.46823],[-75.49925,10.46691],[-75.50141,10.4646],[-75.50342,10.46238],[-75.50431,10.46137],[-75.50473,10.46086],[-75.50301,10.46109],[-75.50261,10.46112],[-75.50234,10.46103],[-75.5024,10.46082],[-75.5027,10.46054],[-75.5031,10.4603],[-75.5035,10.4603],[-75.50403,10.46018],[-75.5042,10.45996],[-75.50416,10.45945],[-75.50397,10.45898],[-75.50365,10.45821],[-75.50378,10.45776],[-75.50405,10.4575],[-75.50416,10.45684],[-75.5043,10.45605],[-75.50468,10.45549],[-75.50469,10.45507],[-75.50475,10.4541],[-75.50471,10.45357],[-75.50494,10.45301],[-75.50553,10.45239],[-75.50971,10.45699]]]}},{"type":"Feature","properties":{"FID":206,"CODIGO":"8152","NOMBRE":"LAS EUROPAS","UCG":20,"LOC":"LV","ZONA":"Arroyo Grande\n","Shape__Area":63565.138671875,"Shape__Length":1299.1779059366827},"geometry":{"type":"Polygon","coordinates":[[[-75.32319,10.67456],[-75.32241,10.67418],[-75.32289,10.67386],[-75.32316,10.67334],[-75.32296,10.6728],[-75.32271,10.67243],[-75.32287,10.67227],[-75.32272,10.67191],[-75.32304,10.67171],[-75.32403,10.67225],[-75.32435,10.67154],[-75.32451,10.67146],[-75.32491,10.67118],[-75.32531,10.67158],[-75.32504,10.67188],[-75.32528,10.67213],[-75.32497,10.67252],[-75.32506,10.67265],[-75.32463,10.67332],[-75.32451,10.6737],[-75.32458,10.67398],[-75.32346,10.67439],[-75.32319,10.67456]]]}},{"type":"Feature","properties":{"FID":207,"CODIGO":"8300","NOMBRE":"PUNTA CANOA","UCG":20,"LOC":"LV","ZONA":"Punta Canoa\n","Shape__Area":248892.0439453125,"Shape__Length":3164.6487584370075},"geometry":{"type":"Polygon","coordinates":[[[-75.50211,10.55562],[-75.50224,10.55604],[-75.50243,10.55636],[-75.50266,10.55651],[-75.50284,10.55665],[-75.50305,10.55671],[-75.50316,10.55686],[-75.50335,10.55707],[-75.50341,10.55733],[-75.50385,10.55759],[-75.50397,10.55799],[-75.50369,10.55803],[-75.50328,10.55784],[-75.50295,10.55802],[-75.50253,10.55809],[-75.50238,10.558],[-75.50223,10.55785],[-75.50204,10.55782],[-75.50196,10.55814],[-75.50189,10.55856],[-75.50146,10.55945],[-75.50123,10.55939],[-75.501,10.55993],[-75.50082,10.56],[-75.50025,10.56108],[-75.50022,10.5615],[-75.50012,10.56182],[-75.49972,10.56181],[-75.50011,10.56049],[-75.49973,10.56045],[-75.49999,10.55959],[-75.49884,10.55912],[-75.49894,10.55873],[-75.49928,10.55836],[-75.49898,10.55822],[-75.49885,10.55841],[-75.49835,10.55822],[-75.49929,10.55707],[-75.49864,10.55652],[-75.49857,10.55633],[-75.49755,10.55556],[-75.49767,10.55513],[-75.49761,10.55462],[-75.49692,10.55413],[-75.49724,10.55365],[-75.49792,10.55418],[-75.49846,10.5546],[-75.49858,10.55446],[-75.49868,10.55447],[-75.499,10.5546],[-75.49961,10.55497],[-75.50018,10.5551],[-75.5006,10.55509],[-75.50092,10.55502],[-75.5013,10.55517],[-75.50133,10.55518],[-75.50177,10.55534],[-75.50178,10.55545],[-75.50186,10.55552],[-75.50194,10.55553],[-75.50203,10.55557],[-75.50211,10.55562]]]}},{"type":"Feature","properties":{"FID":208,"CODIGO":"8750","NOMBRE":"ISLAS DEL ROSARIO","UCG":20,"LOC":"LH","ZONA":"Islas del Rosario","Shape__Area":72910.2265625,"Shape__Length":1203.3292834045617},"geometry":{"type":"Polygon","coordinates":[[[-75.74406,10.17756],[-75.74346,10.17764],[-75.74314,10.17766],[-75.74287,10.17781],[-75.74278,10.17803],[-75.74259,10.17781],[-75.74232,10.17756],[-75.74203,10.1775],[-75.74181,10.1778],[-75.74143,10.17771],[-75.7412,10.17761],[-75.74074,10.17752],[-75.74032,10.17747],[-75.74065,10.17716],[-75.74071,10.17676],[-75.74095,10.17637],[-75.74147,10.17605],[-75.74202,10.17587],[-75.74259,10.17562],[-75.74276,10.17544],[-75.74315,10.17538],[-75.74323,10.17559],[-75.74379,10.17583],[-75.74376,10.17614],[-75.74376,10.17674],[-75.74394,10.17697],[-75.74406,10.17756]]]}},{"type":"Feature","properties":{"FID":209,"CODIGO":"8850","NOMBRE":"ARCHIPIELAGO SAN BERNARDO","UCG":20,"LOC":"LH","ZONA":"Arch. de San Bernardo","Shape__Area":314728.2919921875,"Shape__Length":2501.884051724967},"geometry":{"type":"Polygon","coordinates":[[[-75.87534,9.78325],[-75.87502,9.78337],[-75.87497,9.78342],[-75.8749,9.78341],[-75.87468,9.78341],[-75.87457,9.78338],[-75.87436,9.78334],[-75.87409,9.7834],[-75.87391,9.78348],[-75.8739,9.78329],[-75.87378,9.78312],[-75.87362,9.78306],[-75.87352,9.78292],[-75.87335,9.78292],[-75.87321,9.78307],[-75.87314,9.78324],[-75.87313,9.78332],[-75.87312,9.78345],[-75.87292,9.7835],[-75.87279,9.78361],[-75.87272,9.78366],[-75.87268,9.78367],[-75.87255,9.78375],[-75.87236,9.78384],[-75.87227,9.78377],[-75.87211,9.78377],[-75.87201,9.78379],[-75.87194,9.78384],[-75.87185,9.78388],[-75.87168,9.78391],[-75.87154,9.78391],[-75.87156,9.78385],[-75.87156,9.78377],[-75.87151,9.78375],[-75.87151,9.78366],[-75.87146,9.78363],[-75.87133,9.78361],[-75.87093,9.78358],[-75.8709,9.78366],[-75.87093,9.78376],[-75.87091,9.78383],[-75.87095,9.78387],[-75.87095,9.78399],[-75.87018,9.78396],[-75.87011,9.78392],[-75.8699,9.78393],[-75.86973,9.78386],[-75.86957,9.78367],[-75.86967,9.78369],[-75.86967,9.78365],[-75.86954,9.78346],[-75.86938,9.78336],[-75.86932,9.78321],[-75.86926,9.78303],[-75.8691,9.78286],[-75.86901,9.78271],[-75.86893,9.78254],[-75.86882,9.78247],[-75.86877,9.78227],[-75.86876,9.7821],[-75.86862,9.78172],[-75.86857,9.78147],[-75.8686,9.78129],[-75.86867,9.78108],[-75.86877,9.78086],[-75.8689,9.78064],[-75.8691,9.78049],[-75.86929,9.7805],[-75.86945,9.78047],[-75.86966,9.78039],[-75.86984,9.78039],[-75.8701,9.7803],[-75.87038,9.78029],[-75.87058,9.78025],[-75.87074,9.78024],[-75.87111,9.78022],[-75.87149,9.78007],[-75.87199,9.77993],[-75.87263,9.77986],[-75.87303,9.77985],[-75.87337,9.7799],[-75.87363,9.77987],[-75.87414,9.77985],[-75.87435,9.77979],[-75.8744,9.77983],[-75.87449,9.77981],[-75.87458,9.77971],[-75.87467,9.77971],[-75.87491,9.7797],[-75.87499,9.77966],[-75.87501,9.77955],[-75.87506,9.77952],[-75.87518,9.77965],[-75.87553,9.77983],[-75.87574,9.77988],[-75.87593,9.77983],[-75.87616,9.78018],[-75.87623,9.78046],[-75.87623,9.7807],[-75.87622,9.78083],[-75.87612,9.78123],[-75.87602,9.78152],[-75.8759,9.78173],[-75.87588,9.78208],[-75.87588,9.78235],[-75.87586,9.7826],[-75.87577,9.78281],[-75.8756,9.78306],[-75.87549,9.78318],[-75.87534,9.78325]]]}},{"type":"Feature","properties":{"FID":210,"CODIGO":"8800","NOMBRE":"ISLA FUERTE","UCG":20,"LOC":"LH","ZONA":"Isla Fuerte","Shape__Area":128058.3232421875,"Shape__Length":2198.325930679215},"geometry":{"type":"Polygon","coordinates":[[[-76.17778,9.38165],[-76.17779,9.38134],[-76.17767,9.38119],[-76.17766,9.38104],[-76.17776,9.38085],[-76.17754,9.38067],[-76.17746,9.38077],[-76.17731,9.38081],[-76.17713,9.38029],[-76.17734,9.38003],[-76.17764,9.38],[-76.17785,9.3797],[-76.17781,9.37964],[-76.17783,9.3796],[-76.17794,9.37941],[-76.17803,9.37929],[-76.17803,9.37924],[-76.17801,9.37921],[-76.17792,9.37914],[-76.17796,9.37907],[-76.17806,9.37913],[-76.1781,9.37907],[-76.17814,9.37891],[-76.17809,9.37883],[-76.17814,9.37872],[-76.17834,9.3786],[-76.17849,9.37852],[-76.17852,9.37845],[-76.1786,9.3782],[-76.17869,9.37768],[-76.17887,9.37771],[-76.17883,9.37801],[-76.17894,9.37804],[-76.17897,9.37822],[-76.17912,9.37825],[-76.17939,9.37849],[-76.1794,9.37883],[-76.17943,9.37916],[-76.17954,9.37928],[-76.17973,9.37938],[-76.18014,9.37923],[-76.18042,9.37907],[-76.18077,9.37926],[-76.18072,9.37953],[-76.18056,9.37967],[-76.18014,9.37977],[-76.18014,9.3799],[-76.18029,9.37992],[-76.18051,9.37994],[-76.18065,9.38004],[-76.18069,9.38015],[-76.18085,9.38019],[-76.18087,9.38035],[-76.18095,9.38048],[-76.18104,9.38052],[-76.18105,9.38072],[-76.18055,9.38078],[-76.18049,9.38131],[-76.18052,9.3814],[-76.1805,9.38207],[-76.18057,9.38244],[-76.17971,9.38262],[-76.17956,9.38246],[-76.1796,9.38222],[-76.17918,9.38194],[-76.17916,9.38202],[-76.17896,9.3821],[-76.17886,9.3819],[-76.17892,9.38179],[-76.17866,9.38141],[-76.17865,9.38142],[-76.17842,9.38185],[-76.17863,9.38224],[-76.17825,9.38255],[-76.17792,9.3827],[-76.17793,9.38192],[-76.17778,9.38165]]]}},{"type":"Feature","properties":{"FID":211,"CODIGO":"8654","NOMBRE":"ZAPATERO","UCG":20,"LOC":"LV","ZONA":"La Boquilla","Shape__Area":15492.2099609375,"Shape__Length":669.3415165233371},"geometry":{"type":"Polygon","coordinates":[[[-75.44613,10.45947],[-75.44522,10.46037],[-75.44491,10.46076],[-75.44495,10.46101],[-75.44464,10.46095],[-75.4443,10.46101],[-75.44436,10.46075],[-75.44461,10.46046],[-75.44474,10.46019],[-75.44481,10.4599],[-75.4451,10.45959],[-75.44543,10.4593],[-75.44569,10.45905],[-75.44588,10.45916],[-75.44578,10.45936],[-75.44613,10.45947]]]}},{"type":"Feature","properties":{"FID":212,"CODIGO":"1959","NOMBRE":"OLAYA ST. LA PUNTILLA","UCG":6,"LOC":"LV","ZONA":"UCG 6","Shape__Area":41964.630859375,"Shape__Length":1310.4585676857796},"geometry":{"type":"Polygon","coordinates":[[[-75.48108,10.4065],[-75.48113,10.40651],[-75.48103,10.40723],[-75.48051,10.41025],[-75.48038,10.4108],[-75.4804,10.41042],[-75.48033,10.41052],[-75.48024,10.4107],[-75.48013,10.41082],[-75.48006,10.41089],[-75.47991,10.41094],[-75.47981,10.41094],[-75.47976,10.41083],[-75.47972,10.41047],[-75.47972,10.41021],[-75.47975,10.40996],[-75.47964,10.41001],[-75.47951,10.41013],[-75.47949,10.41014],[-75.47946,10.41019],[-75.47943,10.41022],[-75.47941,10.41023],[-75.47938,10.41023],[-75.47937,10.4102],[-75.47938,10.41018],[-75.47938,10.41015],[-75.47937,10.41014],[-75.47934,10.41015],[-75.47932,10.41016],[-75.4793,10.41015],[-75.47973,10.40913],[-75.4803,10.4078],[-75.48046,10.40731],[-75.48072,10.40651],[-75.48074,10.40644],[-75.48108,10.4065]]]}},{"type":"Feature","properties":{"FID":213,"CODIGO":"1960","NOMBRE":"OLAYA ST. PLAYA BLANCA","UCG":6,"LOC":"LV","ZONA":"UCG 6","Shape__Area":171727.2275390625,"Shape__Length":2424.1428639784344},"geometry":{"type":"Polygon","coordinates":[[[-75.47747,10.40909],[-75.47763,10.40884],[-75.47785,10.40843],[-75.47762,10.40827],[-75.47721,10.40759],[-75.47689,10.40716],[-75.47704,10.40679],[-75.47748,10.40699],[-75.47783,10.40721],[-75.47822,10.40662],[-75.47805,10.4065],[-75.47824,10.40611],[-75.47803,10.40601],[-75.47818,10.40565],[-75.47839,10.40522],[-75.47828,10.40515],[-75.47837,10.40503],[-75.47697,10.40443],[-75.47721,10.40387],[-75.47788,10.40408],[-75.47836,10.40428],[-75.47877,10.40453],[-75.47895,10.40469],[-75.48042,10.40586],[-75.48062,10.40596],[-75.48103,10.40609],[-75.48118,10.40611],[-75.48113,10.40651],[-75.48108,10.4065],[-75.48074,10.40644],[-75.48072,10.40651],[-75.48072,10.40651],[-75.48046,10.40731],[-75.4803,10.4078],[-75.47973,10.40913],[-75.4793,10.41015],[-75.47929,10.41012],[-75.47927,10.41014],[-75.47925,10.41024],[-75.47919,10.41047],[-75.47899,10.41046],[-75.47877,10.41067],[-75.4785,10.41061],[-75.47826,10.41062],[-75.47804,10.41064],[-75.47809,10.41029],[-75.47816,10.41],[-75.47827,10.40961],[-75.47775,10.40927],[-75.47747,10.40909]]]}}]}